<?xml version="1.0" encoding="UTF-8"?>
<beans default-init-method="init"
  xmlns="http://www.springframework.org/schema/beans"
       xmlns:xsi="http://www.w3.org/2001/XMLSchema-instance"
       xmlns:aop="http://www.springframework.org/schema/aop"
       xmlns:tx="http://www.springframework.org/schema/tx"
       xmlns:flow="http://www.springframework.org/schema/webflow-config"
     xmlns:jee="http://www.springframework.org/schema/jee"
       xmlns:util="http://www.springframework.org/schema/util"
       xsi:schemaLocation="
           http://www.springframework.org/schema/beans
           http://www.springframework.org/schema/beans/spring-beans-3.0.xsd
       http://www.springframework.org/schema/jee 
           http://www.springframework.org/schema/jee/spring-jee-3.0.xsd
           http://www.springframework.org/schema/util 
           http://www.springframework.org/schema/util/spring-util-3.0.xsd"> 


<bean id="stgSecurityServiceWithTripleDES" class="au.com.stgeorge.security.impl.StgSecurityServiceImpl">
    <property name="signing">
	      <ref local="signing" />
    </property>
    <property name="encryption">
	      <ref local="encryptionWithTripleDES" />
    </property>
</bean>

<bean id="stgSecurityServiceWithAES" class="au.com.stgeorge.security.impl.StgSecurityServiceImpl">
    <property name="signing">
	      <ref local="signing" />
    </property>
    <property name="encryption">
	      <ref local="encryptionWithAES" />
    </property>
</bean>

<bean id="stgSecurityServiceCompressDataImpl" class="au.com.stgeorge.security.impl.StgSecurityServiceCompressDataImpl">
    <property name="signing">
	      <ref local="signing" />
    </property>
    <property name="encryption">
	      <ref local="encryptionWithAES" />
    </property>
</bean>

	
<bean id="signing" class="au.com.stgeorge.security.impl.SigningImpl">
  <property name="certPwdEncrypted" value="false"/>
</bean>

<bean id="encryptionWithTripleDES" class="au.com.stgeorge.security.impl.TripleDESEncryptor"></bean>
<bean id="encryptionWithAES" class="au.com.stgeorge.security.impl.AESEncryptor"></bean>


 <bean id="btEncryptionDigestService" class="au.com.stgeorge.ibank.businessobject.impl.EncryptionDigestServiceImpl">
	<property name="p12CertificateName" value="compasstobt.stgeorge.com.au.p12" />
	<property name="p12encryptedCertPwd" value="lPkUHRbTsTKum3wuXc0WxZlXOIjU1aUoMENcRFcM3jQ=" />
	<property name="p12CertficateAliasName" value="compass" />
	<!-- property name="encryptedSecretKey" value="lTZfXokzjb5RGP1/b61lzBP9krRxi+iXCLpYfT2V8c4="/ -->
	<property name="encryptedSecretKey" value="A2rK+m7sRTP/MSWV27CEK5lXOIjU1aUoMENcRFcM3jQ="/>
    <property name="stgSecurityService">
	      <ref local="stgSecurityServiceCompressDataImpl" />
    </property>
	<property name="requestParameters">
		<props>
			<prop key="RootNode">IDMInfo</prop>
			<!--  prop key="TargetResource">www.btsfl.com.au</prop -->
			<prop key="Channel">online</prop>
			<prop key="expiryinminutes">10</prop>
		</props>
	</property>
	<property name="encryptedFields">
		<list>
			<value>CustomerId</value>
			<value>ExtendedAccountNumber</value>
		</list>
	</property>
</bean>
<bean id="btJWTHelper"   class="au.com.stgeorge.ibank.util.JWTHelper">
	<property name="certificateName" value="compasstobtmobile.stgeorge.com.au.p12" /><!--online-dev.btfin.com.pfx-->
	<property name="encryptedCertPwd" value="lPkUHRbTsTKum3wuXc0WxZlXOIjU1aUoMENcRFcM3jQ=" /><!--dSAbAEWXz2/ysVbHYDrMd/UQyu9LBzc6gBUXKXxjOYE=-->
	<property name="algName" value="RS512" />
	<property name="pubCertificateName" value="compasstobtmobile.stgeorge.com.au.cer" />
	<property name="encryptionDigestService">
	      <ref local="btEncryptionDigestService" />
    </property>
	
</bean>

<bean id="mortgageJWTHelper"   class="au.com.stgeorge.ibank.util.JWTHelper">
	  <property name="certificateName" value="compasstodigitalmortgage.stgeorge.com.au.p12" />
	  <property name="encryptedCertPwd" value="lPkUHRbTsTKum3wuXc0WxZlXOIjU1aUoMENcRFcM3jQ="/>
      <property name="algName" value="RS512" />
      <property name="pubCertificateName" value="compasstobtmobile.stgeorge.com.au.cer" />
      <property name="encryptionDigestService">
            <ref local="mortgageExistingCustomerEncryptionDigestService" />
      </property>      
</bean>

<bean id="livePersonJWTHelper" class="au.com.stgeorge.ibank.util.JWTHelper">
		<property name="certificateName" value="compasstolivechatperson.stgeorge.com.au.p12" />
		<property name="encryptedCertPwd" value="lPkUHRbTsTKum3wuXc0WxZlXOIjU1aUoMENcRFcM3jQ=" />
		<property name="algName" value="RS256" />
		<property name="pubCertificateName" value="compasstolivechatperson.stgeorge.com.au.cer" />
		<property name="encryptionDigestService">
			<ref local="mortgageEncryptionDigestService" />
		</property>
	</bean>

<bean id="mortgageExistingCustomerEncryptionDigestService" class="au.com.stgeorge.ibank.businessobject.impl.EncryptionDigestServiceImpl">
	<property name="p12CertificateName" value="compasstodigitalmortgage.stgeorge.com.au.p12" />
	<property name="p12encryptedCertPwd" value="lPkUHRbTsTKum3wuXc0WxZlXOIjU1aUoMENcRFcM3jQ=" />

	<property name="p12CertficateAliasName" value="compass" />
	<property name="encryptedSecretKey" value="A2rK+m7sRTP/MSWV27CEK5lXOIjU1aUoMENcRFcM3jQ="/>
    <property name="stgSecurityService">
	      <ref local="stgSecurityServiceCompressDataImpl" />
    </property>	
	<property name="encryptedFields">
		<list>
			<value>CustomerId</value>			
		</list>
	</property>
</bean>

	<bean id="mortgageEncryptionDigestService" class="au.com.stgeorge.ibank.businessobject.impl.EncryptionDigestServiceImpl">
		<property name="p12CertificateName" value="compasstolivechatperson.stgeorge.com.au.p12" />
		<property name="p12encryptedCertPwd" value="lPkUHRbTsTKum3wuXc0WxZlXOIjU1aUoMENcRFcM3jQ=" />
		<property name="p12CertficateAliasName" value="compass" />
	
		<property name="encryptedSecretKey" value="A2rK+m7sRTP/MSWV27CEK5lXOIjU1aUoMENcRFcM3jQ="/>
    	<property name="stgSecurityService">
	    	  <ref local="stgSecurityServiceCompressDataImpl" />
    	</property>
    		
		<property name="encryptedFields">
			<list>
				<value>CustomerId</value>			
			</list>
		</property>
	</bean>

<bean id="hlsiEncryptionDigestService" class="au.com.stgeorge.ibank.businessobject.impl.EncryptionDigestServiceImpl">
	<property name="p12CertificateName" value="HLSI.p12" />
	<property name="p12encryptedCertPwd" value="KfIZuRCNvv/JKUoC1aHwbQ==" />
	<property name="p12CertficateAliasName" value="compass" />
	<property name="encryptedSecretKey" value="dTNymBugyH749MVyRzA/+KLbU8KWZIStOQLbL/DeAN8=" />
    <property name="stgSecurityService">
	      <ref local="stgSecurityServiceWithTripleDES" />
    </property>
	<property name="requestParameters">
		<props>
			<prop key="RootNode">Data</prop>
			<prop key="ExpiryTimeMinutes">10</prop>
		</props>
	</property>
	 <property name="encryptedFields">
		<list>
			<value>GCIS</value>
			<value>AccntNumber</value>
		</list>
	</property>
</bean>


<bean id="aceEncryptionDigestService" class="au.com.stgeorge.ibank.businessobject.impl.EncryptionDigestServiceImpl">
	<property name="compassKey" value="TGnfAoDzEd5LVmkonU5n2JlXOIjU1aUoMENcRFcM3jQ="/>
	<property name="compassIV" value="rd9+Odt6UqfZIECh13wFnJlXOIjU1aUoMENcRFcM3jQ="/>												
	<property name="encryptedSecretKey" value="m5UkzkCVuUWKht80sM1urZlXOIjU1aUoMENcRFcM3jQ=" />
	<!-- property name="p12CertificateName" value="compass_self_signed.p12" />
	<property name="p12encryptedCertPwd" value="B3JsHO88Lu2gEbqe+xnJAw==" / -->
        <property name="p12CertificateName" value="compasstoace.stgeorge.com.au.p12" />
	<property name="p12encryptedCertPwd" value="lPkUHRbTsTKum3wuXc0WxZlXOIjU1aUoMENcRFcM3jQ=" />
	<property name="p12CertficateAliasName" value="compass" />
    <property name="stgSecurityService">
	      <ref local="stgSecurityServiceWithAES" />
    </property>
	<property name="requestParameters">
		<props>
			<prop key="expmins">10</prop>
		</props>
	</property>

	<property name="encryptedFields">
		<list>
			<value>cis</value>
			<value>ghscis</value>
			<value>acctNum</value>
		</list>
	</property>
	<property name="paramDelimiter" value="," />

</bean>



<bean id="simpleDigestServiceWithAES" class="au.com.stgeorge.ibank.businessobject.impl.SimpleDigestServiceImpl">
 <property name="encryptedSecretKey" value="Mclq22NOMo6FFrCbkxwUgehqAoy5LEhdc2+asCUMZ7c=" />
    <property name="encryptionSrv">
       <ref local="encryptionWithAES" />
    </property>
</bean>


 <bean id="pinPointEncryptionDigestService" class="au.com.stgeorge.ibank.businessobject.impl.EncryptionDigestServiceImpl">
	<property name="p12CertificateName" value="compasstobt.stgeorge.com.au.p12" />
	<property name="p12encryptedCertPwd" value="lPkUHRbTsTKum3wuXc0WxZlXOIjU1aUoMENcRFcM3jQ=" />
	<property name="p12CertficateAliasName" value="compass" />
	<!-- property name="encryptedSecretKey" value="lTZfXokzjb5RGP1/b61lzBP9krRxi+iXCLpYfT2V8c4="/ -->
	<property name="encryptedSecretKey" value="A2rK+m7sRTP/MSWV27CEK5lXOIjU1aUoMENcRFcM3jQ="/>
    <property name="stgSecurityService">
	      <ref local="stgSecurityServiceCompressDataImpl" />
    </property>
	<property name="requestParameters">
		<props>
			<prop key="RootNode">IDMInfo</prop>
			<prop key="Channel">pinpoint</prop>
			<prop key="expiryinminutes">10</prop>
		</props>
	</property>
	<property name="encryptedFields">
		<list>
			<value>CustomerId</value>
			<value>CardNumber</value>
		</list>
	</property>
</bean>

<bean id="oaoEncryptionDigestService" class="au.com.stgeorge.ibank.businessobject.impl.EncryptionDigestServiceImpl">
 <property name="encryptedSecretKey" value="F7QIVbixU7j2ueRMn+A4j5lXOIjU1aUoMENcRFcM3jQ=" />
 <property name="p12CertificateName" value="compasstooaf.stgeorge.com.au.p12" />
 <property name="p12encryptedCertPwd" value="lPkUHRbTsTKum3wuXc0WxZlXOIjU1aUoMENcRFcM3jQ=" />
 <property name="p12CertficateAliasName" value="compass" />
    <property name="stgSecurityService">
       <ref local="stgSecurityServiceWithAES" />
    </property>
 <property name="requestParameters">
  <props>
   <prop key="RootNode">IDMInfo</prop>
   <prop key="expiryinminutes">10</prop>
  </props>
 </property>
 
 <property name="encryptedFields">
  <list>
   <value>gcis</value>
  </list>
 </property>
</bean>

<bean id="compassAuthEncryptionDigestService" class="au.com.stgeorge.ibank.businessobject.impl.EncryptionDigestServiceImpl">
 <property name="encryptedSecretKey" value="d5cv2ENxNlKSj0qyqdA9ZRGXVd13nrt7MX8Z87wAXn4=" /> 
 <property name="p12CertificateName" value="HLSI.p12" />
 <property name="p12encryptedCertPwd" value="KfIZuRCNvv/JKUoC1aHwbQ==" />
 <property name="p12CertficateAliasName" value="compass" />
    <property name="stgSecurityService">
       <ref local="stgSecurityServiceWithAES" />
    </property>
 <property name="requestParameters">
  <props>
   <prop key="RootNode">IDMInfo</prop>
   <prop key="expiryinminutes">99999999</prop>
  </props>
 </property>
 
 <property name="encryptedFields">
  <list>
   <value>gcis</value>
  </list>
 </property>
</bean>

<bean id="p2pencryptionServiceWithAES" class="au.com.stgeorge.ibank.businessobject.impl.SimpleDigestServiceImpl">
 <property name="encryptedSecretKey" value="Mclq22NOMo6FFrCbkxwUgehqAoy5LEhdc2+asCUMZ7c=" />
    <property name="encryptionSrv">
       <ref local="encryptionWithAES" />
    </property>
</bean>

<bean id="miBatchEncryptionServiceWithAES" class="au.com.stgeorge.ibank.businessobject.impl.SimpleDigestServiceImpl">
 <property name="encryptedSecretKey" value="Mclq22NOMo6FFrCbkxwUgehqAoy5LEhdc2+asCUMZ7c=" />
    <property name="encryptionSrv">
       <ref local="encryptionWithAES" />
    </property>
</bean>

<bean id="homeLoanEncryptionDigestService" class="au.com.stgeorge.ibank.businessobject.impl.EncryptionDigestServiceImpl">
	<property name="encryptedSecretKey" value="Jc06BH8P7ZbnB3/1Izz9EZlXOIjU1aUoMENcRFcM3jQ="  />
	<property name="p12CertificateName" value="compasstoclas.stgeorge.com.au.p12" />
	<property name="p12encryptedCertPwd" value="lPkUHRbTsTKum3wuXc0WxZlXOIjU1aUoMENcRFcM3jQ=" />
	<property name="p12CertficateAliasName" value="compass" />
    <property name="stgSecurityService">
	      <ref local="stgSecurityServiceWithAES" />
    </property>
	<property name="requestParameters">
		<props>
			<prop key="RootNode">IDMInfo</prop>
			<prop key="expiryinminutes">10</prop>
		</props>
	</property>

	<property name="encryptedFields">
		<list>
			<value>gcis</value>
		</list>
	</property>
	
</bean>
<bean id="gcisEncryptionDigestService" class="au.com.stgeorge.ibank.businessobject.impl.EncryptionDigestServiceImpl">
	<property name="p12CertificateName" value="compass-gciskey-prod.stg.com.p12" />
	<property name="p12encryptedCertPwd" value="v/H1g5biWk0ikX01NPnN/PUQyu9LBzc6gBUXKXxjOYE="/>
	<property name="p12CertficateAliasName" value="compass-gciskey-prod.stg.com"  />
	<property name="encryptedSecretKey" value="Wq8NVgDt/xC7hYfgymUXFA=="/>
    <property name="stgSecurityService">
	      <ref local="stgSecurityServiceWithAES" />
    </property>
	<property name="encryptedFields">
		<list>
			<value>gcis</value>
		</list>
	</property>
	<property name="paramDelimiter" value=" " />
</bean>
<bean id="switchingEncryptionDigestService" class="au.com.stgeorge.ibank.businessobject.impl.EncryptionDigestServiceImpl">
	<property name="p12CertificateName" value="compassswitching.stgeorge.com.au.p12" />
	<property name="p12encryptedCertPwd" value="lPkUHRbTsTKum3wuXc0WxZlXOIjU1aUoMENcRFcM3jQ=" />
	<property name="p12CertficateAliasName" value="compass" />
	<property name="encryptedSecretKey" value="sePwZUDt1CBraRz2fz4FQDH1vuh0gmHxdqYZGlDfmC8="/>
    <property name="stgSecurityService">
	      <ref local="stgSecurityServiceCompressDataImpl" />
    </property>
	<property name="requestParameters">
		<props>
			<prop key="RootNode">Data</prop>
			<prop key="Channel">online</prop>
			<prop key="expiryinminutes">999999</prop>
		</props>
	</property>
	<property name="encryptedFields">
		<list>
			<value>CustomerId</value>
			<value>Firstname</value>
            <value>Lastname</value>
            <value>emailAddress</value>
            <value>switchAccountNumber</value>
            <value>salaryAccountNumber</value>
		</list>
	</property>
</bean>
<bean id="switchingJWTHelper"   class="au.com.stgeorge.ibank.util.JWTHelper">
               <property name="certificateName" value="compassswitching.stgeorge.com.au.p12" />
               <property name="encryptedCertPwd" value="lPkUHRbTsTKum3wuXc0WxZlXOIjU1aUoMENcRFcM3jQ=" />
               <property name="algName" value="RS512" />
               <property name="encryptionDigestService">
                     <ref local="switchingEncryptionDigestService" />
    </property>
</bean>
<bean id="onlineRegJWTHelper"   class="au.com.stgeorge.ibank.util.JWTHelper">
     
      <property name="algName" value="RS512" />
      <property name="pubCertificateName" value="onlineregistration.stgeorge.com.au.cer" />
      <property name="encryptionDigestService">
                     <ref local="onlineRegEncryptionDigestService" />
    </property>
</bean>

<bean id="onlineRegEncryptionDigestService" class="au.com.stgeorge.ibank.businessobject.impl.EncryptionDigestServiceImpl">
	<property name="encryptedSecretKey" value="trVSzygk1LXPY5saQ3c2NPYbJWeuOhv8Dp8jFlaOlVo="/>
    <property name="stgSecurityService">
	      <ref local="stgSecurityServiceCompressDataImpl" />
    </property>
</bean>

<bean id="eCorrEncryptionDigestService" class="au.com.stgeorge.ibank.businessobject.impl.EncryptionDigestServiceImpl">
      <property name="p12CertificateName" value="compassswitching.stgeorge.com.au.p12" />
      <property name="p12encryptedCertPwd" value="lPkUHRbTsTKum3wuXc0WxZlXOIjU1aUoMENcRFcM3jQ=" />
      <property name="p12CertficateAliasName" value="compass" />
      <property name="encryptedSecretKey" value="sePwZUDt1CBraRz2fz4FQDH1vuh0gmHxdqYZGlDfmC8="/>
    <property name="stgSecurityService">
            <ref local="stgSecurityServiceCompressDataImpl" />
    </property>
      <property name="requestParameters">
            <props>
                  <prop key="RootNode">Data</prop>
                  <prop key="Channel">online</prop>
                  
            </props>
      </property>
      <property name="encryptedFields">
            <list>
                  <value>GCISKey</value>
                  <value>DocumentId</value>
            </list>
      </property>
</bean>
<bean id="eCorrJWTHelper"   class="au.com.stgeorge.ibank.util.JWTHelper">
               <property name="certificateName" value="compassswitching.stgeorge.com.au.p12" />
               <property name="encryptedCertPwd" value="lPkUHRbTsTKum3wuXc0WxZlXOIjU1aUoMENcRFcM3jQ=" />
               <property name="algName" value="RS512" />
               <property name="encryptionDigestService">
               <ref local="eCorrEncryptionDigestService" />
    </property>
</bean>

 <bean id="eFinanceJWTHelper"   class="au.com.stgeorge.ibank.util.JWTHelper">      
       <property name="algName" value="RS512" /> 
       <property name="pubCertificateName" value="acetocompass.stgeorge.com.au.cer" /> 
      <property name="encryptionDigestService"> 
         <ref local="aceEncryptionDigestService" /> 
     </property> 
 </bean> 

<bean id="aceJWTHelper"   class="au.com.stgeorge.ibank.util.JWTHelper">
               <property name="certificateName" value="compasstoace.stgeorge.com.au.p12" />
               <property name="encryptedCertPwd" value="lPkUHRbTsTKum3wuXc0WxZlXOIjU1aUoMENcRFcM3jQ=" />
               <property name="algName" value="RS512" />
               <property name="pubCertificateName" value="compasstoace.stgeorge.com.au.cer" />
               <property name="encryptionDigestService">
                     <ref local="aceEncryptionDigestService" />
    </property>
</bean>

<bean id="debitCardDisputeEncryptionDigestService" class="au.com.stgeorge.ibank.businessobject.impl.EncryptionDigestServiceImpl">
      <property name="compassKey" value="TGnfAoDzEd5LVmkonU5n2JlXOIjU1aUoMENcRFcM3jQ="/>
	  <property name="compassIV" value="rd9+Odt6UqfZIECh13wFnJlXOIjU1aUoMENcRFcM3jQ="/>	
      <property name="p12CertificateName" value="compasstobtmobile.stgeorge.com.au.p12" />
      <property name="p12encryptedCertPwd" value="lPkUHRbTsTKum3wuXc0WxZlXOIjU1aUoMENcRFcM3jQ=" />
      <property name="p12CertficateAliasName" value="compass" />
      <property name="encryptedSecretKey" value="sePwZUDt1CBraRz2fz4FQDH1vuh0gmHxdqYZGlDfmC8="/>
    <property name="stgSecurityService">
            <ref local="stgSecurityServiceCompressDataImpl" />
    </property>
      <property name="requestParameters">
            <props>
                  <prop key="RootNode">Data</prop>
                  <prop key="Channel">online</prop>
                  
            </props>
      </property>
      <property name="encryptedFields">
            <list>
                  <value>GCISKey</value>
                  <!-- <value>Channel</value>
                  <value>ContactDetails</value>
                  <value>PreferredMethod</value>
                  <value>BSBNumber</value>
                  <value>AccountNumber</value>
                  <value>TransactionAmount</value>
                  <value>TransactionDate</value>
                  <value>PostingDate</value>
                  <value>Description</value>
                  <value>BankingMedium</value> -->
                  
            </list>
      </property>
      
</bean>

<bean id="debitCardDisputeJWTHelper"   class="au.com.stgeorge.ibank.util.JWTHelper">
               <property name="certificateName" value="compasstobtmobile.stgeorge.com.au.p12" />
               <property name="encryptedCertPwd" value="lPkUHRbTsTKum3wuXc0WxZlXOIjU1aUoMENcRFcM3jQ=" />
               <property name="algName" value="RS512" />
               <property name="encryptionDigestService">
               <ref local="debitCardDisputeEncryptionDigestService" />
    </property>
</bean>




<bean id="creditCardDisputeEncryptionDigestService" class="au.com.stgeorge.ibank.businessobject.impl.EncryptionDigestServiceImpl">
      <property name="compassKey" value="TGnfAoDzEd5LVmkonU5n2JlXOIjU1aUoMENcRFcM3jQ="/>
	  <property name="compassIV" value="rd9+Odt6UqfZIECh13wFnJlXOIjU1aUoMENcRFcM3jQ="/>	
      <property name="p12CertificateName" value="compasstobtmobile.stgeorge.com.au.p12" />
      <property name="p12encryptedCertPwd" value="lPkUHRbTsTKum3wuXc0WxZlXOIjU1aUoMENcRFcM3jQ=" />
      <property name="p12CertficateAliasName" value="compass" />
      <property name="encryptedSecretKey" value="sePwZUDt1CBraRz2fz4FQDH1vuh0gmHxdqYZGlDfmC8="/>
    <property name="stgSecurityService">
            <ref local="stgSecurityServiceCompressDataImpl" />
    </property>
      <property name="requestParameters">
            <props>
                  <prop key="RootNode">Data</prop>
                  <prop key="Channel">online</prop>
                  
            </props>
      </property>
      <property name="encryptedFields">
            <list>
                  <value>GCISKey</value>
                  <value>CreditCardNumber</value>
                  <!-- <value>Channel</value>
                  <value>ContactDetails</value>
                  <value>PreferredMethod</value>
                  <value>BSBNumber</value>
                  <value>TransactionAmount</value>
                  <value>TransactionDate</value>
                  <value>PostingDate</value>
                  <value>Description</value>
                  <value>BankingMedium</value> -->
                  
            </list>
      </property>
      
</bean>

<bean id="creditCardDisputeJWTHelper"   class="au.com.stgeorge.ibank.util.JWTHelper">
               <property name="certificateName" value="compasstobtmobile.stgeorge.com.au.p12" />
               <property name="encryptedCertPwd" value="lPkUHRbTsTKum3wuXc0WxZlXOIjU1aUoMENcRFcM3jQ=" />
               <property name="algName" value="RS512" />
               <property name="encryptionDigestService">
               <ref local="creditCardDisputeEncryptionDigestService" />
    </property>
</bean>

<bean id="cshAppTrackerJWTHelper"   class="au.com.stgeorge.ibank.util.JWTHelper">
	  <property name="certificateName" value="compasstocsh.stgeorge.com.au.p12" />
	  <property name="encryptedCertPwd" value="lPkUHRbTsTKum3wuXc0WxZlXOIjU1aUoMENcRFcM3jQ="/>
      <property name="algName" value="RS256" />
      <property name="pubCertificateName" value="compasstocsh.stgeorge.com.au.cer" />
      <property name="encryptionDigestService">
            <ref local="cshEncryptionDigestService" />
      </property>      
</bean>
<bean id="cshEncryptionDigestService" class="au.com.stgeorge.ibank.businessobject.impl.EncryptionDigestServiceImpl">
      <property name="p12CertificateName" value="compasstocsh.stgeorge.com.au.p12" />
      <property name="p12encryptedCertPwd" value="lPkUHRbTsTKum3wuXc0WxZlXOIjU1aUoMENcRFcM3jQ=" />
      <property name="p12CertficateAliasName" value="compass" />
      <property name="encryptedSecretKey" value="A2rK+m7sRTP/MSWV27CEK5lXOIjU1aUoMENcRFcM3jQ="/>
      <property name="stgSecurityService">
            <ref local="stgSecurityServiceCompressDataImpl" />
      </property>
      <property name="encryptedFields">
            <list>
               <value>state</value>
		       <value>trackerId</value>
		       <value>sessionIndex</value>
		       <value>nonce</value>
            </list>
      </property>
</bean>
<bean id="fileshareSamlCert"   class="au.com.stgeorge.ibank.util.JWTHelper">
     <property name="certificateName" value="compasstofileshare.stgeorge.com.au.p12" />
     <property name="encryptedCertPwd" value="lPkUHRbTsTKum3wuXc0WxZlXOIjU1aUoMENcRFcM3jQ=" />
     <property name="algName" value="RS512" />
     <property name="pubCertificateName" value="compasstofileshare.stgeorge.com.au.cer" />              
</bean>
<bean id="livePersonJWEHelper"   class="au.com.stgeorge.ibank.util.JWEHelper">
     <property name="pubCertificateName" value="lpsso2020.prod.cer" />
     <property name="alg" value="RSA-OAEP-256" />
     <property name="enc" value="A256GCM" />
     
</bean>
	<bean id="mgrpSamlCert"   class="au.com.stgeorge.ibank.util.JWTHelper">
	     <property name="certificateName" value="compasstomastercard.stgeorge.com.au.p12" />
	     <property name="encryptedCertPwd" value="6wCBUxCJnMROamkg8w3OPw==" />
	     <property name="algName" value="RS512" />
	     <property name="pubCertificateName" value="compasstomastercard.stgeorge.com.au.cer" />       
	     <property name="alias" value="compasstomastercardprd" />          
	</bean>

</beans>
