<?xml version="1.0" encoding="UTF-8" ?>
<!DOCTYPE tiles-definitions PUBLIC
	"-//Apache Software Foundation//DTD Tiles Configuration 3.0//EN"
	"http://tiles.apache.org/dtds/tiles-config_3_0.dtd">

	<!-- Definitions for IBank Accounts access   -->

<tiles-definitions>
	<!-- =======================================================  -->
	<!-- Master definition  					-->
	<!-- =======================================================  -->
	<!-- Index page description  -->
	  <definition name="ibank2.mainLayout" template="/jsp/ibank2/common/mainLayout.jsp">
	      <put-attribute name="title"  value="Template"/>
	      <put-attribute name="header" value="/jsp/ibank2/common/header.jsp"/>
	      <put-attribute name="menu"   value="/jsp/ibank2/common/menu.jsp"/>
	      <put-attribute name="body"   value="/jsp/ibank2/common/body.jsp"/>
	      <put-attribute name="footer"   value="/jsp/ibank2/common/footer.jsp"/>
	      <put-attribute name="menuOption" 		value="0" />
	  </definition>

	  <definition name="ibank2.TandCLayout" template="/jsp/ibank2/common/extendedLayout.jsp">
	      <put-attribute name="title"  value="Template"/>
	      <put-attribute name="header" value="/jsp/ibank2/common/header.jsp"/>
	      <put-attribute name="menu"   value="/jsp/ibank2/common/blankMenu.jsp"/>
	      <put-attribute name="body"   value="/jsp/ibank2/common/body.jsp"/>
	      <put-attribute name="footer"   value="/jsp/ibank2/common/footer.jsp"/>
	      <put-attribute name="menuOption" 		value="0" />
	  </definition>
	  	
 	  <definition name="ibank2.externalLinkLayout" template="/jsp/ibank2/common/externalLinkLayout.jsp">
	      <put-attribute name="title"  value="Template"/>
	      <put-attribute name="header" value="/jsp/ibank2/common/header.jsp"/>
	      <put-attribute name="menu"   value="/jsp/ibank2/common/menu.jsp"/>
	      <put-attribute name="body"   value="/jsp/ibank2/common/body.jsp"/>
	      <put-attribute name="footer"   value="/jsp/ibank2/common/footer.jsp"/>
	      <put-attribute name="menuOption" 		value="0" />
	  </definition>

 	 
	<definition name="ibank2.externallink" extends="ibank2.externalLinkLayout">
  		<put-attribute name="title"  value="Close Session"/>  		
      	<put-attribute name="helpMenu" 		value="NewAccounts" />
		<put-attribute name="helpFunction" 	value="" />
		<put-attribute name="helpSteps" 	value="" />
	    <put-attribute name="screenId" 		value="" />	    
	    <put-attribute name="body"   value="/jsp/ibank2/customer/externalLink.jsp"/>    
    </definition> 
    
      <definition name="ibank2.externallinkSplash" template="/jsp/ibank2/common/externalLinkLayoutSplash.jsp">
	      <put-attribute name="title"  value="Template"/>
	      <put-attribute name="header" value="/jsp/ibank2/common/header.jsp"/>
	      <put-attribute name="menu"   value="/jsp/ibank2/common/menu.jsp"/>
	      <put-attribute name="body"   value="/jsp/ibank2/common/body.jsp"/>
	      <put-attribute name="footer"   value="/jsp/ibank2/common/footer.jsp"/>
	      <put-attribute name="menuOption" 		value="0" />
	  </definition>
    
  
    
    <definition name="ibank2.bt.externalLink" extends="ibank2.externalLinkLayout">
  		<put-attribute name="title"  value="Close Session"/>  		
      	<put-attribute name="helpMenu" 		value="NewAccounts" />
		<put-attribute name="helpFunction" 	value="" />
		<put-attribute name="helpSteps" 	value="" />
	    <put-attribute name="screenId" 		value="" />	    
	    <put-attribute name="body"   value="/jsp/ibank2/customer/btExternalLink.jsp"/>    
    </definition> 
    
     <definition name="ibank2.eLeads" extends="ibank2.mainLayout">
  		<put-attribute name="title"  value="View My Special Offers"/>  		
      	<put-attribute name="helpMenu" 		value="MessageCentre" />
		<put-attribute name="helpFunction" 	value="SpecialOffers" />
		<put-attribute name="helpSteps" 	value="" />
	    <put-attribute name="screenId" 		value="eLeads" />	
	     <put-attribute name="menuOption" 		value="0" />    
	    <put-attribute name="body"   value="/jsp/ibank2/customer/eLeads.jsp"/>    
    </definition> 
    
     <definition name="ibank2.mainLayoutCat" template="/jsp/ibank2/common/mainLayoutCat.jsp">
	      <put-attribute name="title"  value="Template"/>
	      <put-attribute name="header" value="/jsp/ibank2/common/header.jsp"/>
	      <put-attribute name="menu"   value="/jsp/ibank2/common/menu.jsp"/>
	      <put-attribute name="body"   value="/jsp/ibank2/common/body.jsp"/>
	      <put-attribute name="footer"   value="/jsp/ibank2/common/footer.jsp"/>
	      <put-attribute name="menuOption" 		value="0" />
	  </definition>

 	  <definition name="ibank2.externalLinkUserInfoLayout" template="/jsp/ibank2/common/externalLinkUserInfoLayout.jsp">
	      <put-attribute name="title"  value="Template"/>
	      <put-attribute name="header" value="/jsp/ibank2/common/header.jsp"/>
	      <put-attribute name="menu"   value="/jsp/ibank2/common/menu.jsp"/>
	      <put-attribute name="body"   value="/jsp/ibank2/common/body.jsp"/>
	      <put-attribute name="footer"   value="/jsp/ibank2/common/footer.jsp"/>
	      <put-attribute name="menuOption" 		value="0" />
	  </definition>
	  
</tiles-definitions>

 