<?xml version="1.0" encoding="UTF-8" ?>
<!DOCTYPE tiles-definitions PUBLIC
	"-//Apache Software Foundation//DTD Tiles Configuration 3.0//EN"
	"http://tiles.apache.org/dtds/tiles-config_3_0.dtd">

	<!-- Definitions for IBank Accounts access   -->

<tiles-definitions>

	<!--Landing page for products and tools-->
	<definition name="products.landing.tile" extends="ibank2.mainLayout">
		<put-attribute name="title" value="Transfer, Payments and BPay" />
		<put-attribute name="body" value="/jsp/ibank2/tools/productsLanding.jsp" />
		<put-attribute name="helpMenu" 		value="Products" />
	    <put-attribute name="helpFunction" 	value="landing" />
	    <put-attribute name="helpSteps" 	value="" /> 
		<put-attribute name="menuOption" 		value="3" />
	</definition>
	
	
</tiles-definitions>

 