<?xml version="1.0" encoding="UTF-8" ?>
<!DOCTYPE tiles-definitions PUBLIC
	"-//Apache Software Foundation//DTD Tiles Configuration 3.0//EN"
	"http://tiles.apache.org/dtds/tiles-config_3_0.dtd">

	<!-- Definitions for IBank Accounts access   -->

<tiles-definitions>

	<definition name="payment.accttransfer.details" extends="ibank2.mainLayout">
		<put-attribute name="title" value="Transfer between My Accounts" />
		<put-attribute name="body" value="/jsp/ibank2/payment/accountTransfer.jsp" />
		<put-attribute name="helpMenu" 		value="TransferandPayment" />
	    <put-attribute name="helpFunction" 	value="AcctToAcct" />
	    <put-attribute name="helpSteps" 	value="Details" />
		<put-attribute name="menuOption" 		value="1" />	    		
	</definition>
		
	<definition name="payment.accttransfer.receipt" extends="ibank2.mainLayout">
		<put-attribute name="title" value="Transfer between My Accounts" />
		<put-attribute name="body" value="/jsp/ibank2/payment/accountTransferReceipt.jsp" />
		<put-attribute name="helpMenu" 		value="TransferandPayment" />
	    <put-attribute name="helpFunction" 	value="Schedule" />
	    <put-attribute name="helpSteps" 	value="Details" />
		<put-attribute name="menuOption" 		value="1" />	    
	</definition>
	
	<definition name="payment.accttransfer.savingsofferacceptance" extends="ibank2.mainLayout">
		<put-attribute name="title" value="Your bonus interest has been activated" />
		<put-attribute name="body" value="/jsp/ibank2/retention/savingsOfferAcceptance.jsp" />
		<put-attribute name="helpMenu" 		value="TransferandPayment" />
	    <put-attribute name="helpFunction" 	value="Schedule" />
	    <put-attribute name="helpSteps" 	value="Details" />
		<put-attribute name="menuOption" 		value="1" />	    
	</definition>
	
	<definition name="payment.accttransfer.schedule.receipt" extends="ibank2.mainLayout">
		<put-attribute name="title" value="Transfer between My Accounts" />
		<put-attribute name="body" value="/jsp/ibank2/payment/accountTransferSchReceipt.jsp" />
		<put-attribute name="helpMenu" 		value="TransferandPayment" />
	    <put-attribute name="helpFunction" 	value="Schedule" />
	    <put-attribute name="helpSteps" 	value="Details" />
		<put-attribute name="menuOption" 		value="1" />	    
	</definition>	
	
	<definition name="payment.accttransfer.duplicate" extends="ibank2.mainLayout">
		<put-attribute name="title" value="Transfer between My Accounts" />
		<put-attribute name="body" value="/jsp/ibank2/payment/accountTransferDuplicate.jsp" />
		<put-attribute name="helpMenu" 		value="TransferandPayment" />
	  	<put-attribute name="helpFunction" 	value="AcctToAcct" />
	 	<put-attribute name="helpSteps" 	value="duplicate" />
		<put-attribute name="menuOption" 		value="1" />	 	
	</definition>
	
	<definition name="payment.accttransfer.tdaUnfunded" extends="ibank2.mainLayout">
		<put-attribute name="title" value="Transfer between My Accounts" />
		<put-attribute name="body" value="/jsp/ibank2/payment/tdaAccountPayInst.jsp" />
		<put-attribute name="helpMenu" 		value="TransferandPayment" />
	  	<put-attribute name="helpFunction" 	value="AcctToAcct" />
	 	<put-attribute name="helpSteps" 	value="Details" />
		<put-attribute name="menuOption" 		value="1" />	 	
	</definition>	
	
	<definition name="payment.tptransfer.details" extends="ibank2.mainLayout">
		<put-attribute name="title" value="Transfer to Payee" />
		<put-attribute name="body" value="/jsp/ibank2/payment/thirdPartyTransfer.jsp" />
		<put-attribute name="helpMenu" 		value="TransferandPayment" />
	    <put-attribute name="helpFunction" 	value="AcctToAcct" />
	    <put-attribute name="helpSteps" 	value="tpAcctXfer" />
		<put-attribute name="menuOption" 		value="1" />	    
	</definition>	
	
	<definition name="payment.tptransfer.receipt" extends="ibank2.mainLayout">
		<put-attribute name="title" value="Transfer to Payee" />
		<put-attribute name="body" value="/jsp/ibank2/payment/thirdPartyTransferReceipt.jsp" />
		<put-attribute name="helpMenu" 		value="TransferandPayment" />
	    <put-attribute name="helpFunction" 	value="Schedule" />
	    <put-attribute name="helpSteps" 	value="tpReceipt" />
		<put-attribute name="menuOption" 		value="1" />	    
	</definition>
	
	<definition name="payment.processingtimes" extends="ibank2.TandCLayout">
		<put-attribute name="title" value="Processing Times" />
		<put-attribute name="body" value="/jsp/ibank2/payment/paymentProcessingTimes.jsp" />
		<put-attribute name="defaultForm" value="thirdPartyPaymentProcTimesForm" />
		<put-attribute name="helpMenu" 		value="TransferandPayment" />
	    <put-attribute name="helpFunction" 	value="AcctToAcct" />
	    <put-attribute name="helpSteps" 	value="tpAcctXfer" />
	    <put-attribute name="screenId" 		value="" />
		<put-attribute name="menuOption" 		value="1" />
	</definition>
	
	<definition name="payment.tptransfer.duplicate" extends="ibank2.mainLayout">
		<put-attribute name="title" value="Transfer to Payee" />
		<put-attribute name="body" value="/jsp/ibank2/payment/thirdPartyTransferDuplicate.jsp" />
		<put-attribute name="helpMenu" 		value="TransferandPayment" />
	  	<put-attribute name="helpFunction" 	value="AcctToAcct" />
	 	<put-attribute name="helpSteps" 	value="duplicate" />
		<put-attribute name="menuOption" 		value="1" />	 	
	</definition>	
	
	<definition name="payment.tptransfer.schedule.receipt" extends="ibank2.mainLayout">
		<put-attribute name="title" value="Transfer to Payee" />
		<put-attribute name="body" value="/jsp/ibank2/payment/thirdPartyTransferSchReceipt.jsp" />
		<put-attribute name="helpMenu" 		value="TransferandPayment" />
	    <put-attribute name="helpFunction" 	value="Schedule" />
	    <put-attribute name="helpSteps" 	value="tpReceipt" />
		<put-attribute name="menuOption" 		value="1" />	    
	</definition>
	
	<definition name="payment.tptransfer.securecode" extends="ibank2.mainLayout">
		<put-attribute name="title" value="Transfer to Payee" />
		<put-attribute name="body" value="/jsp/ibank2/payment/thirdPartyTransferSecureCode.jsp" />
		<put-attribute name="helpMenu" 		value="TransferandPayment" />
	    <put-attribute name="helpFunction" 	value="tpttransfer" />
	    <put-attribute name="helpSteps" 	value="" />
		<put-attribute name="menuOption" 		value="1" />	    
	</definition>
	
	<definition name="payment.tptransfer.safideny" extends="ibank2.mainLayout">
		<put-attribute name="title" value="Transfer to Payee" />
		<put-attribute name="body" value="/jsp/ibank2/payment/thirdPartyTransferSafiDeny.jsp" />
		<put-attribute name="helpMenu" 		value="TransferandPayment" />
	    <put-attribute name="helpFunction" 	value="AcctToAcct" />
	    <put-attribute name="helpSteps" 	value="tpAcctXfer" />
		<put-attribute name="menuOption" 		value="1" />	    
	</definition>
	
	<definition name="payment.bpaytransfer.details" extends="ibank2.mainLayout">
		<put-attribute name="title" value="BPAY Transfer" />
		<put-attribute name="body" value="/jsp/ibank2/payment/bpayTransfer.jsp" />
		<put-attribute name="helpMenu" 		value="TransferandPayment" />
	    <put-attribute name="helpFunction" 	value="Bpay" />
	    <put-attribute name="helpSteps" 	value="SelectAcct" />
		<put-attribute name="menuOption" 		value="1" />	    
	</definition>	
	
	<definition name="payment.bpaytransfer.receipt" extends="ibank2.mainLayout">
		<put-attribute name="title" value="BPAY Transfer" />
		<put-attribute name="body" value="/jsp/ibank2/payment/bpayTransferReceipt.jsp" />
		<put-attribute name="helpMenu" 		value="TransferandPayment" />
	    <put-attribute name="helpFunction" 	value="Bpay" />
	    <put-attribute name="helpSteps" 	value="Receipt" />
		<put-attribute name="menuOption" 		value="1" />	    
	</definition>
	
	<definition name="payment.bpaytransfer.schedule.receipt" extends="ibank2.mainLayout">
		<put-attribute name="title" value="BPAY Transfer" />
		<put-attribute name="body" value="/jsp/ibank2/payment/bpayTransferSchReceipt.jsp" />
		<put-attribute name="helpMenu" 		value="TransferandPayment" />
	    <put-attribute name="helpFunction" 	value="Bpay" />
	    <put-attribute name="helpSteps" 	value="ScheduleReceipt" />
		<put-attribute name="menuOption" 		value="1" />	    
	</definition>
	
	<definition name="payment.bpaytransfer.duplicate" extends="ibank2.mainLayout">
		<put-attribute name="title" value="BPAY Transfer" />
		<put-attribute name="body" value="/jsp/ibank2/payment/bpayTransferDuplicate.jsp" />
		<put-attribute name="helpMenu" 		value="TransferandPayment" />
	    <put-attribute name="helpFunction" 	value="Bpay" />
	    <put-attribute name="helpSteps" 	value="duplicate" />
		<put-attribute name="menuOption" 		value="1" />	    
	</definition>
	
	<definition name="payment.bpaytransfer.securecode" extends="ibank2.mainLayout">
		<put-attribute name="title" value="BPAY Transfer" />
		<put-attribute name="body" value="/jsp/ibank2/payment/bpayTransferSecureCode.jsp" />
		<put-attribute name="helpMenu" 		value="TransferandPayment" />
	    <put-attribute name="helpFunction" 	value="BpaySecure" />
	    <put-attribute name="helpSteps" 	value="RequestAuthenticate" />
		<put-attribute name="menuOption" 		value="1" />	    
	</definition>	
	
	<definition name="payment.bpaytransfer.safideny" extends="ibank2.mainLayout">
		<put-attribute name="title" value="BPAY Transfer" />
		<put-attribute name="body" value="/jsp/ibank2/payment/paymentsSafiDeny.jsp" />
		<put-attribute name="helpMenu" 		value="TransferandPayment" />
	    <put-attribute name="helpFunction" 	value="Bpay" />
	    <put-attribute name="helpSteps" 	value="SelectAcct" />
		<put-attribute name="menuOption" 		value="1" />	    
	</definition>
	
	<!-- New Telegraphic Transfer 14E1 --> 
	<definition name="payment.ttrequest" extends="ibank2.mainLayout">
		<put-attribute name="title" value="Overseas Telegraphic Transfer" />
		<put-attribute name="body" value="/jsp/ibank2/payment/ttRequest.jsp" />
		<put-attribute name="helpMenu" 		value="TransferandPayment" />
	    <put-attribute name="helpFunction" 	value="TT" />
	    <put-attribute name="helpSteps" 	value="Details" />
		<put-attribute name="menuOption" 		value="1" />	    
	</definition>
	
	<definition name="payment.ttrequest.confirm" extends="ibank2.mainLayout">
		<put-attribute name="title" value="Overseas Telegraphic Transfer" />
		<put-attribute name="body" value="/jsp/ibank2/payment/ttRequestConfirm.jsp" />
		<put-attribute name="helpMenu" 		value="TransferandPayment" />
	    <put-attribute name="helpFunction" 	value="BpaySecure" />
	    <put-attribute name="helpSteps" 	value="Confirm" />
		<put-attribute name="menuOption" 		value="1" />	    
	</definition>
	
	<definition name="payment.ttrequest.receipt" extends="ibank2.mainLayout">
		<put-attribute name="title" value="Overseas Telegraphic Transfer" />
		<put-attribute name="body" value="/jsp/ibank2/payment/ttRequestReceipt.jsp" />
		<put-attribute name="helpMenu" 		value="TransferandPayment" />
	    <put-attribute name="helpFunction" 	value="TT" />
	    <put-attribute name="helpSteps" 	value="Receipt" />
		<put-attribute name="menuOption" 		value="1" />	    
	</definition>
	
	<definition name="payment.ttrequest.securecode" extends="ibank2.mainLayout">
		<put-attribute name="title" value="Overseas Telegraphic Transfer" />
		<put-attribute name="body" value="/jsp/ibank2/payment/ttRequestSecure.jsp" />
		<put-attribute name="helpMenu" 		value="TransferandPayment" />
	    <put-attribute name="helpFunction" 	value="TT" />
	    <put-attribute name="helpSteps" 	value="Secure" />
		<put-attribute name="menuOption" 		value="1" />	    
	</definition>
	
	<definition name="payment.ttrequest.register" extends="ibank2.mainLayout">
		<put-attribute name="title" value="Overseas Telegraphic Transfer" />
		<put-attribute name="body" value="/jsp/ibank2/payment/ttRequestRegister.jsp" />
		<put-attribute name="helpMenu" 		value="TransferandPayment" />
	    <put-attribute name="helpFunction" 	value="TT" />
	    <put-attribute name="helpSteps" 	value="Details" />
		<put-attribute name="menuOption" 		value="1" />	    
	</definition>
	
	<definition name="payment.ttrequest.duplicate" extends="ibank2.mainLayout">
		<put-attribute name="title" value="Duplicate Notification" />
		<put-attribute name="body" value="/jsp/ibank2/payment/ttRequestDuplicate.jsp" />
		<put-attribute name="helpMenu" 		value="TransferandPayment" />
	    <put-attribute name="helpFunction" 	value="TT" />
	    <put-attribute name="helpSteps" 	value="duplicate" />
		<put-attribute name="menuOption" 		value="1" />	    
	</definition>
	
	<!--Landing page for Transfer and Payments-->
	<definition name="payment.landing.tile" extends="ibank2.mainLayout">
		<put-attribute name="title" value="Transfer, Payments and BPay" />
		<put-attribute name="body" value="/jsp/ibank2/payment/paymentsLanding.jsp" />
		<put-attribute name="helpMenu" 		value="TransferandPayment" />
	    <put-attribute name="helpFunction" 	value="" />
	    <put-attribute name="helpSteps" 	value="" />
	    <put-attribute name="screenId" 	value="" />
		<put-attribute name="menuOption" 		value="1" />	    
	</definition>
	
	<!--Landing page for Schedule Payments-->
	<definition name="schedule.landing.tile" extends="ibank2.mainLayout">
		<put-attribute name="title" value="Create a Scheduled Payment" />
		<put-attribute name="body" value="/jsp/ibank2/payment/scheduledPaymentsLanding.jsp" />
		<put-attribute name="helpMenu" 		value="TransferandPayment" />
	    <put-attribute name="helpFunction" 	value="Schedule" />
	    <put-attribute name="helpSteps" 	value="" />
	    <put-attribute name="screenId" 	value="" />
		<put-attribute name="menuOption" 		value="1" />	    
	</definition>

	<!--Landing page for Schedule Payments-->
	<definition name="bpay.view.landing.tile" extends="ibank2.mainLayout">
		<put-attribute name="title" value="BPay View" />
		<put-attribute name="body" value="/jsp/ibank2/payment/bpayViewLanding.jsp" />
		<put-attribute name="helpMenu" 		value="ViewEBPAY" />
	    <put-attribute name="helpFunction" 	value="" />
	    <put-attribute name="helpSteps" 	value="" />
	    <put-attribute name="screenId" 	value="" />
		<put-attribute name="menuOption" 		value="1" />	    
	</definition>

	<!--Landing page for Schedule Payments-->
	<definition name="group.payments.landing.tile" extends="ibank2.mainLayout">
		<put-attribute name="title" value="My Group Payments" />
		<put-attribute name="body" value="/jsp/ibank2/payment/groupPaymentsLanding.jsp" />
		<put-attribute name="helpMenu" 		value="TransferandPayment" />
	    <put-attribute name="helpFunction" 	value="GroupPayment" />
	    <put-attribute name="helpSteps" 	value="" />
	    <put-attribute name="screenId" 	value="" />
		<put-attribute name="menuOption" 		value="1" />	    
	</definition>
	
	<definition name="landing.error" extends="ibank2.mainLayout">
		<put-attribute name="title" value="Error" />
		<put-attribute name="body" value="/jsp/ibank2/error/landingError.jsp" />
		<put-attribute name="helpMenu" 		value="" />
	    <put-attribute name="helpFunction" 	value="" />
	    <put-attribute name="helpSteps" 	value="" />
	    <put-attribute name="screenId" 	value="" />
		<put-attribute name="menuOption" 		value="1" />	    
	</definition>
	
	<definition name="payment.defaultCCBalanceTransfer" extends="ibank2.mainLayout">
		<put-attribute name="title" value="Transfers &amp; Payments" />
		<put-attribute name="body" value="/jsp/ibank2/payment/ccBalanceTransferRequest.jsp" />
	 	<put-attribute name="helpMenu" 		value="TransferandPayment" />
		<put-attribute name="helpFunction" 	value="CCTransfer" />
		<put-attribute name="helpSteps" 	value="Request" />
		<put-attribute name="screenId" 		value="" /> 
		<put-attribute name="menuOption" 		value="1" />
	</definition>
	
	<!-- This jsp should have what do you want to do links -->
	<definition name="payment.confirmCCBalanceTransfer" extends="ibank2.mainLayout">		
		<put-attribute name="title" value="Transfers &amp; Payments" />
		<put-attribute name="body" value="/jsp/ibank2/payment/ccBalanceTransferReceipt.jsp" />
		<put-attribute name="defaultForm" value="ccBalanceTransferForm" />
	  	<put-attribute name="helpMenu" 		value="TransferandPayment" />
	  	<put-attribute name="helpFunction" 	value="CCTransfer" />
	  	<put-attribute name="helpSteps" 	value="Confirm" />
	  	<put-attribute name="screenId" 		value="" /> 
	  	<put-attribute name="menuOption" 		value="1" />
	</definition>
	
	<definition name="payment.confirmCCBalanceTransferCLIConsent" extends="ibank2.mainLayout">		
		<put-attribute name="title" value="Transfers &amp; Payments" />
		<put-attribute name="body" value="/jsp/ibank2/payment/ccBalanceTransferReceipt.jsp" />
		<put-attribute name="defaultForm" value="ccBalanceTransferForm" />
	  	<put-attribute name="helpMenu" 		value="TransferandPayment" />
	  	<put-attribute name="helpFunction" 	value="CCTransfer" />
	  	<put-attribute name="helpSteps" 	value="Confirm" />
	  	<put-attribute name="screenId" 		value="" /> 
	  	<put-attribute name="menuOption" 		value="1" />
	</definition>
	
	<definition name="payment.ccImportantNotes" extends="ibank2.TandCLayout">		
		<put-attribute name="title" value="Transfers &amp; Payments" />
		<put-attribute name="body" value="/jsp/ibank2/payment/ccImportantNotes.jsp" />
		<put-attribute name="defaultForm" value="ccBalanceTransferForm" />
	  	<put-attribute name="helpMenu" 		value="TransferandPayment" />
	  	<put-attribute name="helpFunction" 	value="CCTransfer" />
	  	<put-attribute name="helpSteps" 	value="Notes" />
	  	<put-attribute name="screenId" 		value="" /> 
	  	<put-attribute name="menuOption" 		value="1" />
	</definition>
	
	<!-- Bank eCheque Order:  Default Page-->
	<definition name="payment.bankcheque.order" extends="ibank2.mainLayout">
	  <put-attribute name="title" value="Cheque Services" />
	  <put-attribute name="body" value="/jsp/ibank2/payment/orderBankCheque.jsp" />
	  <put-attribute name="defaultForm" value="bankChequeOrderForm" />
	  <put-attribute name="helpMenu" 		value="Cheque" />
	  <put-attribute name="helpFunction" 	value="OrderChq" />
	  <put-attribute name="helpSteps" 	value="BankChqInfo" />
	  <put-attribute name="screenId" 		value="orderBankCheque" />
	  <put-attribute name="menuOption" 		value="2" />  
	</definition>

	<!-- Bank eCheque Order:  Confirm Page-->
	<definition name="payment.bankcheque.order.confirm" extends="ibank2.mainLayout">
	  <put-attribute name="title" value="Cheque Services" />
	  <put-attribute name="body" value="/jsp/ibank2/payment/orderBankChequeConfirm.jsp" />
	  <put-attribute name="helpMenu" 		value="Cheque" />
	  <put-attribute name="helpFunction" 	value="OrderChq" />
	  <put-attribute name="helpSteps" 	value="Confirm" />
	  <put-attribute name="screenId" 		value="orderBankChqConfirm" />
	  <put-attribute name="menuOption" 		value="2" /> 
	</definition>

	<!-- Bank eCheque Order:  Receipt Page-->
	<definition name="payment.bankcheque.order.receipt" extends="ibank2.mainLayout">
	  <put-attribute name="title" value="Cheque Services" />
	  <put-attribute name="body" value="/jsp/ibank2/payment/orderBankChequeReceipt.jsp" />
	  <put-attribute name="whatNext" value="/jsp/common/whatNext.jsp" />
	  <put-attribute name="helpMenu" 		value="Cheque" />
	  <put-attribute name="helpFunction" 	value="OrderChq" />
	  <put-attribute name="helpSteps" 	value="Receipt" />
	  <put-attribute name="screenId" 		value="orderBankChequeReceipt" />
	  <put-attribute name="menuOption" 		value="2" /> 
	</definition>
	
	<!-- Bank eCheque Order:  Duplicate Page-->
	<definition name="payment.bankcheque.order.duplicate" extends="ibank2.mainLayout">
	  <put-attribute name="title" value="Cheque Services" />
	  <put-attribute name="body" value="/jsp/ibank2/payment/orderBankChequeDuplicate.jsp" />
	  <put-attribute name="helpMenu" 		value="Cheque" />
	  <put-attribute name="helpFunction" 	value="OrderChq" />
	  <put-attribute name="helpSteps" 	value="duplicate" />
	  <put-attribute name="screenId" 		value="orderBankChequeDuplicate" />
	  <put-attribute name="menuOption" 		value="2" /> 
	</definition>
	
	<!-- Funds Transfer to Global Currency Card -->
   <definition name="payment.gcctransfer.details" extends="ibank2.mainLayout">
		<put-attribute name="title" value="Transfer between My Accounts" />
		<put-attribute name="body" value="/jsp/ibank2/payment/gccAccountTransfer.jsp" />
		<put-attribute name="helpMenu" 		value="TransferandPayment" />
	    <put-attribute name="helpFunction" 	value="AcctToAcct" />
	    <put-attribute name="helpSteps" 	value="Details" />
		<put-attribute name="menuOption" 		value="1" />	    		
	</definition>	
	
	<definition name="payment.gcctransfer.receipt" extends="ibank2.mainLayout">
		<put-attribute name="title" value="Transfer between My Accounts" />
		<put-attribute name="body" value="/jsp/ibank2/payment/gccAccountTransferReceipt.jsp" />
		<put-attribute name="helpMenu" 		value="TransferandPayment" />
	    <put-attribute name="helpSteps" 	value="Details" />
		<put-attribute name="menuOption" 		value="1" />	    
	</definition>
	
	<definition name="payment.gwctransfer.receipt" extends="ibank2.mainLayout">
		<put-attribute name="title" value="Transfer between My Accounts" />
		<put-attribute name="body" value="/jsp/ibank2/payment/gwcTransferReceipt.jsp" />
		<put-attribute name="helpMenu" 		value="TransferandPayment" />
	    <put-attribute name="helpSteps" 	value="Details" />
		<put-attribute name="menuOption" 		value="1" />	    
	</definition>
			
</tiles-definitions>

 