<?xml version="1.0" encoding="UTF-8" ?>
<!DOCTYPE tiles-definitions PUBLIC
	"-//Apache Software Foundation//DTD Tiles Configuration 3.0//EN"
	"http://tiles.apache.org/dtds/tiles-config_3_0.dtd">

	<!-- Definitions for IBank Accounts access   -->

<tiles-definitions>
	
	<!-- Renew Term Deposit Start -->
		<definition name="ibank2.termdeposit.renew.select" extends="ibank2.mainLayout">
	      <put-attribute name="title"  			value="Account Servicing"/>
      	  <put-attribute name="helpMenu" 		value="Maintenance" />
		  <put-attribute name="helpFunction" 	value="TermDepMaintain" />
		  <put-attribute name="helpSteps" 	value="Select" />
	      <put-attribute name="screenId" 		value="maintainTDA" />
	      <put-attribute name="menuOption" 		value="2" />
	      <put-attribute name="body"   value="/jsp/ibank2/account/renewTermDepositSelect.jsp"/>      
	  	</definition>

		<definition name="ibank2.termdeposit.renew.selectinterest" extends="ibank2.mainLayout">
	      <put-attribute name="title"  			value="Account Servicing"/>
      	  <put-attribute name="helpMenu" 		value="Maintenance" />
		  <put-attribute name="helpFunction" 	value="TermDepMaintain" />
		  <put-attribute name="helpSteps" 	value="Select" />
	      <put-attribute name="screenId" 		value="maintainTDASelectInterest" />
	      <put-attribute name="menuOption" 		value="2" />
	      <put-attribute name="body"   value="/jsp/ibank2/account/renewTermDepositDetails.jsp"/>      
	  	</definition>

		<definition name="ibank2.termdeposit.renew.tnc" extends="ibank2.mainLayout">
	      <put-attribute name="title"  			value="Account Servicing"/>
      	  <put-attribute name="helpMenu" 		value="Maintenance" />
		  <put-attribute name="helpFunction" 	value="TermDepMaintain" />
		  <put-attribute name="helpSteps" 	value="Select" />
	      <put-attribute name="screenId" 		value="maintainTDATnC" />
	      <put-attribute name="menuOption" 		value="2" />
	      <put-attribute name="body"   value="/jsp/ibank2/account/renewTermDepositTnC.jsp"/>      
	  	</definition>

		<definition name="ibank2.termdeposit.renew.options" extends="ibank2.mainLayout">
	      <put-attribute name="title"  			value="Account Servicing"/>
      	  <put-attribute name="helpMenu" 		value="Maintenance" />
		  <put-attribute name="helpFunction" 	value="TermDepMaintain" />
		  <put-attribute name="helpSteps" 	value="Select" />
	      <put-attribute name="screenId" 		value="maintainTDATnC" />
	      <put-attribute name="menuOption" 		value="2" />
	      <put-attribute name="body"   value="/jsp/ibank2/account/renewTermDepositOptions.jsp"/>      
	  	</definition>

		<definition name="ibank2.termdeposit.renew.confirm" extends="ibank2.mainLayout">
	      <put-attribute name="title"  			value="Account Servicing"/>
      	  <put-attribute name="helpMenu" 		value="Maintenance" />
		  <put-attribute name="helpFunction" 	value="TermDepMaintain" />
		  <put-attribute name="helpSteps" 	value="Select" />
	      <put-attribute name="screenId" 		value="maintainTDAConfirm" />
	      <put-attribute name="menuOption" 		value="2" />
	      <put-attribute name="body"   value="/jsp/ibank2/account/renewTermDepositConfirm.jsp"/>      
	  	</definition>

		<definition name="ibank2.termdeposit.renew.receipt" extends="ibank2.mainLayout">
	      <put-attribute name="title"  			value="Account Servicing"/>
      	  <put-attribute name="helpMenu" 		value="Maintenance" />
		  <put-attribute name="helpFunction" 	value="TermDepMaintain" />
		  <put-attribute name="helpSteps" 	value="Select" />
	      <put-attribute name="screenId" 		value="maintainTDAReceipt" />
	      <put-attribute name="menuOption" 		value="2" />
	      <put-attribute name="body"   value="/jsp/ibank2/account/renewTermDepositReceipt.jsp"/>      
	  	</definition>

	  <definition name="ibank2.termdeposit.maintain.instr" extends="ibank2.mainLayout">
		  <put-attribute name="title"  		value="Account Servicing" />
		  <put-attribute name="body"   		value="/jsp/ibank2/account/maintainTermDeposit.jsp" />
		  <put-attribute name="helpMenu" 		value="Maintenance" />
		  <put-attribute name="helpFunction" 	value="TermDepMaintain" />
		  <put-attribute name="helpSteps" 	value="Select" />
		  <put-attribute name="screenId" 		value="maintainTDAII" />
		  <put-attribute name="menuOption" 		value="2" />	    
	  </definition>

	  <definition name="ibank2.termdeposit.maintain.instrCnfrm" extends="ibank2.mainLayout">
		  <put-attribute name="title"  		value="Account Servicing" />
		  <put-attribute name="body"   		value="/jsp/ibank2/account/maintainTermDepositConfirm.jsp" />
		  <put-attribute name="helpMenu" 		value="Maintenance" />
		  <put-attribute name="helpFunction" 	value="TermDepMaintain" />
		  <put-attribute name="helpSteps" 	value="Select" />
		  <put-attribute name="screenId" 		value="maintainTDAII" />
		  <put-attribute name="menuOption" 		value="2" />	    
	  </definition>

	  <definition name="ibank2.termdeposit.maintain.instrRcpt" extends="ibank2.mainLayout">
		  <put-attribute name="title"  		value="Account Servicing" />
		  <put-attribute name="body"   		value="/jsp/ibank2/account/maintainTermDepositReceipt.jsp" />
		  <put-attribute name="helpMenu" 		value="Maintenance" />
		  <put-attribute name="helpFunction" 	value="TermDepMaintain" />
		  <put-attribute name="helpSteps" 	value="Select" />
		  <put-attribute name="screenId" 		value="maintainTDAII" />
		  <put-attribute name="menuOption" 		value="2" />	    
	  </definition>

	<!-- Term Deposit Start -->
	
	  <definition name="ibank2.viewAccountPortfolio.page" extends="ibank2.mainLayout">
	      <put-attribute name="title"  value="Welcome"/>
	      <put-attribute name="menu"   value="/jsp/ibank2/common/dashboardMenu.jsp"/>
      	  <put-attribute name="helpMenu" 		value="AccountInformation" />
		  <put-attribute name="helpFunction" 	value="MyAccount" />
		  <put-attribute name="helpSteps" 	value="Details" />
	      <put-attribute name="screenId" 		value="" />
	      <put-attribute name="menuOption" 		value="0" />
	      <put-attribute name="body"   value="/jsp/ibank2/account/viewAccountPortfolio.jsp"/>      
	  </definition>
	  

	  <definition name="ibank2.bt.viewAccountPortfolio.page" extends="ibank2.mainLayout">
	      <put-attribute name="title"  value="Welcome"/>
	      <put-attribute name="menuOption" 		value="0" />
	      <put-attribute name="body"   value="/jsp/ibank2/account/viewBTAccountPortfolio.jsp"/>      
	  </definition>
	  
    <!-- Account Details Page  -->
	  <definition name="ibank2.accountdetails.pageOld" extends="ibank2.mainLayout">
	      <put-attribute name="title"  value="Account Details"/>
	      <put-attribute name="menuOption" 		value="0" />
	      	<put-attribute name="helpMenu" 		value="TransferandPayment" />
			<put-attribute name="helpFunction" 	value="TranHistory" />
			<put-attribute name="helpSteps" 	value="" />	      
	      <put-attribute name="body"   value="/jsp/ibank2/account/accountDetails.jsp"/>      
	  </definition>
	  
	  <!-- Manage Statements -->
	 <!-- Manage Statements -->
	<definition name="ibank2.mngStmt.page" extends="ibank2.mainLayout">
		<put-attribute name="defaultForm" value="manageStatementsForm" />
		<put-attribute name="title" value="Manage Statements" />
		<put-attribute name="body" value="/jsp/ibank2/statements/manageStatements.jsp" />
	    <put-attribute name="helpMenu" value="ManageStatements" />
		<put-attribute name="helpFunction" value="SwitchStatements" />
		<put-attribute name="helpSteps" value="Details" />
		<put-attribute name="screenId" value="" />
		<put-attribute name="menuOption" value="2" />
	</definition>
	
		<definition name="ibank2.mngStmt.manageStmtSwitchSuccess" extends="ibank2.mainLayout">
		<put-attribute name="defaultForm" value="manageStatementsReceipt" />
		<put-attribute name="title" value="Manage Statements" />
		<put-attribute name="body" value="/jsp/ibank2/statements/manageStatementsReceipt.jsp" />
	    <put-attribute name="helpMenu" value="ManageStatements" />
		<put-attribute name="helpFunction" value="SwitchStatements" />
		<put-attribute name="helpSteps" value="Details" />
		<put-attribute name="screenId" value="" />
		<put-attribute name="menuOption" 		value="2" />
	</definition> 
	
	
	
	<definition name="ibank2.mngStmt.noSupression" extends="ibank2.mainLayout">
		<put-attribute name="defaultForm" value="manageStatementsNoEmailID" />
		<put-attribute name="title" value="Manage Statements" />
		<put-attribute name="body" value="/jsp/ibank2/statements/emailAbsentManageStmts.jsp" />
	    <put-attribute name="helpMenu" value="ManageStatements" />
		<put-attribute name="helpFunction" value="SwitchStatements" />
		<put-attribute name="helpSteps" value="Details" />
		<put-attribute name="screenId" value="" />
		<put-attribute name="menuOption" 		value="2" />
	</definition>
	<!-- Manage Statements -->
	
	<definition name="ibank2.insuranceaccountdetails.page" extends="ibank2.mainLayout">
	      <put-attribute name="title"  value="Insurance Details"/>
	      <put-attribute name="menuOption" 		value="0" />
	      	<put-attribute name="helpMenu" 		value="TransferandPayment" />
			<put-attribute name="helpFunction" 	value="TranHistory" />
			<put-attribute name="helpSteps" 	value="" />	      
	      <put-attribute name="body"   value="/jsp/ibank2/account/insuranceDetails.jsp"/>      
	  </definition>
	
	<!-- 17E1 view policy details -->
	<definition name="ibank2.insuranceaccountdetails.policy" extends="ibank2.mainLayout">
	      <put-attribute name="title"  value="Insurance Details"/>
	      <put-attribute name="menuOption" 		value="0" />
	      	<put-attribute name="helpMenu" 		value="TransferandPayment" />
			<put-attribute name="helpFunction" 	value="TranHistory" />
			<put-attribute name="helpSteps" 	value="" />	      
	      <put-attribute name="body"   value="/jsp/ibank2/account/viewPolicyDetails.jsp"/>      
	  </definition>
	  
	  <definition name="ibank2.travelinsuranceaccountdetails.page" extends="ibank2.mainLayout">
	      <put-attribute name="title"  value="Travel Insurance Details"/>
	      <put-attribute name="menuOption" 		value="0" />
	      	<put-attribute name="helpMenu" 		value="TransferandPayment" />
			<put-attribute name="helpFunction" 	value="TranHistory" />
			<put-attribute name="helpSteps" 	value="" />	      
	      <put-attribute name="body"   value="/jsp/ibank2/account/viewTravelInsurancePolicyDetails.jsp"/>      
	  </definition>
	
	<!-- View eStatements page -->
	<definition name="ibank2.viewStmt.page" extends="ibank2.mainLayout">
		<put-attribute name="title" value="Manage Accounts" />
		<put-attribute name="menuOption" 		value="2" />
	      	<put-attribute name="helpMenu" 		value="eStatements" />
			<put-attribute name="helpFunction" 	value="" />
			<put-attribute name="helpSteps" 	value="" />	      
		<put-attribute name="body" value="/jsp/ibank2/account/viewStatement.jsp" />
	</definition>

	<!-- Landing for Manage Accounts Menu section -->
	<definition name="manage.accounts.landing.tile" extends="ibank2.mainLayout">
		<put-attribute name="title" value="Manage Accounts" />
		<put-attribute name="body" value="/jsp/ibank2/account/manageAccountsLanding.jsp" />
		<put-attribute name="helpMenu" 		value="Maintenance" />
		<put-attribute name="helpFunction" 	value="" />
        <put-attribute name="menuOption" 		value="2" />
		<put-attribute name="helpSteps" 	value="" />
	    <put-attribute name="screenId" 		value="" />
	</definition>


     <definition name="ibank2.productTransferInfo.tile" extends="ibank2.TandCLayout">
		<put-attribute name="title" value="Transfers &amp; Payments" />
		<put-attribute name="menuOption" 		value="1" />
		<put-attribute name="body" value="/jsp/ibank2/account/productTransferInfo.jsp" />
	</definition>

<!-- OPEN TERM DEPOSIT  -->
 	<!-- Term Deposit Initial Page   -->
     <definition name="termdep.open.init" extends="ibank2.mainLayout">
     	<put-attribute name="title"  value="Open New Accounts"/>
      	<put-attribute name="helpMenu" 		value="NewAccounts" />
		<put-attribute name="helpFunction" 	value="OpenTermAccount" />
		<put-attribute name="helpSteps" 	value="Details" />
	    <put-attribute name="screenId" 		value="openTDA" />
	    <put-attribute name="menuOption" 		value="3" />
	    <put-attribute name="body"   value="/jsp/ibank2/account/openTermDepositTable.jsp"/>     
  	</definition>
  	
  	 <!-- Term Deposit Input Page  -->
  	<definition name="termdep.open.input" extends="ibank2.mainLayout">
     	<put-attribute name="title"  value="Open New Accounts"/>
      	<put-attribute name="helpMenu" 		value="NewAccounts" />
		<put-attribute name="helpFunction" 	value="OpenTermAccount" />
		<put-attribute name="helpSteps" 	value="Details" />
	    <put-attribute name="screenId" 		value="openTDA" />
	    <put-attribute name="menuOption" 		value="3" />
	    <put-attribute name="body"   value="/jsp/ibank2/account/openTermDepositInput.jsp"/>     
  	</definition>
   
     <!-- Term Deposit funding Detail Options Page  -->
  	<definition name="termdep.open.funding" extends="ibank2.mainLayout">
  		<put-attribute name="title"  value="Open New Accounts"/>
      	<put-attribute name="helpMenu" 		value="NewAccounts" />
		<put-attribute name="helpFunction" 	value="OpenTermAccount" />
		<put-attribute name="helpSteps" 	value="Details" />
	    <put-attribute name="screenId" 		value="openTDAFunding" />
	    <put-attribute name="menuOption" 	value="3" />
	    <put-attribute name="body"   value="/jsp/ibank2/account/openTermDepositFund.jsp"/>		    
   	</definition>
   
    <definition name="termdep.open.tnc" extends="ibank2.mainLayout">
    	<put-attribute name="title"  value="Open New Accounts"/>
      	<put-attribute name="helpMenu" 		value="NewAccounts" />
		<put-attribute name="helpFunction" 	value="OpenTermAccount" />
		<put-attribute name="helpSteps" 	value="News" />
	    <put-attribute name="screenId" 		value="openTDATNC" />
	    <put-attribute name="menuOption" 		value="3" />
	    <put-attribute name="body"   value="/jsp/ibank2/account/openTermDepositTnC.jsp"/>	    
  </definition>
   
   <!-- Term Deposit interest Payment Detail Options Page  -->
    <definition name="termdep.open.interest.paydetails" extends="ibank2.mainLayout">
    	<put-attribute name="title"  value="Open New Accounts"/>
      	<put-attribute name="helpMenu" 		value="NewAccounts" />
		<put-attribute name="helpFunction" 	value="OpenTermAccount" />
		<put-attribute name="helpSteps" 	value="Details" />
	    <put-attribute name="screenId" 		value="openTDAIntPay" />
	    <put-attribute name="menuOption" 		value="3" />
	    <put-attribute name="body"   value="/jsp/ibank2/account/openTermDepositInterestDetails.jsp"/>    
   </definition>
   
	    <!-- Term Deposit Confirmation Page  -->
  <definition name="termdep.open.confirm" extends="ibank2.mainLayout">
  		<put-attribute name="title"  value="Open New Accounts"/>
      	<put-attribute name="helpMenu" 		value="NewAccounts" />
		<put-attribute name="helpFunction" 	value="OpenTermAccount" />
		<put-attribute name="helpSteps" 	value="Details" />
	    <put-attribute name="screenId" 		value="openTDAtConfirm" />
	    <put-attribute name="menuOption" 		value="3" />
	    <put-attribute name="body"   value="/jsp/ibank2/account/openTermDepositConfirm.jsp"/>    
  </definition>
  
    <!-- Term Deposit Receipt Page  -->
  <!-- This jsp should have what do you want to do links -->
  <definition name="termdep.open.receipt" extends="ibank2.mainLayout">
  		<put-attribute name="title"  value="Open New Accounts"/>
      	<put-attribute name="helpMenu" 		value="NewAccounts" />
		<put-attribute name="helpFunction" 	value="OpenTermAccount" />
		<put-attribute name="helpSteps" 	value="Details" />
	    <put-attribute name="screenId" 		value="openTDAReceipt" />
	    <put-attribute name="menuOption" 		value="3" />
	    <put-attribute name="body"   value="/jsp/ibank2/account/openTermDepositReceipt.jsp"/>	    
  </definition>
  
    <!-- TDA Detail duplicate Page  -->
  <definition name="termdep.open.duplicate.confirm" extends="ibank2.mainLayout">
  		<put-attribute name="title"  value="Open New Accounts"/>
      	<put-attribute name="helpMenu" 		value="NewAccounts" />
		<put-attribute name="helpFunction" 	value="OpenTermAccount" />
		<put-attribute name="helpSteps" 	value="Details" />
	    <put-attribute name="screenId" 		value="openTDADuplicate" />
	    <put-attribute name="menuOption" 		value="3" />
	    <put-attribute name="body"   value="/jsp/ibank2/account/duplicateTDAcctOpeningReq.jsp"/>    
  </definition>  
  
  <definition name="new.account.defaultregion" extends="ibank2.mainLayout">
  		<put-attribute name="title"  value="Open New Accounts"/>
      	<put-attribute name="helpMenu" 		value="NewAccounts" />
		<put-attribute name="helpFunction" 	value="OpenTermAccount" />
		<put-attribute name="helpSteps" 	value="Details" />
	    <put-attribute name="screenId" 		value="regionbranch" />
	    <put-attribute name="menuOption" 		value="3" />
	    <put-attribute name="body"   value="/jsp/ibank2/account/selectRegionBranch.jsp"/>    
  </definition>  
  
  <!-- ADD PAYEE ,DELETE PAYEE ,INCREASE PAYEE LIMIT -->
  <definition name="ibank2.payee.list" extends="ibank2.mainLayout">
  		<put-attribute name="title"  value="Payee Accounts"/>  		
      	<put-attribute name="helpMenu" 		value="TransferandPayment" />
		<put-attribute name="helpFunction" 	value="ThirdParty" />
		<put-attribute name="helpSteps" 	value="List" />
	    <put-attribute name="screenId" 		value="" />
	    <put-attribute name="menuOption" 		value="1" />
	    <put-attribute name="body"   value="/jsp/ibank2/account/listPayee.jsp"/>    
  </definition>  
  
  <definition name="ibank2.payee.details" extends="ibank2.mainLayout">
  		<put-attribute name="title"  value="Payee Accounts"/>  		
      	<put-attribute name="helpMenu" 		value="TransferandPayment" />
		<put-attribute name="helpFunction" 	value="ThirdParty" />
		<put-attribute name="helpSteps" 	value="Details" />
	    <put-attribute name="screenId" 		value="thirdPartyDetails" />
	    <put-attribute name="menuOption" 		value="1" />
	    <put-attribute name="body"   value="/jsp/ibank2/account/payeeDetails.jsp"/>    
  </definition> 
  
  <definition name="ibank2.payee.add" extends="ibank2.mainLayout">
  		<put-attribute name="title"  value="Payee Accounts"/>
      	<put-attribute name="helpMenu" 		value="TransferandPayment" />
		<put-attribute name="helpFunction" 	value="ThirdParty" />
		<put-attribute name="helpSteps" 	value="Add" />
	    <put-attribute name="screenId" 		value="addThirdParty" />
	    <put-attribute name="menuOption" 		value="1" />
	    <put-attribute name="body"   value="/jsp/ibank2/account/addPayee.jsp"/>    
  </definition> 
  
   <definition name="ibank2.payee.add.confirm" extends="ibank2.mainLayout">
  		<put-attribute name="title"  value="Payee Accounts"/>  		
      	<put-attribute name="helpMenu" 		value="TransferandPayment" />
		<put-attribute name="helpFunction" 	value="ThirdParty" />
		<put-attribute name="helpSteps" 	value="AddConfirm" />
	    <put-attribute name="screenId" 		value="confirmThirdParty" />
	    <put-attribute name="menuOption" 		value="1" />
	    <put-attribute name="body"   value="/jsp/ibank2/account/addPayeeConfirmation.jsp"/>    
  </definition> 
 
  <definition name="ibank2.payee.add.secureCode" extends="ibank2.mainLayout">
  		<put-attribute name="title"  value="Payee Accounts"/>
  		<put-attribute name="helpMenu" 		value="TransferandPayment" />
		<put-attribute name="helpFunction" 	value="ThirdParty" />
		<put-attribute name="helpSteps" 	value="AddSecure" />
	    <put-attribute name="screenId" 		value="secureAddThirdParty" />
	    <put-attribute name="menuOption" 		value="1" />
	    <put-attribute name="body"   value="/jsp/ibank2/account/addPayeeSecure.jsp"/>    
  </definition> 
 
  
  <definition name="ibank2.payee.delete.confirm" extends="ibank2.mainLayout">
  		<put-attribute name="title"  value="Payee Accounts"/>  		
      	<put-attribute name="helpMenu" 		value="TransferandPayment" />
		<put-attribute name="helpFunction" 	value="ThirdParty" />
		<put-attribute name="helpSteps" 	value="Delete" />
	    <put-attribute name="screenId" 		value="confirmDeleteThirdParty" />
	    <put-attribute name="menuOption" 		value="1" />
	    <put-attribute name="body"   value="/jsp/ibank2/account/deletePayee.jsp"/>    
  </definition> 
  <!-- 
   <definition name="ibank2.payee.limit" extends="ibank2.mainLayout">
  		<put-attribute name="title"  value="Payee Accounts"/>  		
      	<put-attribute name="helpMenu" 		value="TransferandPayment" />
		<put-attribute name="helpFunction" 	value="ThirdParty" />
		<put-attribute name="helpSteps" 	value="IncreaseLimit" />
	    <put-attribute name="screenId" 		value="increaseThirdPartyLimit" />
	    <put-attribute name="menuOption" 		value="1" />
	    <put-attribute name="body"   value="/jsp/ibank2/account/payeeLimit.jsp"/>    
  </definition> 
  -->
  <definition name="ibank2.payee.limit.confirm" extends="ibank2.mainLayout">
  		<put-attribute name="title"  value="Payee Accounts"/>  		
      	<put-attribute name="helpMenu" 		value="TransferandPayment" />
		<put-attribute name="helpFunction" 	value="ThirdParty" />
		<put-attribute name="helpSteps" 	value="IncreaseLimit" />
	    <put-attribute name="screenId" 		value="increaseThirdPartyLimit" />
	    <put-attribute name="menuOption" 		value="1" />
	    <put-attribute name="body"   value="/jsp/ibank2/account/payeeLimitConfirmation.jsp"/>    
  </definition> 

  <definition name="ibank2.payee.limit.secureCode" extends="ibank2.mainLayout">
  		<put-attribute name="title"  value="Payee Accounts"/>  		
      	<put-attribute name="helpMenu" 		value="TransferandPayment" />
		<put-attribute name="helpFunction" 	value="ThirdParty" />
		<put-attribute name="helpSteps" 	value="AddSecure" />
	    <put-attribute name="screenId" 		value="increaseThirdPartyLimit" />
	    <put-attribute name="menuOption" 		value="1" />
	    <put-attribute name="body"   value="/jsp/ibank2/account/payeeLimitSecure.jsp"/>    
  </definition>
  
  <definition name="ibank2.payee.limit.receipt" extends="ibank2.mainLayout">
  		<put-attribute name="title"  value="Payee Accounts"/>  		
      	<put-attribute name="helpMenu" 		value="TransferandPayment" />
		<put-attribute name="helpFunction" 	value="ThirdParty" />
		<put-attribute name="helpSteps" 	value="IncreaseLimit" />
	    <put-attribute name="screenId" 		value="increaseThirdPartyLimit" />
	    <put-attribute name="menuOption" 		value="1" />
	    <put-attribute name="body"   value="/jsp/ibank2/account/payeeLimitReceipt.jsp"/>    
  </definition>
  
  <!-- ADD PAYEE ,DELETE PAYEE ,INCREASE PAYEE LIMIT -->

<!--14E1 BeneficiaryList action convert to struts2-->
  	<definition name="beneficiaries.list" extends="ibank2.mainLayout">
  		<put-attribute name="title"  value="Overseas Beneficiaries"/>
      	<put-attribute name="helpMenu" 		value="TransferandPayment" />
		<put-attribute name="helpFunction" 	value="Beneficiaries" />
		<put-attribute name="helpSteps" 	value="List" />
	    <put-attribute name="screenId" 		value="beneficiaryList" />
	    <put-attribute name="menuOption" 		value="1" />
	    <put-attribute name="body"   value="/jsp/ibank2/account/beneficiaries.jsp"/>
	</definition>
	
	<definition name="beneficiaries.details" extends="ibank2.mainLayout">
		<put-attribute name="title"  value="Overseas Beneficiary Details"/>
      	<put-attribute name="helpMenu" 		value="TransferandPayment" />
		<put-attribute name="helpFunction" 	value="Beneficiaries" />
		<put-attribute name="helpSteps" 	value="Details" />
	    <put-attribute name="screenId" 		value="beneficiaryDetails" />
	    <put-attribute name="menuOption" 		value="1" />
	    <put-attribute name="body"   value="/jsp/ibank2/account/beneficiaryDetails.jsp"/>
	</definition>
	
  <definition name="beneficiaries.delete" extends="ibank2.mainLayout">
		<put-attribute name="title"  value="Overseas Beneficiary Details"/>
      	<put-attribute name="helpMenu" 		value="TransferandPayment" />
		<put-attribute name="helpFunction" 	value="Beneficiaries" />
		<put-attribute name="helpSteps" 	value="Delete" />
	    <put-attribute name="screenId" 		value="beneficiaryDelete" />
	    <put-attribute name="menuOption" 		value="1" />
	    <put-attribute name="body"   value="/jsp/ibank2/account/beneficiaryDelete.jsp"/>
	</definition>
	
	<!--  14E2 Signify Phase 1b -->
	
	<definition name="ibank2.open.new.account.creditcard" extends="ibank2.mainLayout">
  		<put-attribute name="title"  value="Open New Accounts"/>  		
      	<put-attribute name="helpMenu" 		value="NewAccounts" />
		<put-attribute name="helpFunction" 	value="OpenNewAccount" />
		<put-attribute name="helpSteps" 	value="SelectCC" />
	    <put-attribute name="screenId" 		value="openAccount" />
	    <put-attribute name="menuOption" 		value="3" />
	    <put-attribute name="body"   value="/jsp/ibank2/tools/newaccount/creditCards.jsp"/>    
    </definition> 
	
	<definition name="ibank2.open.new.account.invitation" extends="ibank2.mainLayout">
  		<put-attribute name="title"  value="Open New Accounts"/>  		
      	<put-attribute name="helpMenu" 		value="NewAccounts" />
		<put-attribute name="helpFunction" 	value="OpenNewAccount" />
		<put-attribute name="helpSteps" 	value="SelectCC" />
	    <put-attribute name="screenId" 		value="openAccount" />
	    <put-attribute name="menuOption" 		value="3" />
	    <put-attribute name="body"   value="/jsp/ibank2/tools/newaccount/invitation.jsp"/>    
    </definition> 
    
    	
	<definition name="ibank2.open.new.account.invitationdetail" extends="ibank2.mainLayout">
  		<put-attribute name="title"  value="Open New Accounts"/>  		
      	<put-attribute name="helpMenu" 		value="NewAccounts" />
		<put-attribute name="helpFunction" 	value="OpenNewAccount" />
		<put-attribute name="helpSteps" 	value="SelectCC" />
	    <put-attribute name="screenId" 		value="openAccount" />
	    <put-attribute name="menuOption" 		value="3" />
	    <put-attribute name="body"   value="/jsp/ibank2/tools/newaccount/invitationDetail.jsp"/>    
    </definition> 
    	
	<definition name="ibank2.open.new.account.uplinvitationdetail" extends="ibank2.mainLayout">
  		<put-attribute name="title"  value="Open New Accounts"/>  		
      	<put-attribute name="helpMenu" 		value="NewAccounts" />
		<put-attribute name="helpFunction" 	value="OpenNewAccount" />
		<put-attribute name="helpSteps" 	value="SelectCC" />
	    <put-attribute name="screenId" 		value="openAccount" />
	    <put-attribute name="menuOption" 		value="3" />
	    <put-attribute name="body"   value="/jsp/ibank2/tools/newaccount/plunsInvitationDetail.jsp"/>    
    </definition> 
    
    <definition name="ibank2.open.new.account.businesscard" extends="ibank2.mainLayout">
  		<put-attribute name="title"  value="Open New Accounts"/>  		
      	<put-attribute name="helpMenu" 		value="NewAccounts" />
		<put-attribute name="helpFunction" 	value="OpenNewAccount" />
		<put-attribute name="helpSteps" 	value="SelectCC" />
	    <put-attribute name="screenId" 		value="openAccount" />
	    <put-attribute name="menuOption" 		value="3" />
	    <put-attribute name="body"   value="/jsp/ibank2/tools/newaccount/businessCards.jsp"/>    
    </definition> 
    
    <definition name="ibank2.acct.open.error" extends="ibank2.mainLayout">
  		<put-attribute name="title"  value="Open New Accounts"/>  		
         <put-attribute name="menuOption" 		value="3" />
	    <put-attribute name="body"   value="/jsp/ibank2/error/simplerError.jsp"/>    
    </definition> 	
	
	<definition name="lost.card.details" extends="ibank2.mainLayout">
		<put-attribute name="title"  value="Account Servicing"/>
      	<put-attribute name="helpMenu" 		value="Maintenance" />
		<put-attribute name="helpFunction" 	value="LostCard" />
		<put-attribute name="helpSteps" 	value="AcctList" />
	    <put-attribute name="screenId" 		value="reportCardLossSelect" />
	    <put-attribute name="menuOption" 		value="2" />
	    <put-attribute name="body"   value="/jsp/ibank2/account/lostCardSelect.jsp"/>
	</definition>
	
		
	<definition name="lost.card.details.tile" extends="ibank2.mainLayout">		
	  <put-attribute name="title" value="Account Servicing"/>
	  <put-attribute name="helpMenu" 		value="Maintenance" />
	  <put-attribute name="helpFunction" 	value="LostCard" />
	  <put-attribute name="helpSteps" 	value="AcctList" />
	  <put-attribute name="screenId" 		value="reportCardLossSelect" />
	  <put-attribute name="menuOption" 		value="2" />	    
	  <put-attribute name="body" value="/jsp/ibank2/account/lostCardDetails.jsp" />
	</definition>

	<definition name="lost.card.replacement.details" extends="ibank2.mainLayout">
		<put-attribute name="title"  value="Account Servicing"/>
      	<put-attribute name="helpMenu" 		value="Maintenance" />
		<put-attribute name="helpFunction" 	value="LostCard" />
		<put-attribute name="helpSteps" 	value="Details" />
	    <put-attribute name="screenId" 		value="reportCardLossDetails" />
	    <put-attribute name="menuOption" 		value="2" />
	    <put-attribute name="body"   value="/jsp/ibank2/account/lostCardDetails.jsp"/>
	</definition>

	<definition name="lost.card.confirm" extends="ibank2.mainLayout">
		<put-attribute name="title"  value="Account Servicing"/>
      	<put-attribute name="helpMenu" 		value="Maintenance" />
		<put-attribute name="helpFunction" 	value="LostCard" />
		<put-attribute name="helpSteps" 	value="Confirm" />
	    <put-attribute name="screenId" 		value="reportCardLossConfirm" />
	    <put-attribute name="menuOption" 		value="2" />
	    <put-attribute name="body"   value="/jsp/ibank2/account/lostCardConfirm.jsp"/>
	</definition>
	
	<definition name="lost.card.receipt" extends="ibank2.mainLayout">
		<put-attribute name="title"  value="Account Servicing"/>
      	<put-attribute name="helpMenu" 		value="Maintenance" />
		<put-attribute name="helpFunction" 	value="LostCard" />
		<put-attribute name="helpSteps" 	value="Receipt" />
	    <put-attribute name="screenId" 		value="reportCardLossReceipt" />
	    <put-attribute name="menuOption" 		value="2" />
	    <put-attribute name="body"   value="/jsp/ibank2/account/lostCardReceipt.jsp"/>
	</definition>
	
	<definition name="lost.card.backend.error" extends="ibank2.mainLayout">
		<put-attribute name="title"  value="Account Servicing"/>
      	<put-attribute name="helpMenu" 		value="Maintenance" />
		<put-attribute name="helpFunction" 	value="LostCard" />
		<put-attribute name="helpSteps" 	value="" />
	    <put-attribute name="screenId" 		value="reportCardLossError" />
	    <put-attribute name="menuOption" 		value="2" />
	    <put-attribute name="body"   value="/jsp/ibank2/account/lostCardError.jsp"/>
	</definition>


   <definition name="ccDispute.details" extends="ibank2.mainLayout">
   		<put-attribute name="title"  value="Account Servicing"/>
      	<put-attribute name="helpMenu" 		value="Maintenance" />
		<put-attribute name="helpFunction" 	value="Chargeback" />
		<put-attribute name="helpSteps" 	value="ImpInfo" />
	    <put-attribute name="screenId" 		value="" />
	    <put-attribute name="menuOption" 		value="1" />
	    <put-attribute name="body"   value="/jsp/ibank2/account/ccDisputeTandC.jsp"/>
  </definition>

   <definition name="ccDispute.select.transactions" extends="ibank2.mainLayout">
   		<put-attribute name="title"  value="Account Servicing"/>
      	<put-attribute name="helpMenu" 		value="Maintenance" />
		<put-attribute name="helpFunction" 	value="Chargeback" />
		<put-attribute name="helpSteps" 	value="SelectTran" />
	    <put-attribute name="screenId" 		value="" />
	    <put-attribute name="menuOption" 		value="1" />
	    <put-attribute name="body"   value="/jsp/ibank2/account/ccDisputeTranxSelection.jsp"/>
  </definition>

  <definition name="ccDispute.transaction.list" extends="ibank2.mainLayout">
   		<put-attribute name="title"  value="Account Servicing"/>
      	<put-attribute name="helpMenu" 		value="Maintenance" />
		<put-attribute name="helpFunction" 	value="Chargeback" />
		<put-attribute name="helpSteps" 	value="EnterReason" />
	    <put-attribute name="screenId" 		value="transList" />
	    <put-attribute name="menuOption" 		value="1" />
	    <put-attribute name="body"   value="/jsp/ibank2/account/ccDisputeTransactionList.jsp"/>
  </definition>
  
  <definition name="ccDispute.confirm" extends="ibank2.mainLayout">
   		<put-attribute name="title"  value="Account Servicing"/>
      	<put-attribute name="helpMenu" 		value="Maintenance" />
		<put-attribute name="helpFunction" 	value="Chargeback" />
		<put-attribute name="helpSteps" 	value="Confirm" />
	    <put-attribute name="screenId" 		value="transConfirm" />
	    <put-attribute name="menuOption" 		value="1" />
	    <put-attribute name="body"   value="/jsp/ibank2/account/ccDisputeTransactionConfirm.jsp"/>
  </definition>
  
  <definition name="ccDispute.receipt" extends="ibank2.mainLayout">
   		<put-attribute name="title"  value="Account Servicing"/>
      	<put-attribute name="helpMenu" 		value="Maintenance" />
		<put-attribute name="helpFunction" 	value="Chargeback" />
		<put-attribute name="helpSteps" 	value="Receipt" />
	    <put-attribute name="screenId" 		value="transReceipt" />
	    <put-attribute name="menuOption" 		value="1" />
	    <put-attribute name="body"   value="/jsp/ibank2/account/ccDisputeReceipt.jsp"/>
  </definition>
  
  <definition name="account.incCreditLimit" extends="ibank2.mainLayout">
		<put-attribute name="title"  		value="Increase My Credit Limit" />
		<put-attribute name="helpMenu" 		value="AccountInformation" />
		<put-attribute name="helpFunction" 	value="MyAccount" />
		<put-attribute name="helpSteps" 	value="" />
		<put-attribute name="screenId" 	value="" />
		<put-attribute name="menuOption" 		value="2" />	    
		<put-attribute name="body"   		value="/jsp/ibank2/account/increaseCreditLimit.jsp" />
  </definition>

  <definition name="account.incCreditLimtReceipt" extends="ibank2.mainLayout">
		  <put-attribute name="title"  		value="Increase My Credit Limit" />
		  <put-attribute name="helpMenu" 		value="AccountInformation" />
		  <put-attribute name="helpFunction" 	value="MyAccount" />
		  <put-attribute name="helpSteps" 	value="" />
		  <put-attribute name="screenId" 	value="" />
		  <put-attribute name="menuOption" 		value="2" />
		  <put-attribute name="body"   		value="/jsp/ibank2/account/increaseCreditLimitReceipt.jsp" />	    
  </definition>

  <definition name="account.incCreditLimit" extends="ibank2.mainLayout">
		<put-attribute name="title"  		value="Increase My Credit Limit" />
		<put-attribute name="helpMenu" 		value="AccountInformation" />
		<put-attribute name="helpFunction" 	value="MyAccount" />
		<put-attribute name="helpSteps" 	value="" />
		<put-attribute name="screenId" 	value="" />
		<put-attribute name="menuOption" 		value="2" />
		<put-attribute name="body"   		value="/jsp/ibank2/account/increaseCreditLimit.jsp" />
  	</definition>


<definition name="account.maintainCLI" extends="ibank2.mainLayout">
		<put-attribute name="title"  		value="Maintain my CLI Consent" />
		<put-attribute name="helpMenu" 		value="AccountInformation" />
		<put-attribute name="helpFunction" 	value="MyAccount" />
		<put-attribute name="helpSteps" 	value="" />
		<put-attribute name="screenId" 	value="" />
		<put-attribute name="menuOption" 		value="2" />
		<put-attribute name="body"   		value="/jsp/ibank2/account/maintainCLIConsent.jsp" />	    
  	</definition>


<definition name="account.confirmCLI" extends="ibank2.mainLayout">
		  <put-attribute name="title"  		value="Confirm my CLI Consent" />
		  <put-attribute name="helpMenu" 		value="AccountInformation" />
		  <put-attribute name="helpFunction" 	value="MyAccount" />
		  <put-attribute name="helpSteps" 	value="" />
		  <put-attribute name="screenId" 	value="" />
		  <put-attribute name="menuOption" 		value="2" />
		  <put-attribute name="body"   		value="/jsp/ibank2/account/confirmCLIConsent.jsp" />	    
  	</definition>

<definition name="account.confirmCLI" extends="ibank2.mainLayout">
		  <put-attribute name="title"  		value="Confirm my CLI Consent" />
		  <put-attribute name="helpMenu" 		value="AccountInformation" />
		  <put-attribute name="helpFunction" 	value="MyAccount" />
		  <put-attribute name="helpSteps" 	value="" />
		  <put-attribute name="screenId" 	value="" />
		  <put-attribute name="menuOption" 		value="2" />
		  <put-attribute name="body"   		value="/jsp/ibank2/account/confirmCLIConsent.jsp" />	    
  	</definition>

 	<definition name="account.CLICapturedYes" extends="ibank2.mainLayout">
		<put-attribute name="title"  		value="Confirm my CLI Consent" />
		<put-attribute name="helpMenu" 		value="AccountInformation" />
		<put-attribute name="helpFunction" 	value="MyAccount" />
		<put-attribute name="helpSteps" 	value="" />
		<put-attribute name="screenId" 	value="" />
		<put-attribute name="menuOption" 		value="2" />
		<put-attribute name="body"   		value="/jsp/ibank2/account/cliCapturedYes.jsp" />	    
  	</definition>

	<definition name="account.CLICapturedNo" extends="ibank2.mainLayout">
		  <put-attribute name="title"  		value="Confirm my CLI Consent" />
		  <put-attribute name="helpMenu" 		value="AccountInformation" />
		  <put-attribute name="helpFunction" 	value="MyAccount" />
		  <put-attribute name="helpSteps" 	value="" />
		  <put-attribute name="screenId" 	value="" />
		  <put-attribute name="menuOption" 		value="2" />	    
		  <put-attribute name="body"   		value="/jsp/ibank2/account/cliCapturedNo.jsp" />
  	</definition>

	<definition name="account.incCreditLimitTAndC" extends="ibank2.mainLayout">
		<put-attribute name="title"  		value="Increase My Credit Limit" />
		<put-attribute name="helpMenu" 		value="AccountInformation" />
		<put-attribute name="helpFunction" 	value="MyAccount" />
		<put-attribute name="helpSteps" 	value="" />
		<put-attribute name="screenId" 	value="" />
		<put-attribute name="menuOption" 		value="2" />
		<put-attribute name="body"   		value="/jsp/ibank2/account/incCreditLimitTAndC.jsp" />	    
  	</definition>

	<definition name="account.captureCLIConsent" extends="ibank2.mainLayout">
		<put-attribute name="title"  		value="Increase My Credit Limit" />  
		<put-attribute name="helpMenu" 		value="AccountInformation" />
		<put-attribute name="helpFunction" 	value="MyAccount" />
		<put-attribute name="helpSteps" 	value="" />
		<put-attribute name="screenId" 	value="" />
		<put-attribute name="menuOption" 		value="2" />
		<put-attribute name="body"   		value="/jsp/ibank2/account/captureCLIConsent.jsp" />	    
  	</definition> 
  	
  	<!--  14E3 Home Loan Origination -->
 	 
 	 <definition name="ibank2.open.new.account.homeloan" extends="ibank2.mainLayout">
  		<put-attribute name="title"  value="Open New Accounts"/>  		
      	<put-attribute name="helpMenu" 		value="NewAccounts" />
		<put-attribute name="helpFunction" 	value="OpenNewAccount" />
		<put-attribute name="helpSteps" 	value="SelectHL" />
	    <put-attribute name="screenId" 		value="openAccount" />
	    <put-attribute name="menuOption" 		value="3" />
	    <put-attribute name="body"   value="/jsp/ibank2/tools/newaccount/homeLoan.jsp"/>    
    </definition>
    
    <definition name="ibank2.open.new.account.homeloaninfo" extends="ibank2.mainLayout">
  		<put-attribute name="title"  value="Open New Accounts"/>  		
      	<put-attribute name="helpMenu" 		value="NewAccounts" />
		<put-attribute name="helpFunction" 	value="OpenNewAccount" />
		<put-attribute name="helpSteps" 	value="SelectHL" />
	    <put-attribute name="screenId" 		value="openAccount" />
	    <put-attribute name="menuOption" 		value="3" />
	    <put-attribute name="body"   value="/jsp/ibank2/tools/newaccount/homeLoan/homeLoanInfo.jsp "/>    
    </definition>
    
    <!-- 15E1 Click Stream project -->
  	<definition name="ibank2.open.new.account.everyday" extends="ibank2.mainLayout">
  		<put-attribute name="title"  value="Open New Accounts"/>  		
      	<put-attribute name="helpMenu" 		value="NewAccounts" />
		<put-attribute name="helpFunction" 	value="OpenNewAccount" />
		<put-attribute name="helpSteps" 	value="Select" />
	    <put-attribute name="screenId" 		value="openAccount" />
	    <put-attribute name="menuOption" 		value="3" />
	    <put-attribute name="body"   value="/jsp/ibank2/tools/newaccount/everydayAccounts.jsp"/>    
    </definition>
    
    <definition name="ibank2.open.new.account.saving" extends="ibank2.mainLayout">
  		<put-attribute name="title"  value="Open New Accounts"/>  		
      	<put-attribute name="helpMenu" 		value="NewAccounts" />
		<put-attribute name="helpFunction" 	value="OpenNewAccount" />
		<put-attribute name="helpSteps" 	value="SelectSav" />
	    <put-attribute name="screenId" 		value="openAccount" />
	    <put-attribute name="menuOption" 		value="3" />
	    <put-attribute name="body"   value="/jsp/ibank2/tools/newaccount/savingsAccounts.jsp"/>    
    </definition>
    
    <definition name="ibank2.dda.FSRA.news" extends="ibank2.mainLayout">
  		<put-attribute name="title"  value="Open New Accounts"/>  		
      	<put-attribute name="helpMenu" 		value="NewAccounts" />
		<put-attribute name="helpFunction" 	value="OpenNewAccount" />
		<put-attribute name="helpSteps" 	value="TandC" />
	    <put-attribute name="screenId" 		value="fsra" />
	    <put-attribute name="menuOption" 		value="3" />
	    <put-attribute name="body"   value="/jsp/ibank2/account/openAccountNews.jsp"/>    
    </definition>
    
     <definition name="ibank2.dda.details.options" extends="ibank2.mainLayout">
  		<put-attribute name="title"  value="Open New Accounts"/>  		
      	<put-attribute name="helpMenu" 		value="NewAccounts" />
		<put-attribute name="helpFunction" 	value="OpenNewAccount" />
		<put-attribute name="helpSteps" 	value="Details" />
	    <put-attribute name="screenId" 		value="ddaAccount" />
	    <put-attribute name="menuOption" 		value="3" />
	    <put-attribute name="body"   value="/jsp/ibank2/account/newDDADetails.jsp"/>    
    </definition>
    
     <definition name="ibank2.dda.new.confirm" extends="ibank2.mainLayout">
  		<put-attribute name="title"  value="Open New Accounts"/>  		
      	<put-attribute name="helpMenu" 		value="NewAccounts" />
		<put-attribute name="helpFunction" 	value="OpenNewAccount" />
		<put-attribute name="helpSteps" 	value="Confirm" />
	    <put-attribute name="screenId" 		value="ddaConfirm" />
	    <put-attribute name="menuOption" 		value="3" />
	    <put-attribute name="body"   value="/jsp/ibank2/account/newDDAConfirm.jsp"/>    
    </definition>
    
    <definition name="ibank2.dda.new.receipt" extends="ibank2.mainLayout">
  		<put-attribute name="title"  value="Open New Accounts"/>  		
      	<put-attribute name="helpMenu" 		value="NewAccounts" />
		<put-attribute name="helpFunction" 	value="OpenNewAccount" />
		<put-attribute name="helpSteps" 	value="Receipt" />
	    <put-attribute name="screenId" 		value="ddaReceipt" />
	    <put-attribute name="menuOption" 		value="3" />
	    <put-attribute name="body"   value="/jsp/ibank2/account/newDDAReceipt.jsp"/>    
    </definition>
    
      <definition name="ibank2.dda.duplicate.confirm" extends="ibank2.mainLayout">
  		<put-attribute name="title"  value="Open New Accounts"/>  		
      	<put-attribute name="helpMenu" 		value="NewAccounts" />
		<put-attribute name="helpFunction" 	value="OpenNewAccount" />
		<put-attribute name="helpSteps" 	value="Details" />
	    <put-attribute name="screenId" 		value="ddaDupConfirm" />
	    <put-attribute name="menuOption" 		value="3" />
	    <put-attribute name="body"   value="/jsp/ibank2/account/duplicateAcctOpeningReq.jsp"/>    
    </definition>
    
     <definition name="ibank2.hisa.select.workingacct" extends="ibank2.mainLayout">
  		<put-attribute name="title"  value="Open New Accounts"/>  		
      	<put-attribute name="helpMenu" 		value="NewAccounts" />
		<put-attribute name="helpFunction" 	value="OpenNewAccount" />
		<put-attribute name="helpSteps" 	value="WorkingAcct" />
	    <put-attribute name="screenId" 		value="WorkingAcct" />
	    <put-attribute name="menuOption" 		value="3" />
	    <put-attribute name="body"   value="/jsp/ibank2/account/selectWorkingAcct.jsp"/>    
    </definition>
	
	<definition name="ibank2.dda.acct.open.tfnError" extends="ibank2.mainLayout">
  		<put-attribute name="title"  value="Open New Accounts"/>  		
      	<put-attribute name="helpMenu" 		value="NewAccounts" />
		<put-attribute name="helpFunction" 	value="OpenNewAccount" />
		<put-attribute name="helpSteps" 	value="WorkingAcct" />
	    <put-attribute name="screenId" 		value="WorkingAcct" />
	    <put-attribute name="menuOption" 		value="3" />
	    <put-attribute name="body"   value="/jsp/ibank2/acctopen/accountOpenTFNFailure.jsp"/>    
    </definition>
    
     <definition name="ibank2.dda.workingacct.details" extends="ibank2.mainLayout">
  		<put-attribute name="title"  value="Open New Accounts"/>  		
      	<put-attribute name="helpMenu" 		value="NewAccounts" />
		<put-attribute name="helpFunction" 	value="OpenNewAccount" />
		<put-attribute name="helpSteps" 	value="Details" />
	    <put-attribute name="screenId" 		value="ddaAccount" />
	    <put-attribute name="menuOption" 		value="3" />
	    <put-attribute name="body"   value="/jsp/ibank2/account/workingAcctSetup.jsp"/>    
   	 </definition>
   	 
   	 <definition name="ibank2.dda.new.hisaWorkAcctReceipt" extends="ibank2.mainLayout">
  		<put-attribute name="title"  value="Open New Accounts"/>  		
      	<put-attribute name="helpMenu" 		value="NewAccounts" />
		<put-attribute name="helpFunction" 	value="OpenNewAccount" />
		<put-attribute name="helpSteps" 	value="Receipt" />
	    <put-attribute name="screenId" 		value="ddaReceipt" />
	    <put-attribute name="menuOption" 		value="3" />
	    <put-attribute name="body"   value="/jsp/ibank2/account/hisaWorkAcctReceipt.jsp"/>    
    </definition>
    
    <definition name="ibank2.dda.new.sensereceipt" extends="ibank2.mainLayout">
  		<put-attribute name="title"  value="Open New Accounts"/>  		
      	<put-attribute name="helpMenu" 		value="NewAccounts" />
		<put-attribute name="helpFunction" 	value="OpenNewAccount" />
		<put-attribute name="helpSteps" 	value="Receipt" />
	    <put-attribute name="screenId" 		value="ddaReceipt" />
	    <put-attribute name="menuOption" 		value="3" />
	    <put-attribute name="body"   value="/jsp/ibank2/account/newDDASenseReceipt.jsp"/>    
    </definition>
    
     <definition name="ibank2.dda.diysuper.info" extends="ibank2.mainLayout">
  		<put-attribute name="title"  value="Open New Accounts"/>  		
      	<put-attribute name="helpMenu" 		value="NewAccounts" />
		<put-attribute name="helpFunction" 	value="OpenNewAccount" />
		<put-attribute name="helpSteps" 	value="info" />
	    <put-attribute name="screenId" 		value="diyinfo" />
	    <put-attribute name="menuOption" 		value="3" />
	    <put-attribute name="body"   value="/jsp/ibank2/account/diySuperInfo.jsp"/>    
    </definition>
    
      <definition name="ibank2.bt.productOverview" extends="ibank2.mainLayout">
  		<put-attribute name="title"  value="Apply for BT Super for Life"/>  		
      	<put-attribute name="helpMenu" 		value="NewAccounts" />
		<put-attribute name="helpFunction" 	value="BTProdOverview" />
		<put-attribute name="helpSteps" 	value="Details" />
	    <put-attribute name="screenId" 		value="btFundTransferProdOverView" />
	    <put-attribute name="menuOption" 		value="3" />
	    <put-attribute name="body"   value="/jsp/ibank2/account/viewBTProductOverview.jsp"/>    
    </definition>
    
    <definition name="ibank2.bt.superSearchOverview" extends="ibank2.mainLayout">
  		<put-attribute name="title"  value="Search for my super"/>  		
      	<put-attribute name="helpMenu" 		value="NewAccounts" />
		<put-attribute name="helpFunction" 	value="BTSuperSearchOverview" />
		<put-attribute name="helpSteps" 	value="Details" />
	    <put-attribute name="screenId" 		value="btFundTransferProdOverView" />
	    <put-attribute name="menuOption" 		value="3" />
	    <put-attribute name="body"   value="/jsp/ibank2/account/viewBTSuperSearchOverview.jsp"/>    
    </definition>
    
    <definition name="ibank2.bt.manageSuperSearch" extends="ibank2.mainLayout">
  		<put-attribute name="title"  value="Search for my super"/>  		
      	<put-attribute name="helpMenu" 		value="NewAccounts" />
		<put-attribute name="helpFunction" 	value="BTSuperSearchOverview" />
		<put-attribute name="helpSteps" 	value="Details" />
	    <put-attribute name="screenId" 		value="btFundTransferProdOverView" />
	    <put-attribute name="menuOption" 		value="2" />
	    <put-attribute name="body"   value="/jsp/ibank2/account/viewBTSuperSearchOverview.jsp"/>    
    </definition>
    
    <definition name="ibank2.bt.preApplValidationFail" extends="ibank2.mainLayout">
  		<put-attribute name="title"  value="Apply for BT Super for Life"/>  		
      	<put-attribute name="helpMenu" 		value="NewAccounts" />
		<put-attribute name="helpFunction" 	value="BTFullFailure" />
		<put-attribute name="helpSteps" 	value="Details" />
	    <put-attribute name="screenId" 		value="btFundTransferFailedPreVal" />
	    <put-attribute name="menuOption" 		value="3" />
	    <put-attribute name="body"   value="/jsp/ibank2/account/viewBTPreApplValidationFail.jsp"/>    
    </definition>
  	
  	<definition name="ibank2.open.new.account.personalloan" extends="ibank2.mainLayout">
  		<put-attribute name="title"  value="Open New Accounts"/>  		
      	<put-attribute name="helpMenu" 		value="NewAccounts" />
		<put-attribute name="helpFunction" 	value="OpenNewAccount" />
		<put-attribute name="helpSteps" 	value="SelectPL" />
	    <put-attribute name="screenId" 		value="openAccount" />
	    <put-attribute name="menuOption" 		value="3" />
	    <put-attribute name="body"   value="/jsp/ibank2/tools/newaccount/personalLoans.jsp"/>    
    </definition>
    
            <!-- Global Currency Card Page  -->
        
      <definition name="ibank2.gcc.gccproductpage" extends="ibank2.mainLayout">
	      <put-attribute name="title"  value="Global Currency Card"/>
	      <put-attribute name="menuOption" 		value="3" />
	      <put-attribute name="helpMenu" 		value="Products" />
	      <put-attribute name="helpFunction" 	value="landing" />
			<put-attribute name="helpSteps" 	value="" />	      
	      <put-attribute name="body"   value="/jsp/ibank2/account/gccProduct.jsp"/>      
	  </definition>
        
	  <definition name="ibank2.gcc.detailspage" extends="ibank2.mainLayout">
	      <put-attribute name="title"  value="Global Currency Card"/>
	      <put-attribute name="menuOption" 		value="3" />
	      <put-attribute name="helpMenu" 		value="Products" />
	      <put-attribute name="helpFunction" 	value="landing" />
			<put-attribute name="helpSteps" 	value="" />	      
	      <put-attribute name="body"   value="/jsp/ibank2/account/gccDetails.jsp"/>      
	  </definition>

	  <definition name="ibank2.gcc.noteligiable" extends="ibank2.mainLayout">
	      <put-attribute name="title"  value="Global Currency Card"/>
	      <put-attribute name="menuOption" 		value="3" />
	      <put-attribute name="helpMenu" 		value="Products" />
	      <put-attribute name="helpFunction" 	value="landing" />
			<put-attribute name="helpSteps" 	value="" />	      
	      <put-attribute name="body"   value="/jsp/ibank2/account/gccError.jsp"/>      
	  </definition>
    
  	<definition name="ibank2.gcc.confirmsuccess" extends="ibank2.mainLayout">
	      <put-attribute name="title"  value="Global Currency Card"/>
	      <put-attribute name="menuOption" 		value="3" />
	      <put-attribute name="helpMenu" 		value="Products" />
	      <put-attribute name="helpFunction" 	value="landing" />
			<put-attribute name="helpSteps" 	value="" />	      
	      <put-attribute name="body"   value="/jsp/ibank2/account/gccSuccess.jsp"/>      
	  </definition>
	  <definition name="ibank2.gccaccountdetails.page" extends="ibank2.mainLayout">
	      <put-attribute name="title"  value="GCC Account Information"/>
	      <put-attribute name="menuOption" 		value="0" />
	      	<put-attribute name="helpMenu" 		value="TransferandPayment" />
			<put-attribute name="helpSteps" 	value="" />	      
	      <put-attribute name="body"   value="/jsp/ibank2/account/gccAccountDetails.jsp"/>      
	  </definition>
	  <definition name="ibank2.gcc.accountError" extends="ibank2.mainLayout">
	      <put-attribute name="title"  value="Global Currency Card"/>
	      <put-attribute name="menuOption" 		value="0" />
	      <put-attribute name="helpMenu" 		value="Products" />
	      <put-attribute name="helpFunction" 	value="landing" />
			<put-attribute name="helpSteps" 	value="" />	      
	      <put-attribute name="body"   value="/jsp/ibank2/account/gccAccountDetailsError.jsp"/>      
	  </definition>

      <definition name="ibank2.www.wwwproductpage" extends="ibank2.mainLayout">
	      <put-attribute name="title"  value="Worldwide Wallet"/>
	      <put-attribute name="menuOption" 		value="3" />
	      <put-attribute name="helpMenu" 		value="Products" />
	      <put-attribute name="helpFunction" 	value="landing" />
			<put-attribute name="helpSteps" 	value="" />	      
	      <put-attribute name="body"   value="/jsp/ibank2/account/worldwideWalletProduct.jsp"/>      
	  </definition>

  	 <definition name="ibank2.atmlimit.upd.details" extends="ibank2.mainLayout">
	      <put-attribute name="title"  value="ATM Limit Update"/>
	      <put-attribute name="menuOption" 		value="2" />
	      <put-attribute name="helpMenu" 		value="Maintenance" />
	      <put-attribute name="helpFunction" 	value="ManageAtmEftpos" />
			<put-attribute name="helpSteps" 	value="ChangeLimit" />	      
	      <put-attribute name="body"   value="/jsp/ibank2/account/atmLimitUpdate.jsp"/>      
	  </definition>
    
    
    <!-- 16E2 One Click start  --> 
   
   
    <definition name="ibank2.dda.crossSell.acct.open" extends="ibank2.mainLayout">
  		<put-attribute name="title"  value="Open New Accounts"/>  		
      	<put-attribute name="helpMenu" 		value="NewAccounts" />
		<put-attribute name="helpFunction" 	value="OpenNewAccount" />
		<put-attribute name="helpSteps" 	value="Select" />
	    <put-attribute name="screenId" 		value="openAccount" />
	    <put-attribute name="menuOption" 		value="3" />
	    <put-attribute name="body"   value="/jsp/ibank2/acctopen/crossSellReceipt.jsp"/> 
    </definition>
    
    
     <definition name="ibank2.dda.crossSell.duplicate.actopen" extends="ibank2.mainLayout">
  		<put-attribute name="title"  value="Open New Accounts"/>  		
      	<put-attribute name="helpMenu" 		value="NewAccounts" />
		<put-attribute name="helpFunction" 	value="OpenNewAccount" />
		<put-attribute name="helpSteps" 	value="Select" />
	    <put-attribute name="screenId" 		value="openAccount" />
	    <put-attribute name="menuOption" 		value="3" />
	    <put-attribute name="body"   value="/jsp/ibank2/acctopen/crossSellduplicateAcctOpeningReq.jsp"/> 
    </definition>
     
   
   
   <definition name="ibank2.dda.crossSell.acct.open.system.unavailable" extends="ibank2.mainLayout">
  		<put-attribute name="title"  value="Open New Accounts"/>  		
      	<put-attribute name="helpMenu" 		value="NewAccounts" />
		<put-attribute name="helpFunction" 	value="OpenNewAccount" />
		<put-attribute name="helpSteps" 	value="Select" />
	    <put-attribute name="screenId" 		value="openAccount" />
	    <put-attribute name="menuOption" 		value="3" />
	    <put-attribute name="body"   value="/jsp/ibank2/acctopen/crossSellSystemUnavailable.jsp"/> 
    </definition>
   
   
   <definition name="ibank2.open.new.account.everydayacctopen" extends="ibank2.mainLayout">
  		<put-attribute name="title"  value="Open New Accounts"/>  		
      	<put-attribute name="helpMenu" 		value="NewAccounts" />
		<put-attribute name="helpFunction" 	value="OpenNewAccount" />
		<put-attribute name="helpSteps" 	value="Select" />
	    <put-attribute name="screenId" 		value="openAccount" />
	    <put-attribute name="menuOption" 		value="3" />
	    <put-attribute name="body"   value="/jsp/ibank2/acctopen/everydayAccounts.jsp"/>    
    </definition>
    
     <definition name="ibank2.open.new.account.savingsacctopen" extends="ibank2.mainLayout">
  		<put-attribute name="title"  value="Open New Accounts"/>  		
      	<put-attribute name="helpMenu" 		value="NewAccounts" />
		<put-attribute name="helpFunction" 	value="OpenNewAccount" />
		<put-attribute name="helpSteps" 	value="Select" />
	    <put-attribute name="screenId" 		value="openAccount" />
	    <put-attribute name="menuOption" 		value="3" />
	    <put-attribute name="body"   value="/jsp/ibank2/acctopen/savingsAccounts.jsp"/>    
    </definition>
        
    <definition name="ibank2.dda.acct.open" extends="ibank2.mainLayout">
  		<put-attribute name="title"  value="Open New Accounts"/>  		
      	<put-attribute name="helpMenu" 		value="NewAccounts" />
		<put-attribute name="helpFunction" 	value="OpenNewAccount" />
		<put-attribute name="helpSteps" 	value="TandC" />
	    <put-attribute name="screenId" 		value="fsra" />
	    <put-attribute name="menuOption" 		value="3" />
	    <put-attribute name="body"   value="/jsp/ibank2/acctopen/openAccount.jsp"/>    
    </definition>
    
     <definition name="ibank2.dda.duplicate.actopen" extends="ibank2.mainLayout">
  		<put-attribute name="title"  value="Open New Accounts"/>  		
      	<put-attribute name="helpMenu" 		value="NewAccounts" />
		<put-attribute name="helpFunction" 	value="OpenNewAccount" />
		<put-attribute name="helpSteps" 	value="Details" />
	    <put-attribute name="screenId" 		value="ddaDupConfirm" />
	    <put-attribute name="menuOption" 		value="3" />
	    <put-attribute name="body"   value="/jsp/ibank2/acctopen/duplicateAcctOpeningReq.jsp"/>    
    </definition>
    
    <definition name="ibank2.open.new.dda.receipt" extends="ibank2.mainLayout">
  		<put-attribute name="title"  value="Open New Accounts"/>  		
      	<put-attribute name="helpMenu" 		value="NewAccounts" />
		<put-attribute name="helpFunction" 	value="OpenNewAccount" />
		<put-attribute name="helpSteps" 	value="Receipt" />
	    <put-attribute name="screenId" 		value="ddaReceipt" />
	    <put-attribute name="menuOption" 		value="3" />
	    <put-attribute name="body"   value="/jsp/ibank2/acctopen/openNewDDAReceipt.jsp"/>    
    </definition>
	
	<definition name="ibank2.dda.with.hisa.acct.open" extends="ibank2.mainLayout">
  		<put-attribute name="title"  value="Open New Accounts"/>  		
      	<put-attribute name="helpMenu" 		value="NewAccounts" />
		<put-attribute name="helpFunction" 	value="OpenNewAccount" />
		<put-attribute name="helpSteps" 	value="Receipt" />
	    <put-attribute name="screenId" 		value="ddaReceipt" />
	    <put-attribute name="menuOption" 		value="3" />
	    <put-attribute name="body"   value="/jsp/ibank2/acctopen/openNewDDAHisaRcpt.jsp"/>    
    </definition>
    
     <definition name="ibank2.hisa.select.workingacctopen" extends="ibank2.mainLayout">
  		<put-attribute name="title"  value="Open New Accounts"/>  		
      	<put-attribute name="helpMenu" 		value="NewAccounts" />
		<put-attribute name="helpFunction" 	value="OpenNewAccount" />
		<put-attribute name="helpSteps" 	value="WorkingAcct" />
	    <put-attribute name="screenId" 		value="WorkingAcct" />
	    <put-attribute name="menuOption" 		value="3" />
	    <put-attribute name="body"   value="/jsp/ibank2/acctopen/selectWorkingAcct.jsp"/>    
	 </definition>
	  
	<definition name="ibank2.dda.hisa.acct.open" extends="ibank2.mainLayout">
  		<put-attribute name="title"  value="Open New Accounts"/>  		
      	<put-attribute name="helpMenu" 		value="NewAccounts" />
		<put-attribute name="helpFunction" 	value="OpenNewAccount" />
		<put-attribute name="helpSteps" 	value="WorkingAcct" />
	    <put-attribute name="screenId" 		value="WorkingAcct" />
	    <put-attribute name="menuOption" 		value="3" />
	    <put-attribute name="body"   value="/jsp/ibank2/acctopen/hisaWorkAcctOpen.jsp"/>  	    
    </definition>
    
    
    <definition name="ibank2.dda.with.sense.acct.open" extends="ibank2.mainLayout">
  		<put-attribute name="title"  value="Open New Accounts"/>  		
      	<put-attribute name="helpMenu" 		value="NewAccounts" />
		<put-attribute name="helpFunction" 	value="OpenNewAccount" />
		<put-attribute name="helpSteps" 	value="Receipt" />
	    <put-attribute name="screenId" 		value="ddaReceipt" />
	    <put-attribute name="menuOption" 		value="3" />
	    <put-attribute name="body"   value="/jsp/ibank2/acctopen/openNewDDASenseRcpt.jsp"/>    
    </definition>
    
    <!-- Insurance Landing Page -->
    
    <definition name="ibank2.insurance.travelInsurance" extends="ibank2.mainLayout">
	      <put-attribute name="title"           value="Travel Insurance"/>
	      <put-attribute name="menuOption" 		value="3" />
	      <put-attribute name="helpMenu" 		value="Products" />
	      <put-attribute name="helpFunction" 	value="landing" />
		  <put-attribute name="helpSteps" 	    value="" />	      
	      <put-attribute name="body"            value="/jsp/ibank2/tools/newaccount/insurance/travelInsuranceLanding.jsp"/>
	  </definition>
	  <definition name="ibank2.insurance.carInsurance" extends="ibank2.mainLayout">
	      <put-attribute name="title"           value="Travel Insurance"/>
	      <put-attribute name="menuOption" 		value="3" />
	      <put-attribute name="helpMenu" 		value="Products" />
	      <put-attribute name="helpFunction" 	value="landing" />
		  <put-attribute name="helpSteps" 	    value="" />	      
	      <put-attribute name="body"            value="/jsp/ibank2/tools/newaccount/insurance/carInsuranceLanding.jsp"/>
	  </definition>
	  <definition name="ibank2.insurance.homeInsurance" extends="ibank2.mainLayout">
	      <put-attribute name="title"           value="Travel Insurance"/>
	      <put-attribute name="menuOption" 		value="3" />
	      <put-attribute name="helpMenu" 		value="Products" />
	      <put-attribute name="helpFunction" 	value="landing" />
		  <put-attribute name="helpSteps" 	    value="" />	      
	      <put-attribute name="body"            value="/jsp/ibank2/tools/newaccount/insurance/homeInsuranceLanding.jsp"/>
	  </definition>
	  <definition name="ibank2.insurance.landlordInsurance" extends="ibank2.mainLayout">
	      <put-attribute name="title"           value="Landlord Insurance"/>
	      <put-attribute name="menuOption" 		value="3" />
	      <put-attribute name="helpMenu" 		value="Products" />
	      <put-attribute name="helpFunction" 	value="landing" />
		  <put-attribute name="helpSteps" 	    value="" />	      
	      <put-attribute name="body"            value="/jsp/ibank2/tools/newaccount/insurance/landlordInsuranceLanding.jsp"/>
	  </definition>
	  
	  <definition name="ibank2.insurance.externalPage" extends="ibank2.mainLayout">
	      <put-attribute name="title"           value="Insurance"/>
	      <put-attribute name="menuOption" 		value="3" />
	      <put-attribute name="helpMenu" 		value="Products" />
	      <put-attribute name="helpFunction" 	value="landing" />
		  <put-attribute name="helpSteps" 	    value="" />	      
	      <put-attribute name="body"            value="/jsp/ibank2/tools/newaccount/insurance/insuranceExternalLink.jsp"/>
	  </definition>
	  
	  <definition name="ibank2.open.new.account.salesOfferDetails" extends="ibank2.mainLayout">
  		<put-attribute name="title"  value="Open New Accounts"/>  		
      	<put-attribute name="helpMenu" 		value="NewAccounts" />
		<put-attribute name="helpFunction" 	value="OpenNewAccount" />
		<put-attribute name="helpSteps" 	value="SelectCC" />
	    <put-attribute name="screenId" 		value="openAccount" />
	    <put-attribute name="menuOption" 		value="3" />
	    <put-attribute name="body"   value="/jsp/ibank2/tools/newaccount/offers/salesOfferDetails.jsp"/>    
    </definition> 
    
    <definition name="ibank2.open.new.account.customErrorPage" extends="ibank2.mainLayout">
  		<put-attribute name="title"  value="Open New Accounts"/>  		
      	<put-attribute name="helpMenu" 		value="NewAccounts" />
		<put-attribute name="helpFunction" 	value="OpenNewAccount" />
		<put-attribute name="helpSteps" 	value="SelectCC" />
	    <put-attribute name="screenId" 		value="openAccount" />
	    <put-attribute name="menuOption" 		value="3" />
	    <put-attribute name="body"   value="/jsp/ibank2/tools/newaccount/offers/customErrorPage.jsp"/>    
    </definition> 
    
    
     <definition name="ibank2.open.new.account.salesOffer" extends="ibank2.mainLayout">
  		<put-attribute name="title"  value="Open New Accounts"/>  		
      	<put-attribute name="helpMenu" 		value="NewAccounts" />
		<put-attribute name="helpFunction" 	value="OpenNewAccount" />
		<put-attribute name="helpSteps" 	value="SelectCC" />
	    <put-attribute name="screenId" 		value="openAccount" />
	    <put-attribute name="menuOption" 		value="3" />
	    <put-attribute name="body"   value="/jsp/ibank2/tools/newaccount/offers/salesOffer.jsp"/>    
    </definition> 
    
    <!-- Navigation for Change PIN-->
  	<definition name="onlinePin.eligibleCards.screen" extends="ibank2.mainLayout">		
	  <put-attribute name="title" value="Account Servicing"/>
	  <put-attribute name="body" value="/jsp/ibank2/account/onlinePinEligibleCard.jsp" />
	  <put-attribute name="screenId" 		value="changeCardPin" />
	  <put-attribute name="menuOption" 		value="2" />  
	  <put-attribute name="helpMenu" 		value="Maintenance" />
	  <put-attribute name="helpFunction" 	value="ChangeCardPIN" />
	  <put-attribute name="helpSteps" 	value="" />
	</definition>
	
	<definition name="onlinePin.2FA.screen" extends="ibank2.mainLayout">		
	  <put-attribute name="title" value="Account Servicing"/>
	  <put-attribute name="body" value="/jsp/ibank2/account/onlinePin2FA.jsp" />
	  <put-attribute name="screenId" 		value="changeCardPin" />
	  <put-attribute name="menuOption" 		value="2" />   
	  <put-attribute name="helpMenu" 		value="Maintenance" />
	  <put-attribute name="helpFunction" 	value="ChangeCardPIN" />
	  <put-attribute name="helpSteps" 	value="" />
	</definition>
	
	<definition name="onlinePin.onlinePinChange.screen" extends="ibank2.mainLayout">		
	  <put-attribute name="title" value="Account Servicing"/>
	  <put-attribute name="body" value="/jsp/ibank2/account/onlinePinChange.jsp" />
	  <put-attribute name="screenId" 		value="changeCardPin" />
	  <put-attribute name="menuOption" 		value="2" />  
      <put-attribute name="helpMenu" 		value="Maintenance" />
      <put-attribute name="helpFunction" 	value="ChangeCardPIN" />
	  <put-attribute name="helpSteps" 	value="" />
	</definition>
	
	<definition name="onlinePin.onlinePinConfirm.screen" extends="ibank2.mainLayout">		
	  <put-attribute name="title" value="Account Servicing"/>
	  <put-attribute name="body" value="/jsp/ibank2/account/onlinePinConfirm.jsp" />
	  <put-attribute name="screenId" 		value="changeCardPin" />
	  <put-attribute name="menuOption" 		value="2" />   
	  <put-attribute name="helpMenu" 		value="Maintenance" />
	  <put-attribute name="helpFunction" 	value="ChangeCardPIN" />
	  <put-attribute name="helpSteps" 	value="" />
	</definition>
	
	<definition name="onlinePin.error.screen" extends="ibank2.mainLayout">		
	  <put-attribute name="title" value="Account Servicing"/>
	  <put-attribute name="body" value="/jsp/ibank2/account/onlinePinError.jsp" />
	  <put-attribute name="screenId" 		value="changeCardPin" />
	  <put-attribute name="menuOption" 		value="2" />   
	  <put-attribute name="helpMenu" 		value="Maintenance" />
	  <put-attribute name="helpFunction" 	value="ChangeCardPIN" />
	  <put-attribute name="helpSteps" 	value="" />
	</definition>
 
 	  
    <!-- PDF Statement Page  -->
	  <definition name="ibank2.pdfstatement.page" extends="ibank2.mainLayout">
	      <put-attribute name="title"  value="PDF Statement"/>
	      <put-attribute name="menuOption" 		value="2" />
	      	<put-attribute name="helpMenu" 		value="TransferandPayment" />
			<put-attribute name="helpFunction" 	value="TranHistory" />
			<put-attribute name="helpSteps" 	value="" />	      
	      <put-attribute name="body"   value="/jsp/ibank2/account/pdfStatement.jsp"/>      
	  </definition>	 
	  
	  	  
	 	<!--Financial Year's Interest -->
	<!-- This jsp should have what do you want to do links -->
	<definition name="ibank2.account.financialYearInterest" extends="ibank2.mainLayout">
		<put-attribute name="title"		value="Financial Year&apos;s Interest" />
<!--		<put name="menu"		value="account.menu" />-->
		<put-attribute name="body"		value="/jsp/ibank2/account/financialYearInterest.jsp" />
		<!-- <put-attribute name="whatNext" 	value="/jsp/common/whatNext.jsp" /> -->
		<!-- <put-attribute name="defaultForm" value="financialYearInterestForm" /> -->
		<put-attribute name="helpMenu" value="AccountInformation" />
		<put-attribute name="helpFunction" value="FinYrInterest" />
		<put-attribute name="helpSteps" value="Details" />
		<put-attribute name="screenId" 	value="" />
        <put-attribute name="menuOption" 		value="2" />	    
	</definition>	
	<!--Financial Year's Interest -->	
	
	
	<definition name="ibank2.account.decreaseCreditLimit" extends="ibank2.mainLayout">
		<put-attribute name="title"  		value="Decrease Credit Limit" />
		<put-attribute name="helpMenu" 		value="Maintenance" />
		<put-attribute name="helpFunction" 	value="DecreaseCCLimit" />
		<put-attribute name="helpSteps" 	value="CCLimit" />
		<put-attribute name="screenId" 	value="" />
		<put-attribute name="menuOption" 		value="2" />	    
		<put-attribute name="body"   		value="/jsp/ibank2/account/decreaseCreditLimit.jsp" />
  </definition>
  
  <definition name="ibank2.account.decreaseCcLimitContinue" extends="ibank2.mainLayout">
		<put-attribute name="title"  		value="Decrease Credit Limit" />
		<put-attribute name="helpMenu" 		value="Maintenance" />
		<put-attribute name="helpFunction" 	value="DecreaseCCLimit" />
		<put-attribute name="helpSteps" 	value="CCLimit" />
		<put-attribute name="screenId" 	value="" />
		<put-attribute name="menuOption" 		value="2" />	    
		<put-attribute name="body"   		value="/jsp/ibank2/account/decreaseCcLimitContinue.jsp" />
  </definition>
  <definition name="ibank2.account.decreaseCcLimitConfirm" extends="ibank2.mainLayout">
		<put-attribute name="title"  		value="Decrease Credit Limit" />
		<put-attribute name="helpMenu" 		value="Maintenance" />
		<put-attribute name="helpFunction" 	value="CCLimit" />
		<put-attribute name="helpSteps" 	value="" />
		<put-attribute name="screenId" 	value="" />
		<put-attribute name="menuOption" 		value="2" />	    
		<put-attribute name="body"   		value="/jsp/ibank2/account/decreaseCcLimitConfirm.jsp" />
  </definition>
  
   <definition extends="ibank2.mainLayoutCat" name="ibank2.account.categorisation.details">
		<put-attribute name="title" value="Categorisation"/>
		<put-attribute name="menuOption" value="0"/>
		<put-attribute name="helpMenu" value="AccountInformation"/>
		<put-attribute name="helpFunction" value="Categorisation"/>
		<put-attribute name="helpSteps" value=""/>
		<put-attribute name="body" value="/jsp/ibank2/account/categorisation.jsp"/>
  </definition>
  
   <definition extends="ibank2.mainLayoutCat" name="ibank2.account.subCategorisation.details">
		<put-attribute name="title" value="SubCategorisation"/>
		<put-attribute name="menuOption" value="0"/>
		<put-attribute name="helpMenu" value="AccountInformation"/>
		<put-attribute name="helpFunction" value="SubCategorisation"/>
		<put-attribute name="helpSteps" value=""/>
		<put-attribute name="body" value="/jsp/ibank2/account/subCategorisation.jsp"/>
  </definition>
  
  <definition name="ibank2.obtile.segments" extends="ibank2.mainLayout">
		<put-attribute name="title"  		value="ObTile Segments" />
		<put-attribute name="helpMenu" 		value="Maintenance" />
		<put-attribute name="helpFunction" 	value="DecreaseCCLimit" />
		<put-attribute name="helpSteps" 	value="CCLimit" />
		<put-attribute name="menuOption" 		value="2" />	    
		<put-attribute name="body"   		value="/jsp/ibank2/account/segments.jsp" />
  </definition>

  <definition name="ibank2.obtile.features" extends="ibank2.mainLayout">
		<put-attribute name="title"  		value="ObTile Features" />
		<put-attribute name="helpMenu" 		value="Maintenance" />
		<put-attribute name="helpFunction" 	value="DecreaseCCLimit" />
		<put-attribute name="helpSteps" 	value="CCLimit" />
		<put-attribute name="menuOption" 		value="2" />	    
		<put-attribute name="body"   		value="/jsp/ibank2/account/features.jsp" />
  </definition>  
 
  <definition name="ibank2.accountdetails.page" extends="ibank2.mainLayoutCat">
      <put-attribute name="title"  value="Account Details"/>
      <put-attribute name="menuOption" 		value="0" />
      	<put-attribute name="helpMenu" 		value="TransferandPayment" />
		<put-attribute name="helpFunction" 	value="TranHistory" />
		<put-attribute name="helpSteps" 	value="" />	      
      <put-attribute name="body"   value="/jsp/ibank2/account/accountDetails.jsp"/>      
  </definition> 
  
    <definition name="ibank2.retention.cashback.receipt" extends="ibank2.mainLayout">
  		<put-attribute name="title" value="My Invitations" />
		<put-attribute name="body" value="/jsp/ibank2/retention/retention_receipt.jsp" />
		<put-attribute name="menuOption" 		value="3" />	
		<put-attribute name="helpMenu" 		value="Products" />
	    <put-attribute name="helpFunction" 	value="landing" />
		<put-attribute name="helpSteps" 	    value="" />	
    </definition> 
  
</tiles-definitions>

 