<?xml version="1.0" encoding="UTF-8" ?>
<!DOCTYPE tiles-definitions PUBLIC
	"-//Apache Software Foundation//DTD Tiles Configuration 3.0//EN"
	"http://tiles.apache.org/dtds/tiles-config_3_0.dtd">

	<!-- Definitions for IBank Accounts access   -->

<tiles-definitions>

	<definition name="message.list" extends="ibank2.mainLayout">
		<put-attribute name="title" value="MessageCenter" />
		<put-attribute name="body" value="/jsp/ibank2/messageCentre/messageList.jsp" />
		<put-attribute name="helpMenu" value="MessageCentre" />
		<put-attribute name="helpFunction" value="mcList" />
		<put-attribute name="helpSteps" value="" />
		<put-attribute name="screenId" 	value="mcList" />
		<put-attribute name="menuOption" 		value="0" />
	</definition>
	
	<definition name="message.show" extends="ibank2.mainLayout">
		<put-attribute name="title" value="MessageCenter" />
		<put-attribute name="body" value="/jsp/ibank2/messageCentre/messageShow.jsp" />
		<put-attribute name="helpMenu" value="MessageCentre" />
		<put-attribute name="helpFunction" value="mcDetails" />
		<put-attribute name="helpSteps" value="" />
		<put-attribute name="screenId" 	value="mcDetails" />
		<put-attribute name="menuOption" 		value="0" />
	</definition>
	

</tiles-definitions>
