<?xml version="1.0" encoding="UTF-8" ?>
<!DOCTYPE tiles-definitions PUBLIC
	"-//Apache Software Foundation//DTD Tiles Configuration 3.0//EN"
	"http://tiles.apache.org/dtds/tiles-config_3_0.dtd">

<tiles-definitions>

	<!-- Landing for Manage Accounts Menu section -->
	<definition name="my.information.landing.tile" extends="ibank2.mainLayout">
		<put-attribute name="title" value="Manage Accounts" />
		<put-attribute name="body" value="/jsp/ibank2/customer/myInformationLanding.jsp" />
		<put-attribute name="helpMenu" 		value="MyInformation" />
	    <put-attribute name="helpFunction" 	value="" />
	    <put-attribute name="helpSteps" 	value="" /> 
	    <put-attribute name="screenId" 	value="" />
	    <put-attribute name="menuOption" 		value="4" />
	</definition>
	
	<definition name="overseas.travel.landing.page" extends="ibank2.mainLayout">		
	 	<put-attribute name="title" value="Overseas Travel"/>
	  	<put-attribute name="body" value="/jsp/ibank2/customer/overseasTravel.jsp" />
	 	<put-attribute name="helpMenu" 		value="OverseasTravel" />
	  	<put-attribute name="helpFunction" 	value="travelDetails" />
		<put-attribute name="helpSteps" 	value="" />
	    <put-attribute name="screenId" 		value="travelDetails" />
	    <put-attribute name="menuOption" 		value="5" />    
	</definition>
	<definition name="overseas.travel.secure" extends="ibank2.mainLayout">		
	  	<put-attribute name="title" value="Overseas Travel"/>
	  	<put-attribute name="body" value="/jsp/ibank2/customer/overseasTravelSecure.jsp" />
	 	<put-attribute name="helpMenu" 		value="OverseasTravel" />
	  	<put-attribute name="helpFunction" 	value="travelSecure" />
		<put-attribute name="helpSteps" 	value="" />
	    <put-attribute name="screenId" 		value="travelSecure" />
	    <put-attribute name="menuOption" 		value="5" /> 
	</definition>
	<definition name="overseas.travel.details" extends="ibank2.mainLayout">		
	  <put-attribute name="title" value="Overseas Travel"/>
	  <put-attribute name="body" value="/jsp/ibank2/customer/overseasTravelDetails.jsp" />
	  <put-attribute name="helpMenu" 		value="OverseasTravel" />
	  <put-attribute name="helpFunction" 	value="travelDetails" />
	  <put-attribute name="helpSteps" 	value="" />
	  <put-attribute name="screenId" 		value="travelDetails" />
	  <put-attribute name="menuOption" 		value="5" />	    
	</definition>
	<definition name="overseas.travel.receipt" extends="ibank2.mainLayout">		
	  <put-attribute name="title" value="Overseas Travel"/>
	  <put-attribute name="body" value="/jsp/ibank2/customer/overseasTravelReceipt.jsp" />
	  <put-attribute name="helpMenu" 		value="OverseasTravel" />
	  <put-attribute name="helpFunction" 	value="" />
	  <put-attribute name="helpSteps" 	value="" />
	  <put-attribute name="screenId" 		value="" />
	  <put-attribute name="menuOption" 		value="5" />	    
	</definition>
	
	<definition name="cardactivation.landing.page" extends="ibank2.mainLayout">		
	  <put-attribute name="title" value="Account Servicing"/>
	  <put-attribute name="body" value="/jsp/ibank2/customer/cardActivation.jsp" />
	  <put-attribute name="helpMenu" 		value="Maintenance" />
	  <put-attribute name="helpFunction" 	value="CardActivate" />
	  <put-attribute name="helpSteps" 	value="" />
	  <put-attribute name="screenId" 		value="cardActivation" />
	  <put-attribute name="menuOption" 		value="2" />	    
	</definition>
	<definition name="cardactivation.cliconsent" extends="ibank2.mainLayout">		
	  <put-attribute name="title" value="Account Servicing"/>
	  <put-attribute name="body" value="/jsp/ibank2/customer/cardActivation.jsp" />
	  <put-attribute name="helpMenu" 		value="Maintenance" />
	  <put-attribute name="helpFunction" 	value="CardActivate" />
	  <put-attribute name="helpSteps" 	value="" />
	  <put-attribute name="screenId" 		value="cardActivation" />
	  <put-attribute name="menuOption" 		value="2" />	    
	</definition>

	<definition name="ibank2.viewContactDetails" extends="ibank2.mainLayout">		
	  <put-attribute name="title" value="My Information"/>
	  <put-attribute name="body" value="/jsp/ibank2/customer/viewContactDetails.jsp" />
	  <put-attribute name="helpMenu" 		value="MyInformation" />
	  <put-attribute name="helpFunction" 	value="ContactDetails" />
	  <put-attribute name="helpSteps" 	value="View" />
	  <put-attribute name="screenId" 		value="viewContactDetails" />
	  <put-attribute name="menuOption" 		value="4" />	    
	</definition>
	
	<definition name="ibank2.viewContactDetails.success" extends="ibank2.mainLayout">		
	  <put-attribute name="title" value="My Information"/>
	  <put-attribute name="body" value="/jsp/ibank2/customer/viewContactDetails.jsp" />
	  <put-attribute name="helpMenu" 		value="MyInformation" />
	  <put-attribute name="helpFunction" 	value="ContactDetails" />
	  <put-attribute name="helpSteps" 	value="Success" />
	  <put-attribute name="screenId" 		value="contactDetails" />
	  <put-attribute name="menuOption" 		value="4" />	    
	</definition>
	
		<definition name="ibank2.emailUpdateSuccess.success" extends="ibank2.mainLayout">		
	  <put-attribute name="title" value="My Information"/>
	  <put-attribute name="body" value="/jsp/ibank2/customer/updateEmailSuccess.jsp" />
	  <put-attribute name="helpMenu" 		value="MyInformation" />
	  <put-attribute name="helpFunction" 	value="ContactDetails" />
	  <put-attribute name="helpSteps" 	value="Success" />
	  <put-attribute name="screenId" 		value="contactDetails" />
	  <put-attribute name="menuOption" 		value="4" />	    
	</definition>
	
	<definition name="ibank2.editContactDetails.secure" extends="ibank2.mainLayout">		
	  <put-attribute name="title" value="My Information"/>
	  <put-attribute name="body" value="/jsp/ibank2/customer/editContactDetailsSecure.jsp" />
	  <put-attribute name="helpMenu" 		value="MyInformation" />
	  <put-attribute name="helpFunction" 	value="ContactDetails" />
	  <put-attribute name="helpSteps" 	value="Success" />
	  <put-attribute name="screenId" 		value="PaymentSecure" />
	  <put-attribute name="menuOption" 		value="4" />	    
	</definition>
	
	<definition name="ibank2.editViewContactDetails" extends="ibank2.mainLayout">		
	  <put-attribute name="title" value="My Information"/>
	  <put-attribute name="body" value="/jsp/ibank2/customer/editContactDetails.jsp" />
	  <put-attribute name="helpMenu" 		value="MyInformation" />
	  <put-attribute name="helpFunction" 	value="ContactDetails" />
	  <put-attribute name="helpSteps" 	value="Edit" />
	  <put-attribute name="screenId" 		value="editContactDetails" />
	  <put-attribute name="menuOption" 		value="4" />	    
	</definition>
	
	<definition name="ibank2.bt.viewContactDetails" extends="ibank2.mainLayout">		
	  <put-attribute name="title" value="Apply for BT Super for Life"/>
	  <put-attribute name="body" value="/jsp/ibank2/customer/viewBTContactDetails.jsp" />
	  <put-attribute name="helpMenu" 		value="NewAccounts" />
	  <put-attribute name="helpFunction" 	value="BTConfirm" />
	  <put-attribute name="helpSteps" 	value="Details" />
	  <put-attribute name="screenId" 		value="btFundTransferViewContact" />
	  <put-attribute name="menuOption" 		value="3" />	    
	</definition>
	
	<definition name="ibank2.hli.viewContactDetails" extends="ibank2.mainLayout">		
	  <put-attribute name="title" value="Apply for Home Loan Increase"/>
	  <put-attribute name="body" value="/jsp/ibank2/customer/viewHomeLoanIncreaseContactDetails.jsp" />
	  <put-attribute name="helpMenu" 		value="AccountInformation" />
	  <put-attribute name="helpFunction" 	value="HLSI" />
	  <put-attribute name="helpSteps" 	value="Details" />
	  <put-attribute name="screenId" 		value="" />
	  <put-attribute name="menuOption" 		value="2" />	    
	</definition>
	
	<definition name="ibank2.ece.verify.details" extends="ibank2.mainLayout">		
	 	<put-attribute name="title" value="Overseas Travel"/>
	  	<put-attribute name="body" value="/jsp/ibank2/customer/verifyECEDetails.jsp" />
	 	<put-attribute name="helpMenu" 		value="SMSAlert" />
	  	<put-attribute name="helpFunction" 	value="Alert" />
		<put-attribute name="helpSteps" 	value="List" />
	    <put-attribute name="screenId" 		value="customerDetails" />
	    <put-attribute name="menuOption" 		value="4" />    
	</definition>
	
	<definition name="ibank2.ece.verify.details.error" extends="ibank2.mainLayout">		
	 	<put-attribute name="title" value="Overseas Travel"/>
	  	<put-attribute name="body" value="/jsp/ibank2/customer/verifyDetailsError.jsp" />
	 	<put-attribute name="helpMenu" 		value="SMSAlert" />
	  	<put-attribute name="helpFunction" 	value="Alert" />
		<put-attribute name="helpSteps" 	value="List" />
	    <put-attribute name="screenId" 		value="customerDetails" />
	    <put-attribute name="menuOption" 		value="4" />    
	</definition>
	
	<definition name="reset.password.default" extends="ibank2.externalLinkLayout">		
	  <put-attribute name="title" value="My Information"/>
	  <put-attribute name="body" value="/jsp/ibank2/customer/resetPassword.jsp" />
	  <put-attribute name="helpMenu" 		value="logon" />
	  <put-attribute name="helpFunction" 	value="Password" />
	  <put-attribute name="helpSteps" 	value="reset" />
	  <put-attribute name="screenId" 		value="" />
	  <put-attribute name="menuOption" 		value="" />
	</definition>
	
	<definition name="splash.onboarding.default" extends="ibank2.externallinkSplash">		
	  <put-attribute name="title" value="EStatement Onboarding"/>
	  <put-attribute name="body" value="/jsp/ibank2/customer/eStmtOnboarding.jsp" />
	  <put-attribute name="helpMenu" 		value="EStatement" />
	  <put-attribute name="helpFunction" 	value="Onboarding" />
	  <put-attribute name="helpSteps" 	value="DesktopOnboarding" />
	  <put-attribute name="screenId" 		value="" />
	  <put-attribute name="menuOption" 		value="" />
	</definition>
	
	<definition name="splash.onboarding.confirmScreen" extends="ibank2.externallinkSplash">		
	  <put-attribute name="title" value="EStatement Onboarding"/>
	  <put-attribute name="body" value="/jsp/ibank2/customer/eStmtOnboardingConfirm.jsp" />
	  <put-attribute name="helpMenu" 		value="EStatement" />
	  <put-attribute name="helpFunction" 	value="Onboarding" />
	  <put-attribute name="helpSteps" 	value="DesktopOnboarding" />
	  <put-attribute name="screenId" 		value="" />
	  <put-attribute name="menuOption" 		value="" />
	</definition>
	
	
	<definition name="reset.passAndSec.default" extends="ibank2.externalLinkUserInfoLayout">		
	  <put-attribute name="title" value="My Information"/>
	  <put-attribute name="body" value="/jsp/ibank2/customer/resetPassAndSec.jsp" />
	  <put-attribute name="helpMenu" 		value="logon" />
	  <put-attribute name="helpFunction" 	value="Password" />
	  <put-attribute name="helpSteps" 	value="reset" />
	  <put-attribute name="screenId" 		value="" />
	  <put-attribute name="menuOption" 		value="" />
	</definition>
	
	<definition name="change.password.default" extends="ibank2.mainLayout">		
	  <put-attribute name="title" value="My Information"/>
	  <put-attribute name="body" value="/jsp/ibank2/customer/changePassword.jsp" />
	  <put-attribute name="helpMenu" 		value="logon" />
	  <put-attribute name="helpFunction" 	value="Password" />
	  <put-attribute name="helpSteps" 	value="changePwd" />
	  <put-attribute name="screenId" 		value="changePwd" />
	  <put-attribute name="menuOption" 		value="5" />
	</definition>
	
	<definition name="change.secNumber.default" extends="ibank2.mainLayout">		
	  <put-attribute name="title" value="My Information"/>
	  <put-attribute name="body" value="/jsp/ibank2/customer/changeSecurityNumber.jsp" />
	  <put-attribute name="helpMenu" 		value="logon" />
	  <put-attribute name="helpFunction" 	value="Password" />
	  <put-attribute name="helpSteps" 	value="changeSecNum" />
	  <put-attribute name="screenId" 		value="changeSecNum" />
	  <put-attribute name="menuOption" 		value="5" />
	</definition>
	
	<definition name="ibank.logoff" template="/jsp/ibank2/customer/logoff.jsp">
  	</definition>
	
	<!-- 16E3 struts2 migration for stop paper statements -->
	<definition name="account.stopMyStatement" extends="ibank2.mainLayout">
		<put-attribute name="defaultForm" value="stopStatementForm" />
		<put-attribute name="title" value="Switch to eStatements" />
		<put-attribute name="body" value="/jsp/ibank2/statements/stopPaperStmts.jsp" />
		<put-attribute name="helpMenu" value="MyStatements" />
		<put-attribute name="helpFunction" value="StopStatements" />
		<put-attribute name="helpSteps" value="Details" />
		<put-attribute name="screenId" value="" />
		<put-attribute name="menuOption" 		value="2" />
	</definition>
	
	<definition name="account.confirmSuppression" extends="ibank2.mainLayout">
		<put-attribute name="defaultForm" value="stopStatementForm" />
		<put-attribute name="title" value="Switch to eStatements" />
		<put-attribute name="body" value="/jsp/ibank2/statements/stopPaperStmtsTnCs.jsp" />
		<put-attribute name="helpMenu" value="MyStatements" />
		<put-attribute name="helpFunction" value="StopStatements" />
		<put-attribute name="helpSteps" value="Details" />
		<put-attribute name="screenId" value="stopStmtSuppressionConfirm" />
		<put-attribute name="menuOption" 		value="2" />
	</definition>
	
		<definition name="account.accountSuppression" extends="ibank2.mainLayout">
		<put-attribute name="defaultForm" value="stopStatementForm" />
		<put-attribute name="title" value="Switch to eStatements" />
		<put-attribute name="body" value="/jsp/ibank2/statements/stopPaperStmtsConfirm.jsp" />
		<put-attribute name="helpMenu" value="MyStatements" />
		<put-attribute name="helpFunction" value="StopStatements" />
		<put-attribute name="helpSteps" value="Details" />
		<put-attribute name="screenId" value="stopStmtSuppression" />
		<put-attribute name="menuOption" 		value="2" />
	</definition>
	
	<definition name="account.accountReceipt" extends="ibank2.mainLayout">
		<put-attribute name="defaultForm" value="stopStatementForm" />
		<put-attribute name="title" value="Switch to eStatements" />
		<put-attribute name="body" value="/jsp/ibank2/statements/stopPaperStmtsReceipt.jsp" />
		<put-attribute name="helpMenu" value="MyStatements" />
		<put-attribute name="helpFunction" value="StopStatements" />
		<put-attribute name="helpSteps" value="Details" />
		<put-attribute name="screenId" value="stopStmtSuppressionReceipt" />
		<put-attribute name="menuOption" 		value="2" />
	</definition>
	
	<definition name="account.noSuppression" extends="ibank2.mainLayout">
		<put-attribute name="defaultForm" value="stopStatementForm" />
		<put-attribute name="title" value="Switch to eStatements" />
		<put-attribute name="body" value="/jsp/ibank2/statements/viewSuppressMsg.jsp" />
	    <put-attribute name="helpMenu" value="MyStatements" />
		<put-attribute name="helpFunction" value="StopStatements" />
		<put-attribute name="helpSteps" value="Details" />
		<put-attribute name="screenId" value="" />
		<put-attribute name="menuOption" 		value="2" />
	</definition>
	
	
	<definition name="account.switchToPaperStmt.showEligibleAccounts" extends="ibank2.mainLayout">
		<put-attribute name="title" value="Switch to paper statements" />
		<put-attribute name="body" value="/jsp/ibank2/statements/switchToPaperStmt.jsp" />
		<put-attribute name="helpMenu" value="PaperStatements" />
		<put-attribute name="helpFunction" value="SwitchToPaper" />
		<put-attribute name="helpSteps" value="Details" />
		<put-attribute name="screenId" value="" />
		<put-attribute name="menuOption" 		value="2" />
	</definition>
	
	<definition name="account.switchToPaperStmt.confirm" extends="ibank2.mainLayout">
		<put-attribute name="title" value="Switch to paper statements" />
		<put-attribute name="body" value="/jsp/ibank2/statements/switchToPaperStmtConfirm.jsp" />
		<put-attribute name="helpMenu" value="PaperStatements" />
		<put-attribute name="helpFunction" value="SwitchToPaper" />
		<put-attribute name="helpSteps" value="Details" />
		<put-attribute name="screenId" value="stopStmtSuppression" />
		<put-attribute name="menuOption" 		value="2" />
	</definition>
	
	<definition name="account.switchToPaperStmt.receipt" extends="ibank2.mainLayout">
		<put-attribute name="title" value="Switch to paper statements" />
		<put-attribute name="body" value="/jsp/ibank2/statements/switchToPaperStmtReceipt.jsp" />
		<put-attribute name="helpMenu" value="PaperStatements" />
		<put-attribute name="helpFunction" value="SwitchToPaper" />
		<put-attribute name="helpSteps" value="Details" />
		<put-attribute name="screenId" value="stopStmtSuppressionReceipt" />
		<put-attribute name="menuOption" 		value="2" />
	</definition>
	
	<definition name="account.noUnSuppression" extends="ibank2.mainLayout">
		<put-attribute name="title" value="Switch to paper statements" />
		<put-attribute name="body" value="/jsp/ibank2/statements/viewUnsuppressMsg.jsp" />
	    <put-attribute name="helpMenu" value="PaperStatements" />
		<put-attribute name="helpFunction" value="SwitchToPaper" />
		<put-attribute name="helpSteps" value="Details" />
		<put-attribute name="screenId" value="" />
		<put-attribute name="menuOption" 		value="2" />
	</definition>
	
	
	<definition name="ibank2.deeplink.kycnotverified" extends="ibank2.mainLayout">
		<put-attribute name="title" value="Error" />
		<put-attribute name="body" value="/jsp/ibank2/error/identificationError.jsp" />
		<put-attribute name="helpMenu" 		value="" />
	    <put-attribute name="helpFunction" 	value="" />
	    <put-attribute name="helpSteps" 	value="" />
	    <put-attribute name="screenId" 	value="" />
		<put-attribute name="menuOption" 		value="0" />	    
	</definition>
	
	<definition name="ibank2.deeplink.featureunavailable" extends="ibank2.mainLayout">
		<put-attribute name="title" value="Error" />
		<put-attribute name="body" value="/jsp/ibank2/error/featureUnavailable.jsp" />
		<put-attribute name="helpMenu" 		value="" />
	    <put-attribute name="helpFunction" 	value="" />
	    <put-attribute name="helpSteps" 	value="" />
	    <put-attribute name="screenId" 	value="" />
		<put-attribute name="menuOption" 		value="0" />	    
	</definition>
	
	<definition name="ibank2.activateLogon" template="/jsp/ibank2/customer/activationLogon.jsp">
         
    </definition>

<!-- Wide pages -->

 <definition name="ibank2.mainLayoutWide" template="/jsp/ibank2/common/layoutwide.jsp">
	  <put-attribute name="title"  		value="Main" />
	  <put-attribute name="header" 		value="/jsp/ibank2/common/header.jsp" />
	  <put-attribute name="menu"   		value="/jsp/ibank2/common/blankMenu.jsp" />
	  <put-attribute name="toolsbar"  value="/jsp/ibank2/common/toolsbar.jsp" />
	  <put-attribute name="whatNext" 		value="/jsp/ibank2/common/whatNextBlank.jsp" />
	  <put-attribute name="footer" 		value="/jsp/ibank2/common/footer.jsp" />
	  <put-attribute name="body"   		value="/jsp/ibank2/common/body.jsp" />
  	  <put-attribute name="helpMenu" 		value="" />
	  <put-attribute name="helpFunction" 	value="" />
	  <put-attribute name="helpSteps" 	value="" /> 
	  <put-attribute name="menuOption" 		value="0" />
  </definition> 


	 <!-- initial logon request secure code -->
   <definition name="ibank2.initialPwdSecure" extends="ibank2.mainLayoutWide">
	  <put-attribute name="title"  		value="Activate Internet Banking" />
	  <put-attribute name="body"   		value="/jsp/ibank2/customer/initialPwdSecure.jsp" />
	  <put-attribute name="helpMenu" 		value="" />
	  <put-attribute name="helpFunction" 	value="" />
	  <put-attribute name="helpSteps" 	value="" />
  </definition> 
  
  
  <!-- initial logon authenticate secure code -->
   <definition name="ibank2.initialPwdAuthSecure" extends="ibank2.mainLayoutWide">
	  <put-attribute name="title"  		value="Activate Internet Banking" />
	  <put-attribute name="body"   		value="/jsp/ibank2/customer/initialPwdAuthSecure.jsp" />
	  <put-attribute name="helpMenu" 		value="" />
	  <put-attribute name="helpFunction" 	value="" />
	  <put-attribute name="helpSteps" 	value="" />
	 
   </definition>
 <!-- initial logon authenticate secure code -->
   <definition name="ibank2.setInitialPwdSecurityNumber" extends="ibank2.mainLayoutWide">
	  <put-attribute name="title"  		value="Activate Internet Banking" />
	  <put-attribute name="body"   		value="/jsp/ibank2/customer/setInitialPWDSecuirtyNumber.jsp" />
	  <put-attribute name="helpMenu" 		value="" />
	  <put-attribute name="helpFunction" 	value="" />
	  <put-attribute name="helpSteps" 	value="" />
	 
  </definition> 
  
  <!-- initial logon authenticate secure code -->
   <definition name="ibank2.activationComplete" extends="ibank2.mainLayoutWide">
	  <put-attribute name="title"  		value="Activate Internet Banking" />
	  <put-attribute name="body"   		value="/jsp/ibank2/customer/activationComplete.jsp" />
	  <put-attribute name="helpMenu" 		value="" />
	  <put-attribute name="helpFunction" 	value="" />
	  <put-attribute name="helpSteps" 	value="" />
  </definition>


     <!-- EV-->
  	<definition name="ev.main.screen" extends="ibank2.mainLayout">		
	  <put-attribute name="title" value="Verify Your Identity"/>
	  <put-attribute name="body" value="/jsp/ibank2/customer/ev/evMain.jsp" />
	  <put-attribute name="menuOption" 		value="0" />  
	  <put-attribute name="helpMenu" 		value="" />
	  <put-attribute name="helpFunction" 	value="" />
	  <put-attribute name="helpSteps" 	value="" />
	  <put-attribute name="screenId" 	value="" />
	</definition>
	
	<definition name="ev.receipt.screen" extends="ibank2.mainLayout">		
	  <put-attribute name="title" value="Verify Your Identity"/>
	  <put-attribute name="body" value="/jsp/ibank2/customer/ev/evReceipt.jsp" />
	  <put-attribute name="menuOption" 		value="0" />  
	  <put-attribute name="helpMenu" 		value="" />
	  <put-attribute name="helpFunction" 	value="" />
	  <put-attribute name="helpSteps" 	value="" />
	  <put-attribute name="screenId" 	value="" />
	</definition>
	
	<definition name="reidv.receipt.screen" extends="ibank2.mainLayout">		
	  <put-attribute name="title" value="Thank you"/>
	  <put-attribute name="body" value="/jsp/ibank2/customer/ev/reIdvReceipt.jsp" />
	  <put-attribute name="menuOption" 		value="0" />  
	  <put-attribute name="helpMenu" 		value="" />
	  <put-attribute name="helpFunction" 	value="" />
	  <put-attribute name="helpSteps" 	value="" />
	  <put-attribute name="screenId" 	value="" />
	</definition>
	
	<definition name="ev.error.screen" extends="ibank2.mainLayout">		
	  <put-attribute name="title" value="Verify Your Identity"/>
	  <put-attribute name="body" value="/jsp/ibank2/customer/ev/evError.jsp" />
	  <put-attribute name="menuOption" 		value="0" />  
	  <put-attribute name="helpMenu" 		value="" />
	  <put-attribute name="helpFunction" 	value="" />
	  <put-attribute name="helpSteps" 	value="" />
	  <put-attribute name="screenId" 	value="" />
	</definition>
	
	<definition name="ibank2.forceChangePwdInfo" template="/jsp/ibank2/customer/forceChangePwdInfo.jsp">
	</definition>

	 <!-- initial logon request secure code -->
   <definition name="ibank2.forceChangePwdSecure" extends="ibank2.externalLinkUserInfoLayout">
	  <put-attribute name="title"  		value="Activate Internet Banking" />
	  <put-attribute name="body"   		value="/jsp/ibank2/customer/forceChangePwdSecure.jsp" />
	  <put-attribute name="helpMenu" 		value="" />
	  <put-attribute name="helpFunction" 	value="" />
	  <put-attribute name="helpSteps" 	value="" />
  </definition> 
  
    <!-- 17E4 : Staff Assisted Sec Num/PWD reset -->
  <definition name="ibank2.autoInitPwdSecNumInput" extends="ibank2.externalLinkLayout">		
	  <put-attribute name="title" value="Reset Security Number And Password"/>
	  <put-attribute name="body" value="/jsp/ibank2/customer/autoInitSecPwdInput.jsp" />
	  <put-attribute name="screenId" 		value="" />
	  <put-attribute name="menuOption" 		value="" />
	</definition>
	
  <definition name="ibank2.autoInitPwdSecNumReceipt" extends="ibank2.externalLinkLayout">		
	  <put-attribute name="title" value="Reset Security Number And Password"/>
	  <put-attribute name="body" value="/jsp/ibank2/customer/autoInitSecPwdReceipt.jsp" />
	  <put-attribute name="screenId" 		value="" />
	  <put-attribute name="menuOption" 		value="" />
	</definition>
	

	
</tiles-definitions>

 