<?xml version="1.0" encoding="UTF-8" ?>
<!DOCTYPE tiles-definitions PUBLIC
	"-//Apache Software Foundation//DTD Tiles Configuration 3.0//EN"
	"http://tiles.apache.org/dtds/tiles-config_3_0.dtd">

<tiles-definitions>

	<definition name="alerts.landing.tile" extends="ibank2.mainLayout">
		<put-attribute name="title" value="Security and Alerts [under construction]" />
		<put-attribute name="body" value="/jsp/ibank2/alerts/alertsLanding.jsp" />
		<put-attribute name="helpMenu" 		value="SecurityandAlerts" />
	    <put-attribute name="helpFunction" 	value="landing" />
	    <put-attribute name="helpSteps" 	value="" />    
	    <put-attribute name="screenId" 	value="createAlert" />
	    <put-attribute name="menuOption" 		value="5" />
	</definition>
	
	<definition name="create.alerts.landing.tile" extends="ibank2.mainLayout">
		<put-attribute name="title" value="Create an Alert" />
		<put-attribute name="body" value="/jsp/ibank2/alerts/createAlertLanding.jsp" />
		<put-attribute name="helpMenu" 		value="SMSAlert" />
	    <put-attribute name="helpFunction" 	value="Alert" />
	    <put-attribute name="helpSteps" 	value="Create" />    
	    <put-attribute name="screenId" 	value="createAlert" />
	    <put-attribute name="menuOption" 		value="5" />
	</definition>
	
	
	<!--Alerts-->
	
	<definition name="ibank2.smsApply" extends="ibank2.mainLayout">
		<put-attribute name="title" value="SMS &amp; Email Alerts Registration" />
		<put-attribute name="body" value="/jsp/ibank2/alerts/applySMSAlert.jsp" />
		<put-attribute name="helpMenu" 		value="SMSAlert" />
	    <put-attribute name="helpFunction" 	value="SMSApply" />
	    <put-attribute name="helpSteps" 	value="" />    
	    <put-attribute name="screenId" 	value="" />
	    <put-attribute name="menuOption" 		value="5" />
	</definition>
	
	<definition name="ibank2.smsTNC" extends="ibank2.TandCLayout">
		<put-attribute name="title" value="SMS &amp; Email Alerts Registration" />
		<put-attribute name="body" value="/jsp/ibank2/alerts/smsTnC.jsp" />
	    <put-attribute name="menuOption" 		value="5" />
	</definition>
	
	<definition name="ibank2.smsApplyConfirm" extends="ibank2.mainLayout">
		<put-attribute name="title" value="My Registration Details" />
		<put-attribute name="body" value="/jsp/ibank2/alerts/confirmApplySMSAlert.jsp" />
		<put-attribute name="helpMenu" 		value="SMSAlert" />
	    <put-attribute name="helpFunction" 	value="SMSApply" />
	    <put-attribute name="helpSteps" 	value="" />    
	    <put-attribute name="screenId" 	value="" />
	    <put-attribute name="menuOption" 		value="5" />
	</definition>
	
	<definition name="ibank2.smsApplyReceipt" extends="ibank2.mainLayout">
		<put-attribute name="title" value="SMS &amp; Email Alerts" />
		<put-attribute name="body" value="/jsp/ibank2/alerts/receiptApplySMSAlert.jsp" />
		<put-attribute name="helpMenu" 		value="SMSAlert" />
	    <put-attribute name="helpFunction" 	value="SMSApply" />
	    <put-attribute name="helpSteps" 	value="Receipt" />    
	    <put-attribute name="screenId" 	value="" />
	    <put-attribute name="menuOption" 		value="5" />
	</definition>
	
	<definition name="ibank2.listSMSAlerts" extends="ibank2.mainLayout">
	  <put-attribute name="title" value="SMS &amp; Email Alerts" />
	  <put-attribute name="body" value="/jsp/ibank2/alerts/listSMSAlerts.jsp" />
      <put-attribute name="helpMenu" 		value="SMSAlert" />
      <put-attribute name="helpFunction" 	value="Alert" />
      <put-attribute name="helpSteps" 	value="List" />   
      <put-attribute name="screenId" 		value="" />  
	  <put-attribute name="menuOption" 		value="5" />		
	</definition>
	
	
	<definition name="ibank2.smsAlertsBillingInfo" extends="ibank2.mainLayout">
	  <put-attribute name="title" value="My Billing Details" />
	  <put-attribute name="body" value="/jsp/ibank2/alerts/smsAlertBillingList.jsp" />
      <put-attribute name="helpMenu" 		value="SMSAlert" />
      <put-attribute name="helpFunction" 	value="Alert" />
      <put-attribute name="helpSteps" 	value="Billing" />    
      <put-attribute name="screenId" 		value="" /> 
	  <put-attribute name="menuOption" 		value="5" />		
	</definition>
	
	<definition name="ibank2.smsAlertsHistory" extends="ibank2.mainLayout">
	  <put-attribute name="title" value="My Alerts History" />
      <put-attribute name="body" value="/jsp/ibank2/alerts/smsAlertsHistory.jsp" />
      <put-attribute name="helpMenu" 		value="SMSAlert" />
      <put-attribute name="helpFunction" 	value="Alert" />
      <put-attribute name="helpSteps" 	value="History" />    	
      <put-attribute name="screenId" 		value="" /> 
	  <put-attribute name="menuOption" 		value="5" />	
	</definition>
	
	<definition name="ibank2.confirmMaintainAlert" extends="ibank2.mainLayout">
		<put-attribute name="title" value="SMS &amp; Email Alerts" />
		<put-attribute name="body" value="/jsp/ibank2/alerts/confirmMaintainAlert.jsp" />
		<put-attribute name="helpMenu" 		value="SMSAlert" />
	    <put-attribute name="helpFunction" 	value="SMSApply" />
	    <put-attribute name="helpSteps" 	value="MaintainConfirm" />    
	    <put-attribute name="screenId" 	value="smsMaintainConfirm" />
	    <put-attribute name="menuOption" 		value="5" />
	</definition>


	<definition name="ibank2.maintainAlertReceipt" extends="ibank2.mainLayout">
	  <put-attribute name="title" value="SMS &amp; Email Alerts" />
	  <put-attribute name="body" value="/jsp/ibank2/alerts/maintainAlertReceipt.jsp" />
      <put-attribute name="helpMenu" 		value="SMSAlert" />
      <put-attribute name="helpFunction" 	value="Alert" />
      <put-attribute name="helpSteps" 	value="Receipt" />   
      <put-attribute name="screenId" 		value="" />  		
	  <put-attribute name="menuOption" 		value="5" />
	</definition>
	
	
	<definition name="ibank2.maintainAlert" extends="ibank2.mainLayout">
		<put-attribute name="title" value="SMS &amp; Email Alerts" />
		<put-attribute name="body" value="/jsp/ibank2/alerts/maintainAlert.jsp" />
      <put-attribute name="helpMenu" 		value="SMSAlert" />
      <put-attribute name="helpFunction" 	value="Alert" />
      <put-attribute name="helpSteps" 	value="Maintain" /> 
      <put-attribute name="screenId" 		value="" />    	
	  <put-attribute name="menuOption" 		value="5" />	
	</definition>


	<definition name="ibank2.createBalAlert" extends="ibank2.mainLayout">
	  <put-attribute name="title" value="Create an Alert" />
	  <put-attribute name="body" value="/jsp/ibank2/alerts/createAlert.jsp" />
      <put-attribute name="helpMenu" 		value="SMSAlert" />
      <put-attribute name="helpFunction" 	value="Alert" />
      <put-attribute name="helpSteps" 	value="CreateBalAlert" /> 
      <put-attribute name="screenId" 		value="" />    		
	  <put-attribute name="menuOption" 		value="5" />
	</definition>


	<definition name="ibank2.createWithAlert" extends="ibank2.mainLayout">
	  <put-attribute name="title" value="Create an Alert" />
	  <put-attribute name="body" value="/jsp/ibank2/alerts/createAlert.jsp" />
      <put-attribute name="helpMenu" 		value="SMSAlert" />
      <put-attribute name="helpFunction" 	value="Alert" />
      <put-attribute name="helpSteps" 	value="CreateWithAlert" />  
      <put-attribute name="screenId" 		value="" />
	  <put-attribute name="menuOption" 		value="5" />   		
	</definition>

	<definition name="ibank2.createDepAlert" extends="ibank2.mainLayout">
	  <put-attribute name="title" value="Create an Alert" />
	  <put-attribute name="body" value="/jsp/ibank2/alerts/createAlert.jsp" />
      <put-attribute name="helpMenu" 		value="SMSAlert" />
      <put-attribute name="helpFunction" 	value="Alert" />
      <put-attribute name="helpSteps" 	value="CreateDepAlert" /> 
      <put-attribute name="screenId" 		value="" />  
	  <put-attribute name="menuOption" 		value="5" />  		
	</definition>

	<definition name="ibank2.createLowBalAlert" extends="ibank2.mainLayout">
	  <put-attribute name="title" value="Create an Alert" />
	  <put-attribute name="body" value="/jsp/ibank2/alerts/createAlert.jsp" />
      <put-attribute name="helpMenu" 		value="SMSAlert" />
      <put-attribute name="helpFunction" 	value="Alert" />
      <put-attribute name="helpSteps" 	value="CreateLowBalAlert" />    
      <put-attribute name="screenId" 		value="" /> 
	  <put-attribute name="menuOption" 		value="5" />		
	</definition>

	<definition name="ibank2.createHighBalAlert" extends="ibank2.mainLayout">
	  <put-attribute name="title" value="Create an Alert" />
	  <put-attribute name="body" value="/jsp/ibank2/alerts/createAlert.jsp" />
      <put-attribute name="helpMenu" 		value="SMSAlert" />
      <put-attribute name="helpFunction" 	value="Alert" />
      <put-attribute name="helpSteps" 	value="CreateHighBalAlert" />  
      <put-attribute name="screenId" 		value="" />   
	  <put-attribute name="menuOption" 		value="5" />		
	</definition>


	<definition name="ibank2.confirmCreateAlert" extends="ibank2.mainLayout">
	  <put-attribute name="title" value="Create an Alert" />
	  <put-attribute name="body" value="/jsp/ibank2/alerts/confirmCreateSMSAlert.jsp" />
      <put-attribute name="helpMenu" 		value="SMSAlert" />
      <put-attribute name="helpFunction" 	value="Alert" />
      <put-attribute name="helpSteps" 	value="CreateConfirm" /> 
      <put-attribute name="screenId" 		value="smsCreateConfirm" />
	  <put-attribute name="menuOption" 		value="5" />    		
	</definition>

	<definition name="ibank2.confirmBalAlert" extends="ibank2.mainLayout">
	  <put-attribute name="title" value="Create an Alert" />
	  <put-attribute name="body" value="/jsp/ibank2/alerts/confirmCreateSMSAlert.jsp" />
      <put-attribute name="helpMenu" 		value="SMSAlert" />
      <put-attribute name="helpFunction" 	value="Alert" />
      <put-attribute name="helpSteps" 	value="CreateConfirmBalAlert" />  
      <put-attribute name="screenId" 		value="smsBalAlert" />  
	  <put-attribute name="menuOption" 		value="5" /> 		
	</definition>

	<definition name="ibank2.confirmWithAlert" extends="ibank2.mainLayout">
	  <put-attribute name="title" value="Create an Alert" />
	  <put-attribute name="body" value="/jsp/ibank2/alerts/confirmCreateSMSAlert.jsp" />
      <put-attribute name="helpMenu" 		value="SMSAlert" />
      <put-attribute name="helpFunction" 	value="Alert" />
      <put-attribute name="helpSteps" 	value="CreateConfirmWithAlert" /> 
      <put-attribute name="screenId" 		value="smsWithAlert" /> 
	  <put-attribute name="menuOption" 		value="5" />   		
	</definition>

	<definition name="ibank2.confirmDepAlert" extends="ibank2.mainLayout">
	  <put-attribute name="title" value="Create an Alert" />
	  <put-attribute name="body" value="/jsp/ibank2/alerts/confirmCreateSMSAlert.jsp" />
      <put-attribute name="helpMenu" 		value="SMSAlert" />
      <put-attribute name="helpFunction" 	value="Alert" />
      <put-attribute name="helpSteps" 	value="CreateConfirmDepAlert" />  
      <put-attribute name="screenId" 		value="smsDepAlert" /> 
	  <put-attribute name="menuOption" 		value="5" />  		
	</definition>

	<definition name="ibank2.confirmLowBalAlert" extends="ibank2.mainLayout">
	  <put-attribute name="title" value="Create an Alert" />
	  <put-attribute name="body" value="/jsp/ibank2/alerts/confirmCreateSMSAlert.jsp" />
      <put-attribute name="helpMenu" 		value="SMSAlert" />
      <put-attribute name="helpFunction" 	value="Alert" />
      <put-attribute name="helpSteps" 	value="CreateConfirmLowBalAlert" />   
      <put-attribute name="screenId" 		value="smsLowBalAlert" /> 
	  <put-attribute name="menuOption" 		value="5" /> 		
	</definition>

	<definition name="ibank2.confirmHighBalALert" extends="ibank2.mainLayout">
	  <put-attribute name="title" value="Create an Alert" />
	  <put-attribute name="body" value="/jsp/ibank2/alerts/confirmCreateSMSAlert.jsp" />
      <put-attribute name="helpMenu" 		value="SMSAlert" />
      <put-attribute name="helpFunction" 	value="Alert" />
      <put-attribute name="helpSteps" 	value="CreateConfirmHighBalALert" />
      <put-attribute name="screenId" 		value="smsHighBalAlert" />
	  <put-attribute name="menuOption" 		value="5" />     		
	</definition>


	<definition name="ibank2.maintainBalAlertReceipt" extends="ibank2.mainLayout">
	  <put-attribute name="title" value="SMS &amp; Email Alerts" />
	  <put-attribute name="body" value="/jsp/ibank2/alerts/maintainAlertReceipt.jsp" />
      <put-attribute name="helpMenu" 		value="SMSAlert" />
      <put-attribute name="helpFunction" 	value="Alert" />
      <put-attribute name="helpSteps" 	value="BalReceipt" />  
      <put-attribute name="screenId" 		value="" /> 
	  <put-attribute name="menuOption" 		value="5" />  		
	</definition>

	<definition name="ibank2.maintainWithAlertReceipt" extends="ibank2.mainLayout">
	  <put-attribute name="title" value="SMS &amp; Email Alerts" />
	  <put-attribute name="body" value="/jsp/ibank2/alerts/maintainAlertReceipt.jsp" />
      <put-attribute name="helpMenu" 		value="SMSAlert" />
      <put-attribute name="helpFunction" 	value="Alert" />
      <put-attribute name="helpSteps" 	value="WithReceipt" />  
      <put-attribute name="screenId" 		value="" />
	  <put-attribute name="menuOption" 		value="5" />         		
	</definition>

	<definition name="ibank2.maintainDepAlertReceipt" extends="ibank2.mainLayout">
	  <put-attribute name="title" value="SMS &amp; Email Alerts" />
	  <put-attribute name="body" value="/jsp/ibank2/alerts/maintainAlertReceipt.jsp" />
      <put-attribute name="helpMenu" 		value="SMSAlert" />
      <put-attribute name="helpFunction" 	value="Alert" />
      <put-attribute name="helpSteps" 	value="DepReceipt" />   
      <put-attribute name="screenId" 		value="" /> 
	  <put-attribute name="menuOption" 		value="5" /> 		
	</definition>

	<definition name="ibank2.maintainLowBalAlertReceipt" extends="ibank2.mainLayout">
	  <put-attribute name="title" value="SMS &amp; Email Alerts" />
	  <put-attribute name="body" value="/jsp/ibank2/alerts/maintainAlertReceipt.jsp" />
      <put-attribute name="helpMenu" 		value="SMSAlert" />
      <put-attribute name="helpFunction" 	value="Alert" />
      <put-attribute name="helpSteps" 	value="LowBalReceipt" /> 
      <put-attribute name="screenId" 		value="" /> 
	  <put-attribute name="menuOption" 		value="5" />   		
	</definition>

	<definition name="ibank2.maintainHighBalAlertReceipt" extends="ibank2.mainLayout">
	  <put-attribute name="title" value="SMS &amp; Email Alerts" />
	  <put-attribute name="body" value="/jsp/ibank2/alerts/maintainAlertReceipt.jsp" />
      <put-attribute name="helpMenu" 		value="SMSAlert" />
      <put-attribute name="helpFunction" 	value="Alert" />
      <put-attribute name="helpSteps" 	value="HighBalReceipt" />  
      <put-attribute name="screenId" 		value="" />
	  <put-attribute name="menuOption" 		value="5" />   		
	</definition>
	
</tiles-definitions>

 