{
  "appName": "securedlendingservicing",
  "appId": "au.com.westpac.ui.www1-sirius",
  "appVersion": "1.0.1",
  "brandId": "STG",
  "xChannelType": "Internal",
  "apiBaseUrl": "http://localhost:8001",
  "api": {
    "baseUrl": {
      "exp-sirius-core-v1": "http://localhost:8001",
      "exp-sirius-securedlendingservicing-v1": "http://localhost:8001"
    },
    "basePath": {
      "exp-sirius-securedlendingservicing-v1": "/exp/sirius/securedlendingservicing/v1/",
      "exp-sirius-core-v1": "/exp/sirius/core/v1/"
    }
  },

  "analytics": {
    "seedFiles": {
      "BOM": "/static/scripts/analytics/1.0.8/WBC/analytics_wdp.js",
      "BSA": "/static/scripts/analytics/1.0.8/WBC/analytics_wdp.js",
      "STG": "/static/scripts/analytics/1.0.8/WBC/analytics_wdp.js",
      "WBC": "/static/scripts/analytics/1.0.8/WBC/analytics_wdp.js"
    },
    "channel": "digital",
    "journeyType": "auth",
    "trackOnce": "true",
    "newFormName": "variable-to-fix",
    "siteEnv": "test",
    "siteName": "banking",
    "siteSection": "sirius",
    "pageType": "selfservice"
  }
}
