<?xml version="1.0" encoding="UTF-8"?>
<beans xmlns="http://www.springframework.org/schema/beans"
	xmlns:xsi="http://www.w3.org/2001/XMLSchema-instance" xmlns:context="http://www.springframework.org/schema/context"
	xmlns:aop="http://www.springframework.org/schema/aop"
	xmlns:util="http://www.springframework.org/schema/util"
	xmlns:tx="http://www.springframework.org/schema/tx" 
	xsi:schemaLocation="http://www.springframework.org/schema/beans 
           http://www.springframework.org/schema/beans/spring-beans.xsd 
           http://www.springframework.org/schema/context 
           http://www.springframework.org/schema/context/spring-context.xsd
		   http://www.springframework.org/schema/util
		   http://www.springframework.org/schema/util/spring-util.xsd
           http://www.springframework.org/schema/aop
           http://www.springframework.org/schema/aop/spring-aop.xsd
           http://www.springframework.org/schema/tx
           http://www.springframework.org/schema/tx/spring-tx.xsd">

	<context:property-placeholder location="classpath:config-applicationContext.properties,classpath:MiddlewareMessageService.properties,classpath:wdpService.properties,classpath:qasService.properties" ignore-unresolvable="false" />
	
	<import resource="wmqiservice-config.xml" />
	<import resource="messagecentre-config.xml" />
	<import resource="ibanksecurity-config.xml" />
	<import resource="ibank2-ActionClassesContext.xml" />
	<import resource="esb2-applicationContext.xml" />
	<import resource="applicationContextTranHistory.xml" />
 	<import resource="applicationContext-wdp.xml" /> 
	<import resource="safiClient-applicationContext.xml" />
	
	<bean id="dsInternetBanking" class="org.springframework.jndi.JndiObjectFactoryBean">
		<property name="jndiName">
			<value>jdbc/gcisDatasource</value>
		</property>
	</bean>
	
	<!-- <bean id="dsInternetBanking"
		class="org.springframework.jdbc.datasource.SingleConnectionDataSource">
		<property name="driverClassName">
			<value>${Driver}</value>
		</property>
		<property name="url">
			<value>${DatabaseURL}</value>
		</property>
		<property name="username">
			<value>${UserID}</value>
		</property>
		<property name="password">
			<value>${EncryptedPassword}</value>
		</property>
	</bean>
 -->
	<!-- Add DAOs here -->

	<bean id="sessionDAO" class="au.com.stgeorge.ibank.dao.impl.SessionDaoImpl">
		<property name="dataSource" ref="dsInternetBanking" />
	</bean>
	<bean id="processActivityDAO" class="au.com.stgeorge.ibank.dao.impl.ProcessActivityDAOImpl">
		<property name="dataSource" ref="dsInternetBanking" />
	</bean>
	<bean id="templateDAO" class="au.com.stgeorge.ibank.dao.impl.TemplateDaoImpl">
		<property name="dataSource" ref="dsInternetBanking" />
	</bean>
	
	<bean id="eLeadsServiceTarget" class="au.com.stgeorge.ibank.businessobject.impl.ELeadsServiceImpl">
		<property name="templateDAO">
			<ref bean="templateDAO" />
		</property>
		<property name="perfLogger">
			<ref bean="perfLogger" />
		</property>
	</bean>
	
	
	

	<bean id="transactionManager"
		class="org.springframework.jdbc.datasource.DataSourceTransactionManager">
		<property name="dataSource" ref="dsInternetBanking" />
	</bean>
	<!-- Enable Transaction Management for the DataSource  -->
	<tx:annotation-driven proxy-target-class="true" transaction-manager="transactionManager" />

	<bean id="eLeadsService"
		class="org.springframework.transaction.interceptor.TransactionProxyFactoryBean">
		<property name="target">
			<ref bean="eLeadsServiceTarget" />
		</property>
		<property name="transactionManager">
			<ref bean="transactionManager" />
		</property>

		<property name="transactionAttributes">
			<props>
				<prop key="createTemplate">
					PROPAGATION_REQUIRED, timeout_1
				</prop>
			</props>
		</property>
	</bean>


	<bean id="ibankSecurityService"
		class="au.com.stgeorge.ibank.businessobject.IBankSecurityService">
		<!-- time in Sec  10 Min -->
		<property name="allowedTimeLimit" value="600" />
		<property name="encryptionAlgorithem" value="DESede" />
		<property name="encryptionKey"
			value="e433fa59fac7faedc84f55c7beb7ebaf06b5767a13d21d4f693419f06804b853" />
		<property name="securityCodeDao">
			<ref bean="securityCodeDao" />
		</property>
		<property name="miLogMessageSender" ref="miLogMessageSender" />
		<property name="miLogServerUrl" value="${ibankSecurityService.miLogServerUrl}" />
	</bean>

	<bean id="securityCodeDao" class="au.com.stgeorge.ibank.dao.impl.SecurityCodeDaoImpl">
		<property name="dataSource" ref = "dsInternetBanking" />
	</bean>

	<bean id="secureCustomerDetailsDao"
		class="au.com.stgeorge.ibank.dao.impl.SecureCustomerDetailsDaoImpl">
		<property name="dataSource" ref="dsInternetBanking" />
	</bean>

	<bean id="customerDetailsDAO" class="au.com.stgeorge.ibank.dao.impl.CustomerDetailsDaoImpl">
		<property name="dataSource" ref="dsInternetBanking" />
	</bean>

	<bean id="ibankAdminSecureService"
		class="au.com.stgeorge.ibank.businessobject.impl.IBankAdminSecureServiceImpl">
		<property name="customerDetailsDao">
			<ref bean="customerDetailsDAO" />
		</property>
		<property name="secureCustomerDetailsDAO">
			<ref bean="secureCustomerDetailsDao" />
		</property>
	</bean>

	<bean id="trustedBillersDAO" class="au.com.stgeorge.ibank.dao.impl.TrustedBillersDaoImpl">
		<property name="dataSource" ref="dsInternetBanking" />
	</bean>

	<bean id="smsAlertsService"
		class="au.com.stgeorge.ibank.businessobject.impl.SMSAlertsServiceImpl">
		<property name="wmqiService">
			<ref bean="wmqiService" />
		</property>
	</bean>

	<bean id="lostCardsReqDAO" class="au.com.stgeorge.ibank.dao.impl.LostCardsRequestDaoImpl">
		<property name="dataSource" ref="dsInternetBanking" />
	</bean>

	<!--
		This is the replacement version of the older DB2DAO origins
		implementation. This spring-jdbc version is not yet complete
	-->
	<bean id="originsDAO" class="au.com.stgeorge.ibank.dao.impl.OriginsDAOImpl">
		<property name="dataSource" ref="dsInternetBanking" />
	</bean>
	
	<bean name="mortgageParams" class="au.com.stgeorge.ibank.common.cache.MortgageParams" scope="singleton"  >	
		<property name="dmCodesDao">
			<ref bean="dmCodesDao"/>
		</property>
		<property name="dmReferenceDataDao">
			<ref bean="dmReferenceDataDao"/>
		</property>
	</bean>

	<bean id="emailService" class="au.com.stgeorge.ibank.businessobject.impl.EmailServiceImpl">
		<property name="originsDAO" ref="originsDAO" />
		<property name="velocityEngine" ref="velocityEngine" />
	</bean>

	<bean id="velocityEngine"
		class="org.springframework.ui.velocity.VelocityEngineFactoryBean">
		<property name="velocityProperties">
			<props>
				<prop key="resource.loader">cp</prop>
				<prop key="cp.resource.loader.class">
					org.apache.velocity.runtime.resource.loader.ClasspathResourceLoader
				</prop>
			</props>
		</property>
	</bean>

	<bean id="applicationStatusService"
		class="au.com.stgeorge.ibank.businessobject.impl.ApplicationStatusServiceImpl" />

	<bean id="cardService" class="au.com.stgeorge.ibank.businessobject.impl.CardServiceImpl">
		<property name="lostCardsReqDAO" ref="lostCardsReqDAO" />
		<property name="atmLimitDetailDao" ref="atmLimitDetailDao" />
		<property name="cpcService" ref="cpcService" />
		<property name="wdpService" ref="wdpService"/>
		<property name="globalWalletDao" ref="globalWalletDao"/>
		<property name="cardStatusService" ref="cardStatusService"/>	
	</bean>

	<bean id="atmLimitDetailDao" class="au.com.stgeorge.ibank.dao.impl.ATMLimitDetailDaoImpl">
		<property name="dataSource" ref = "dsInternetBanking"/>
	</bean>

	<bean id="idmGateway" class="au.com.stgeorge.ibank.businessobject.impl.IDMGatewayImpl">
		<property name="wmqiService">
			<ref bean="wmqiService" />
		</property>
	</bean>

	<bean id="blackListIPAddressDao"
		class="au.com.stgeorge.ibank.dao.impl.BlackListIPAddressDaoImpl">
		<property name="dataSource" ref ="dsInternetBanking" />
	</bean>

	<bean id="blacklistIPAddrService"
		class="au.com.stgeorge.ibank.businessobject.impl.BlacklistIPAddrServiceImpl">
		<property name="blackListIPAddressDao">
			<ref bean="blackListIPAddressDao" />
		</property>
	</bean>

	<bean id="blacklistThirdPartyDao"
		class="au.com.stgeorge.ibank.dao.impl.BlacklistThirdPartyDaoImpl">
		<property name="dataSource" ref ="dsInternetBanking" />
	</bean>

	<bean id="blacklistIncidentDao" class="au.com.stgeorge.ibank.dao.impl.BlacklistIncidentDaoImpl">
		<property name="dataSource" ref="dsInternetBanking" />
	</bean>

	<bean id="blacklistIncidentService"
		class="au.com.stgeorge.ibank.businessobject.impl.BlacklistIncidentServiceImpl">
		<property name="blacklistIncidentDao">
			<ref bean="blacklistIncidentDao" />
		</property>
	</bean>

	<bean id="acctOpeningDao" class="au.com.stgeorge.ibank.dao.impl.AcctOpeningDaoImpl">
		<property name="dataSource" ref="dsInternetBanking" />
	</bean>

	<bean id="eStatementService"
		class="au.com.stgeorge.ibank.businessobject.impl.EStatementServiceImpl">
		<property name="wmqiService">
			<ref bean="wmqiService" />
		</property>
	</bean>

	<bean id="btAccountsService"   class="au.com.stgeorge.ibank.businessobject.impl.BTAccountsServiceImpl">
		<property name="accountServicingTimeout" value="40" />
		<property name="newAccountOpeningTimeout" value="110" />
		<property name="btEncryptionDigestService">
			<ref bean="btEncryptionDigestService" />
		</property>
		<property name="sessionexpiryinminutes"  value="10" />
		<property name="tokenexpiryinminutes"  value="2" />
		<property name="jwtHelpObj" >
			<ref bean="btJWTHelper"  />
		</property>			
	</bean> 

	<!-- Account Service - BEGIN -->

	<bean id="acctDetHlp" class="au.com.stgeorge.ibank.businessobject.acctsvc.AccountDetailsHelper">
		<property name="perfLogger">
			<ref bean="perfLogger" />
		</property>
		<property name="wmqiService">
			<ref bean="wmqiService" />
		</property>
	</bean>

	<bean id="acctOpenSvc" class="au.com.stgeorge.ibank.businessobject.acctsvc.AccountOpeningService">
		<property name="acctSvcHlp">
			<ref bean="acctSvcHlp" />
		</property>
		<property name="regionBranchDao">
			<ref bean="regionBranchDao" />
		</property>
		<property name="acctOpeningDao">
			<ref bean="acctOpeningDao" />
		</property>
		<property name="wmqiService">
			<ref bean="wmqiService" />
		</property>
		<property name="acctDetHlp">
			<ref bean="acctDetHlp" />
		</property>

	</bean>

	<bean id="acctSvc" class="au.com.stgeorge.ibank.businessobject.acctsvc.AccountService">
		<property name="acctSvcHlp">
			<ref bean="acctSvcHlp" />
		</property>
		<property name="acctDetHlp">
			<ref bean="acctDetHlp" />
		</property>
	</bean>

	<bean id="acctSvcHlp" class="au.com.stgeorge.ibank.businessobject.acctsvc.AccountServiceHelper">
		<property name="perfLogger">
			<ref bean="perfLogger" />
		</property>
		<property name="wmqiService">
			<ref bean="wmqiService" />
		</property>
	</bean>

	<bean id="btAcctSvc" class="au.com.stgeorge.ibank.businessobject.acctsvc.BTAccountService">
	</bean>

	<bean id="craAcctSvc" class="au.com.stgeorge.ibank.businessobject.acctsvc.CRAAccountService">
		<property name="perfLogger">
			<ref bean="perfLogger" />
		</property>
		<property name="wmqiService">
			<ref bean="wmqiService" />
		</property>
	</bean>

	<bean id="ddaAcctOpenSvc" class="au.com.stgeorge.ibank.businessobject.acctsvc.DDAAccountOpeningService" parent="acctOpenSvc">
		<property name="perfLogger">
			<ref bean="perfLogger" />
		</property>

	</bean>

	<bean id="ddaAcctSvc" class="au.com.stgeorge.ibank.businessobject.acctsvc.DDAAccountService">
		<property name="acctSvcHlp">
			<ref bean="acctSvcHlp" />
		</property>
		<property name="acctOpeningDao">
			<ref bean="acctOpeningDao" />
		</property>
		<property name="wmqiService">
			<ref bean="wmqiService" />
		</property>
	</bean>

	<bean id="hisaAcctOpenHlp" class="au.com.stgeorge.ibank.businessobject.acctsvc.HISAAcctOpeningHelper">
		<property name="acctOpeningDao">
			<ref bean="acctOpeningDao" />
		</property>
		<property name="perfLogger">
			<ref bean="perfLogger" />
		</property>
		<property name="wmqiService">
			<ref bean="wmqiService" />
		</property>
		<property name="acctSvcHlp">
			<ref bean="acctSvcHlp" />
		</property>
		<property name="ddaAcctOpenSvc">
			<ref bean="ddaAcctOpenSvc" />
		</property>
	</bean>

	<bean id="mlAcctSvc" class="au.com.stgeorge.ibank.businessobject.acctsvc.MLAccountService">
		<property name="perfLogger">
			<ref bean="perfLogger" />
		</property>
		<property name="wmqiService">
			<ref bean="wmqiService" />
		</property>
	</bean>

	<bean id="senseAcctOpenHlp" class="au.com.stgeorge.ibank.businessobject.acctsvc.SenseAccountOpeningHelper">
		<property name="acctOpeningDao">
			<ref bean="acctOpeningDao" />
		</property>
		<property name="perfLogger">
			<ref bean="perfLogger" />
		</property>
		<property name="wmqiService">
			<ref bean="wmqiService" />
		</property>
		<property name="acctSvcHlp">
			<ref bean="acctSvcHlp" />
		</property>
	</bean>

	<bean id="senseAcctSvc" class="au.com.stgeorge.ibank.businessobject.acctsvc.SenseAccountService">
		<property name="perfLogger">
			<ref bean="perfLogger" />
		</property>
		<property name="wmqiService">
			<ref bean="wmqiService" />
		</property>
	</bean>

	<bean id="tdaInterestRateDao" class="au.com.stgeorge.ibank.dao.impl.TDAInterestRateDaoImpl">
		<property name="dataSource" ref ="dsInternetBanking" />
	</bean>


	<bean id="tdaAcctSvc" class="au.com.stgeorge.ibank.businessobject.acctsvc.TDAAccountService">
		<property name="eleadsService">
			<ref bean="eLeadsServiceTarget" />
		</property>			
		<property name="perfLogger">
			<ref bean="perfLogger" />
		</property>
		<property name="acctSvcHlp">
			<ref bean="acctSvcHlp" />
		</property>
		<property name="wmqiService">
			<ref bean="wmqiService" />
		</property>
		<property name="acctDetHlp">
			<ref bean="acctDetHlp" />
		</property>
		<property name="tdaInterestRateDao">
			<ref bean="tdaInterestRateDao" />
		</property>
		<property name="loadIntRateOrder">
			<list>
				<value>STG|NSW</value>
				<value>BSA|SA</value>
				<value>BOM|VIC</value>
			</list>

		</property>
		<property name="processControlDao" ref="processControlDao"/>

	</bean> 

	<bean id="tdaAcctOpenSvc" class="au.com.stgeorge.ibank.businessobject.acctsvc.TDAAccountOpeningService" parent="acctOpenSvc">
		<property name="eleadsService">
			<ref bean="eLeadsServiceTarget" />
		</property>
		<property name="perfLogger">
			<ref bean="perfLogger" />
		</property>
	</bean> 	 

	<bean id="chqSvc" class="au.com.stgeorge.ibank.businessobject.ChequeService">
		<property name="perfLogger">
			<ref bean="perfLogger" />
		</property>
		<property name="wmqiService">
			<ref bean="wmqiService" />
		</property>
	</bean>

	<bean id="packageSvc" class="au.com.stgeorge.ibank.businessobject.PackageService">
		<property name="perfLogger">
			<ref bean="perfLogger" />
		</property>
		<property name="wmqiService">
			<ref bean="wmqiService" />
		</property>
	</bean>

	<bean id="umbPortSvc" class="au.com.stgeorge.ibank.businessobject.UmbrellaPortfolioService">
		<property name="perfLogger">
			<ref bean="perfLogger" />
		</property>
		<property name="wmqiService">
			<ref bean="wmqiService" />
		</property>
		<property name="acctDetHlp">
			<ref bean="acctDetHlp" />
		</property>
	</bean>

	<!-- Account Service - END -->

	<!-- cccbr -->
	<bean id="creditcardChargebackDAO"
		class="au.com.stgeorge.ibank.dao.impl.CreditcardChargebackRequestDAOImpl">
		<property name="dataSource" ref ="dsInternetBanking" />
	</bean>
	<bean id="creditcardChargeback"
		class="au.com.stgeorge.ibank.businessobject.impl.CreditCardChargeBackServiceImpl">
		<property name="dao">
			<ref bean="creditcardChargebackDAO" />
		</property>
		<property name="emailService">
			<ref bean="emailService" />
		</property>
	</bean>
	<bean id="regionBranchDao" class="au.com.stgeorge.ibank.dao.impl.RegionBranchDAOImpl">
		<property name="dataSource" ref ="dsInternetBanking" />
	</bean>

	<bean id="perfLogger" class="au.com.stgeorge.perflogger.PerformanceLogger">
		<constructor-arg>
            <value>true</value>
        </constructor-arg>	
	</bean>

	<bean id="overseasTTBeneficiaryDao"
		class="au.com.stgeorge.ibank.dao.impl.OverseasTTBeneficiaryDaoImpl">
		<property name="dataSource" ref ="dsInternetBanking" />
	</bean>

	<bean id="ttService" class="au.com.stgeorge.ibank.businessobject.impl.TTServiceImpl">
		<property name="wmqiService">
			<ref bean="wmqiService" />
		</property>
		<property name="overseasTTBeneficiaryDao">
			<ref bean="overseasTTBeneficiaryDao" />
		</property>
		<property name="ttPurposeCodeDao">
			<ref bean="ttPurposeCodeDao" />
		</property>	
		<property name="safi2Service">
			<ref bean="safi2Service" />
		</property>
		<property name="ibankRefreshParams">
			<ref bean="ibankRefreshParams" />
		</property>
	</bean>

	<bean id="hliAccountsService" class="au.com.stgeorge.ibank.businessobject.HomeLoanService">
		<property name="wmqiService">
			<ref bean="wmqiService" />
		</property>
	</bean>

	<bean id="autoRegistrationSrv" class="au.com.stgeorge.ibank.businessobject.impl.AutoRegistrationSrvImpl"> 
		<property name="idmService" ref="idmGateway"/>
		<property name="smsalertService" ref="smsAlertsService"/>
		<property name="autoRegistrationLogDao" ref="autoRegistrationLogDao"/>
		<property name="maxRequestinTenMin" value="100"/>
		<property name="maxRequestinDay" value="450"/>
		<property name="maxRequestFromIP" value="5"/>
		<property name="customerCreatedInHrs" value="24"/>
		<property name="velocityEngine" ref="velocityEngine" />
		<property name="perfLogger">
			<ref bean="perfLogger" />
		</property>
	</bean>





	<bean id="autoRegistrationLogDao" class="au.com.stgeorge.ibank.dao.impl.AutoRegistrationLogDaoImpl">
		<property name="dataSource" ref="dsInternetBanking" />
	</bean>


	<bean id="promotionalLinksDao" class="au.com.stgeorge.ibank.dao.impl.PromotionalLinksDaoImpl">
		<property name="dataSource" ref ="dsInternetBanking" />
	</bean>

	<bean id="promotionalLinkService" class="au.com.stgeorge.ibank.businessobject.impl.PromotionalLinkServiceImpl">
		<property name = "promotionalLinksDao" ref ="promotionalLinksDao"/>
	</bean>

	<bean id="p2pPaymentDao"
		class="au.com.stgeorge.ibank.dao.impl.P2PPaymentDaoImpl">
		<property name="dataSource" ref="dsInternetBanking" />
	</bean>

	<bean id="p2pPaymentService" class="au.com.stgeorge.ibank.businessobject.impl.P2PPaymentServiceImpl"> 
		<property name="p2pPaymentDao" ref="p2pPaymentDao"/>
		<property name="smsAlertsService" ref="smsAlertsService"/>
		<property name="emailService" ref="emailService"/>
		<property name="tokenExpiryDays" value="4"/>
		<property name="p2pencryptionService">
			<ref bean="p2pencryptionServiceWithAES" />
		</property>	
	</bean>


	<bean id="systemInformation" class="au.com.stgeorge.ibank.businessobject.impl.SystemInformationImpl">
		<property name="classNamesList">
			<list>
				<value>au.com.stgeorge.ibank.businessobject.acctsvc.AccountService</value>
				<value>au.com.stgeorge.ibank.mdb.IBankUtilityMessageListener</value>
				<value>au.com.stgeorge.framework.common.logging.Logger</value>
				<value>org.springframework.context.ApplicationContext</value>
				<value>org.apache.log4j.Logger</value>
				<value>au.com.stgeorge.wmqi.schema.customer.customerinq.CustInq</value>
				<value>au.com.stgeorge.wmqi.schema.account.plasticcardsinq.PlasticCardsInq</value>
				<value>au.com.stgeorge.wmqi.schema.financial.bpaytrnsfr.BPayTrn</value>
				<value>au.com.stgeorge.wmqi.schema.communication.smssrv.SMSSrv</value>
				<value>au.com.stgeorge.wmqi.schema.common.Fault</value>
				<value>javax.ejb.EJBHome</value>
			</list>
		</property>
		<property name="trackEventsProps">
			<props>
				<prop key="sEnv">${trackEventsProps.sEnv}</prop>
				<prop key="stgUrl">${trackEventsProps.stgUrl}</prop>
				<prop key="bsaUrl">${trackEventsProps.bsaUrl}</prop>
				<prop key="bomUrl">${trackEventsProps.bomUrl}</prop>
			</props>
		</property>
		<!--property name="manifestPropertyList">
			<list>
				<value>Implementation-Version</value>
				<value>Implementation-Title</value>
			</list>
		</property>
		 <property name="systemPropertyList">
			<list>
				<value>java.home</value>
				<value>java.version</value>
				<value>user.name</value>
				<value>java.runtime.name</value>
				<value>java.fullversion</value>
				<value>java.vm.info</value>
				<value>java.library.path</value>
				<value>java.compiler</value>
				<value>java.class.path</value>
			</list>
		</property -->
	</bean>

	<bean id="authenticationService"   class="au.com.stgeorge.ibank.businessobject.impl.AuthenticationServiceImpl">
		<property name="wmqiService">
			<ref bean="wmqiService" />
		</property>
	</bean>

	<util:properties id="externalSiteRedirectProps" location="classpath:config-externalSiteRedirect.properties" />
	
	<bean id="externalSiteRedirectSrv"   class="au.com.stgeorge.ibank.businessobject.impl.ExternalSiteRedirectSrvImpl">
		 <property name="redirectURLProps">
			<ref bean="externalSiteRedirectProps"/>
		 </property>
		<property name="extSiteEncryptionDigestService">
			<ref bean="compassAuthEncryptionDigestService" />
		</property>
	</bean>

	<bean id="miUpdateService" class="au.com.stgeorge.ibank.businessobject.impl.MIUpdateServiceImpl">
		<property name = "processControlDao" ref="processControlDao"/>
		<property name="wmqiEmailService">
			<ref bean="wmqiCompassUtilityService" />
		</property>
		<property name="wmqiService">
			<ref bean="wmqiService" />
		</property>
		<property name = "miFileSummaryDao" ref="miFileSummaryDao"/>
		<property name = "miFileDetailsDao" ref ="miFileDetailsDao"/>
		<property name="idmService" ref="idmGateway"/>
		<property name="perfLogger">
			<ref bean="perfLogger" />
		</property>
		<property name="miBatchEncryptionServiceWithAES">
			<ref bean="miBatchEncryptionServiceWithAES" />
		</property>	
		<property name="custUpdateService" ref="custUpdateService" />
	</bean>

	<bean id="miFileDetailsDao" class="au.com.stgeorge.ibank.dao.impl.MIFileDetailsDaoImpl">
		<property name="dataSource" ref ="dsInternetBanking" />
	</bean>

	<bean id="miFileSummaryDao" class="au.com.stgeorge.ibank.dao.impl.MIFileSummaryDaoImpl">
		<property name="dataSource" ref ="dsInternetBanking" />
	</bean>

	<bean id="processControlDao" class="au.com.stgeorge.ibank.dao.impl.ProcessControlDaoImpl">
		<property name="dataSource" ref="dsInternetBanking" />
	</bean>

	<bean id="overseasTravelService" class="au.com.stgeorge.ibank.businessobject.impl.OverseasTravelServiceImpl">
		<property name="custUpdateService" ref="custUpdateService" />
	</bean>

	<bean id="custUpdateService" class="au.com.stgeorge.ibank.businessobject.CustomerUpdateService">
		<property name="wmqiService">
			<ref bean="wmqiService" />
		</property>
	</bean>

	<bean id="permissionDtlsCache" class= "au.com.stgeorge.ibank.common.cache.PermissionDtlsCache" scope="prototype">		
		 <property name="unmarshaller" ref="jaxb2UnMarshaller" />  
	</bean>


	<!-- Added for Increase Payee Limit -->
	<bean id="payeeLimitDao" class="au.com.stgeorge.ibank.dao.impl.PayeeLimitDaoImpl">
		<property name="dataSource" ref="dsInternetBanking" />
	</bean>

	<bean id="payeeLimitService" class="au.com.stgeorge.ibank.businessobject.impl.PayeeLimitServiceImpl">
		<property name="payeeLimitDao">
			<ref bean="payeeLimitDao" />
		</property>

	</bean>
	
	<bean id="payeeService"   class="au.com.stgeorge.mobilebank.businessobject.impl.PayeeServiceImpl">
		<property name="payeeLimitService" ref="payeeLimitService"/>
	</bean>

	<bean id="simplifiedLogonDao"   class="au.com.stgeorge.ibank.service.dao.impl.SimplifiedLogonDaoImpl">
		<property name="dataSource">
			<ref bean="messageCentreDB"/>
		</property>
	</bean>

	<bean id="simplifiedLogonArchiveDao"   class="au.com.stgeorge.ibank.service.dao.impl.SimplifiedLogonArchiveDaoImpl">
		<property name="dataSource">
			<ref bean="messageCentreDB"/>
		</property>
	</bean>

	<bean id="smplLogonService"   class="au.com.stgeorge.ibank.service.businessobject.SimplifiedLogonServiceImpl">
		<property name="simplifiedLogonDao">
			<ref bean="simplifiedLogonDao"/>
		</property>
		<property name="simplifiedLogonArchiveDao">
			<ref bean="simplifiedLogonArchiveDao"/>
		</property>

	</bean>

	<bean id="prmServiceBean" class="au.com.stgeorge.ibank.businessobject.impl.PRMUpdServiceImpl">
		<property name="wmqiService">
			<ref bean="wmqiService" />
		</property>
		<property name="ibankRefreshParams">
			<ref bean="ibankRefreshParams" />
		</property>
		<property name="wdpService">
			<ref bean="wdpService" />
		</property>
	</bean>	
	
	

	<bean id="externalService" class="au.com.stgeorge.ibank.businessobject.impl.ExternalServiceImpl">   

	</bean>


	<bean id="gccService" class="au.com.stgeorge.ibank.businessobject.impl.GCCServiceImpl" scope="prototype">
		<property name="gccDetailsDao">
			<ref bean="gccDetailsDao"/>
		</property>
		<property name="esb2Service">
			<ref bean="esb2Service"/>
		</property>
		<property name="perfLogger">
			<ref bean="perfLogger" />
		</property>
		<property name="gccSSOCredentails"> 
			<ref bean="gccSSOCredentails" />
		</property>
		<property name="stgSecurityService">
			<ref bean="stgSecurityServiceWithAES" />
		</property>	
	</bean>

	<bean id="gccActSrv" class="au.com.stgeorge.ibank.businessobject.impl.GCCServiceImpl" scope="prototype" >
		<property name="gccDetailsDao">
			<ref bean="gccDetailsDao"/>
		</property>
		<property name="esb2Service">
			<ref bean="esb2Service"/>
		</property>
		<property name="perfLogger">
			<ref bean="perfLogger" />
		</property>
		<property name="gccSSOCredentails"> 
			<ref bean="gccSSOCredentails" />
		</property>
		<property name="stgSecurityService">
			<ref bean="stgSecurityServiceWithAES" />
		</property>	
	</bean>	

	<bean id="gccSSOCredentails" class="au.com.stgeorge.ibank.valueobject.transfer.AuthenticationData">
		<property name="userId" value="online@StGeorge" />
		<property name="password" value="${gccSSOCredentails.key}" /> 
	</bean>

	<bean id="actionMessageLocator" class ="au.com.stgeorge.ibank2.controller.ActionMessageLocator" init-method="initStructures" lazy-init="true">
		<property name="actionMsgXMLConfig"  value="actionMessageStructure.xml"/>		
		<property name="unmarshaller"  ref="jaxb2UnMarshaller"/>
	</bean>

	<bean id="gccDetailsDao"   class="au.com.stgeorge.ibank.dao.impl.GCCDetailsDaoImpl">
		<property name="dataSource">
			<ref bean="dsInternetBanking"/>
		</property>
	</bean>
	
	<bean id="globalWalletDao" class="au.com.stgeorge.ibank.dao.impl.GlobalWalletDaoImpl">
		<property name="dataSource">
			<ref bean="dsInternetBanking" />
		</property>
	</bean>

	<bean id="gccREVMessageSenderSSO" class="org.springframework.ws.transport.http.HttpComponentsMessageSender"> 
		<property name="httpClient">
			<bean factory-bean="gccREVwebSphereSSLContextFactory" factory-method="getHttpClient"/>
		</property>
		<property name="connectionTimeout" value="12000"/>
		<property name="readTimeout" value="12000"/>
	</bean> 	

	<bean id="gccREVwebSphereSSLContextFactory" class="au.com.westpac.jcx.reference.websphere.security.WebSphereSSLContextFactory">
		<constructor-arg type="java.lang.String" value="NodeDefaultSSLSettings"/>
	</bean>	

	<bean id="pushNotificationService" class="au.com.stgeorge.ibank.businessobject.impl.PushNotificationServiceImpl" scope="prototype" >
		<property name="custServiceRegistrationDao">
			<ref bean="custServiceRegistrationDao" />
		</property>
		<property name="custDeviceDao">
			<ref bean="custDeviceDao" />
		</property>
		<property name="custServiceDao">
			<ref bean="custServiceDao"/>
		</property>
		<property name="custServiceRegistrationArchiveDao">
			<ref bean="custServiceRegistrationArchiveDao"/>
		</property>   
		<property name="esb2Service">
			<ref bean="esb2ServiceNew"/>
		</property>	
		<property name="pushNotificationServiceHelper">
			<ref bean="pushNotificationServiceHelper"/>
		</property>
		<property name="wdpService">
			<ref bean="wdpService"/>
		</property> 
		<property name="perfLogger">
			<ref bean="perfLogger"/>
		</property>
		<property name="pushCache">
			<ref bean="pushCache"/>
		</property>	
	</bean>

	<bean id="custDeviceDao" class="au.com.stgeorge.ibank.service.dao.impl.CustDeviceDaoImpl">
		<property name="dataSource">
			<ref bean="messageCentreDB" />
		</property>
	</bean>

	<bean id="custServiceRegistrationDao" class="au.com.stgeorge.ibank.service.dao.impl.CustServiceRegistrationDaoImpl">
		<property name="dataSource">
			<ref bean="messageCentreDB" />
		</property>
	</bean>

	<bean id="custServiceDao"   class="au.com.stgeorge.ibank.service.dao.impl.CustServiceDaoImpl">
		<property name="dataSource">
			<ref bean="messageCentreDB"/>
		</property>
	</bean>

	<bean id="custServiceRegistrationArchiveDao"   class="au.com.stgeorge.ibank.service.dao.impl.CustServiceRegistrationArchiveDaoImpl">
		<property name="dataSource">
			<ref bean="messageCentreDB"/>
		</property>
	</bean>

	<bean id="fastFundingService" class="au.com.stgeorge.ibank.businessobject.impl.FastFundingServiceImpl">
		<!-- <property name="fastFundingDao">
			<ref bean="fastFundingDao"/>
		</property> -->
		<property name="oBTileService">
			<ref bean="obTileService"/>
		</property>

		<property name="switchingEncryptionDigestService">
			<ref bean="switchingEncryptionDigestService" />
		</property>
		<property name="sessionexpiryinminutes" value="8"/>
		<property name="tokenexpiryinminutes" value="2"/>
		<property name="jwtHelpObj">
			<ref bean="switchingJWTHelper" />
		</property>
		<property name="esb2Service">
			<ref bean="esb2Service"/>
		</property>
	</bean>	

	<bean id="obTileService" class="au.com.stgeorge.ibank.onboarding.businessobject.OBTileServiceImpl">
		<property name="obTileDao">
			<ref bean="obTileDao"/>
		</property>
		<!-- <property name="fastFundingDao">
			<ref bean="fastFundingDao"/>
		</property> -->
		<property name="obTileSegmentDao">
			<ref bean="obTileSegmentDao"/>
		</property>
		<property name="obTileFeatureDao">
			<ref bean="obTileFeatureDao"/>
		</property>
		<property name="activityLogDao">
			<ref bean="activityLogDao"/>
		</property>
		<property name="eStatementService">
			<ref bean="eStatementService"/>
		</property>
	</bean>     


	<!-- <bean id="fastFundingDao"   class="au.com.stgeorge.ibank.dao.impl.FastFundingDaoImpl">
		<property name="dataSource">
			<ref bean="dsInternetBanking"/>
		</property>
	</bean> -->

	<!-- One Click  -->
	<bean id="acctOpenService" class="au.com.stgeorge.ibank.businessobject.acctopenservice.AccountOpeningService">
		<property name="acctSvcHlp">
			<ref bean="acctSvcHlp" />
		</property>
		<property name="regionBranchDao">
			<ref bean="regionBranchDao" />
		</property>
		<property name="acctOpeningDao">
			<ref bean="acctOpeningDao" />
		</property>
		<property name="wmqiService">
			<ref bean="wmqiService" />
		</property>
		<property name="acctDetHlp">
			<ref bean="acctDetHlp" />
		</property>

	</bean>

	<bean id="ddaAcctOpenService" class="au.com.stgeorge.ibank.businessobject.acctopenservice.DDAAccountOpeningService" parent="acctOpenService">
		<property name="perfLogger">
			<ref bean="perfLogger" />
		</property>

	</bean>

	<bean id="hisaAcctOpenService" class="au.com.stgeorge.ibank.businessobject.acctopenservice.HISAAccountOpeningService">
		<property name="acctOpeningDao">
			<ref bean="acctOpeningDao" />
		</property>
		<property name="perfLogger">
			<ref bean="perfLogger" />
		</property>
		<property name="wmqiService">
			<ref bean="wmqiService" />
		</property>
		<property name="ddaAcctOpenService">
			<ref bean="ddaAcctOpenService" />
		</property>   
        <property name="debitCardService">
			<ref bean="debitCardService" />
		</property>		
	</bean>



	<bean id="invitationService" class="au.com.stgeorge.ibank.businessobject.InvitationServiceImpl"/>
	<bean id="switchingService" class="au.com.stgeorge.ibank.businessobject.impl.SwitchingServiceImpl">              
		<property name="encryptedSecretKey"  value="${switchingService.encryptedSecretKey}" />
		<property name="switchingEncryptionDigestService">
			<ref bean="switchingEncryptionDigestService" />
		</property>
		<property name="encryptionSrv">
			<ref bean="encryptionWithAES" />
		</property>
	</bean>

	<bean id="ibankSoapServiceHelper" class="au.com.stgeorge.ibank.businessobject.esb2.IBankSoapServiveHelperImpl">
		<property name="esb2WebServiceTemplate">
			<ref bean="esb2WebServiceTemplate"/>
		</property>
	</bean>	

	<bean id="SenseAcctOpenService" class="au.com.stgeorge.ibank.businessobject.acctopenservice.SenseAccountOpeningService">
		<property name="acctOpeningDao">
			<ref bean="acctOpeningDao" />
		</property>
		<property name="perfLogger">
			<ref bean="perfLogger" />
		</property>
		<property name="wmqiService">
			<ref bean="wmqiService" />
		</property>
		<property name="acctSvcHlp">
			<ref bean="acctSvcHlp" />
		</property>
	</bean>

	<bean id="onlinePinService" class="au.com.stgeorge.ibank.businessobject.impl.OnlinePINServiceImpl" scope="prototype">
		<property name="cardService">
			<ref bean="cardService" />
		</property>  
		<property name="esb2Service">
			<ref bean="esb2Service"/>
		</property>   
		<property name="perfLogger">
			<ref bean="perfLogger" />
		</property>
		<property name="globalWalletDao" ref="globalWalletDao"/>       
		<property name="globalWalletService" ref="globalWalletService" />    
	</bean>

	<bean id="proofOfStmtService" class="au.com.stgeorge.ibank.businessobject.impl.ProofOfStmtServiceImpl"/>

	<bean id="insuranceService" class="au.com.stgeorge.ibank.businessobject.impl.InsuranceServiceImpl">
		<property name="esb2Service">
			<ref bean="esb2Service"/>
		</property>
		<property name="insSSOTokenService">
			<ref bean="insSSOTokenService"/>
		</property>
		<property name="perfLogger">
			<ref bean="perfLogger" />
		</property>
		<property name="cpcListDao">
			<ref bean="cpcListDao"/>
		</property>
	</bean>

	<bean id="cpcListDao" class="au.com.stgeorge.ibank.dao.impl.CpclistDaoImpl">
		<property name="dataSource" ref ="dsInternetBanking" />
	</bean>

	<bean id="miLogMessageSender" class="org.springframework.ws.transport.http.HttpComponentsMessageSender">
		<property name="connectionTimeout" value="${miLogMessageSender.connectionTimeout}"/>
		<property name="readTimeout" value="${miLogMessageSender.readTimeout}"/>
	</bean>

	<bean name="btSuperSearchService" class="au.com.stgeorge.ibank.businessobject.impl.BTSuperSearchServiceImpl" >
		<property name="btSuperSearchDao">
			<ref bean="btSuperSearchDao" />
		</property>
	</bean>

	<bean id="serviceStationService"   scope="prototype" class="au.com.stgeorge.ibank.servicestation.businessobject.ServiceStationImpl" >
		<property name="perfLogger">
			<ref bean="perfLogger" />
		</property>
		<property name="msgService">
			<ref bean="messageCentreAdminService" />
		</property>
		<property name="msgInsertionPointDao">
			<ref bean="msgInsertionPointDao" />
		</property>
		<property name="messageDao">
			<ref bean="messageDao" />
		</property>  
		<property name="serviceDao">
			<ref bean="serviceStationDao" />
		</property>
		<property name="customerMsgDao">
			<ref bean="customerMessageDao"/>
		</property>

	</bean>

	<bean name="tranCategorisationService" class="au.com.stgeorge.ibank.businessobject.impl.TranCategorisationServiceImpl" >
		<property name="perfLogger">
			<ref bean="perfLogger" />
		</property>
	</bean>
	<bean id="digitalSecurityLogger" class="au.com.stgeorge.digitalsec.logger.DigitalSecLogger"/>

	<bean id="insuranceServiceV2" class="au.com.stgeorge.ibank.businessobject.impl.InsuranceServiceImplv2">
		<property name="esb2Service">
			<ref bean="esb2ServiceV2"/>
		</property>
		<property name="insSSOTokenService">
			<ref bean="insSSOTokenService"/>
		</property>
		<property name="perfLogger">
			<ref bean="perfLogger" />
		</property>
		<property name="cpcListDao">
			<ref bean="cpcListDao"/>
		</property>

	</bean>
	<bean id="evService" class="au.com.stgeorge.ibank.evcrs.businessobject.EVServiceImpl">
		<property name="esb2Service">
			<ref bean="esb2Service"/>
		</property>
		<property name="perfLogger">
			<ref bean="perfLogger" />
		</property>
		<property name="evDetailDao">
			<ref bean="evDetailDao" />
		</property>
		<property name="evVerifyService">
			<ref bean="evVerifyService" />
		</property>
		<property name="wmqiService">
			<ref bean="wmqiService" />
		</property>
	</bean>

	<bean id="evVerifyService" class="au.com.stgeorge.ibank.evcrs.businessobject.EVVerifyServiceImpl">
		<property name="esb2IncreasedTimeoutService">
			<ref bean="esb2IncreasedTimeoutService"/>
		</property>
		<property name="perfLogger">
			<ref bean="perfLogger" />
		</property>

	</bean>

	<bean id="tranHistPerfLogger" class="au.com.stgeorge.tranhistory.perflogger.PerformanceLogger">
    </bean>
  
  	<bean name="categorisationService" class="au.com.stgeorge.ibank.businessobject.categorisation.CategorisationServiceImpl" >
		<property name="perfLogger">
			<ref bean="perfLogger" />
		</property>
		<property name="tranHistCategorisationService">
			<ref bean="tranHistoryCategorisationService" />
		</property>
		<property name="extendTransactionHistoryService" ref="extendTranHistService" />
	</bean>

	<bean name="forceChangePwdService" class="au.com.stgeorge.ibank.businessobject.impl.ForceChangePwdServiceImpl" >
		<property name="forceChangePwdDao">
			<ref bean="forceChangePwdDao" />
		</property>
	</bean>	

	<bean id="evHttpComponentsMessageSender" class="org.springframework.ws.transport.http.HttpComponentsMessageSender"> 
		<property name="httpClient">
			<bean factory-bean="defaultWebSphereSSLContextFactory" factory-method="getHttpClient"/>
		</property>
		<property name="connectionTimeout" value="12000"/>
		<property name="readTimeout" value="12000"/>
	</bean> 	

	<bean id="oneClickHttpComponentsMessageSender" class="org.springframework.ws.transport.http.HttpComponentsMessageSender"> 
		<property name="httpClient">
			<bean factory-bean="defaultWebSphereSSLContextFactory" factory-method="getHttpClient"/>
		</property>
		<property name="connectionTimeout" value="12000"/>
		<property name="readTimeout" value="12000"/>
	</bean>

	<bean id="defaultWebSphereSSLContextFactory" class="au.com.westpac.jcx.reference.websphere.security.WebSphereSSLContextFactory">
		<constructor-arg type="java.lang.String" value="NodeDefaultSSLSettings"/>
	</bean>  		


	<bean id="iBankSimplifiedLogonDao" class="au.com.stgeorge.ibank.dao.impl.IBankSimplifiedLogonDaoImpl">
		<property name="dataSource" ref ="dsInternetBanking" />
	</bean>	

	<bean id="changeStmtAddressService" class="au.com.stgeorge.ibank.businessobject.impl.ChangeStmtAddressServiceImpl">
		<property name="esb2Service">
			<ref bean="esb2Service"/>
		</property>
		<property name="perfLogger">
			<ref bean="perfLogger" />
		</property>

	</bean>		

	<bean name="onlineRegistrationService" class="au.com.stgeorge.ibank.businessobject.onlinereg.OnlineRegistrationServiceImpl" >
		<property name="wsSessionDAO">
			<ref bean="wsSessionDAO"/>
		</property>
		<property name="jwtHelpObj">
			<ref bean="onlineRegJWTHelper" />
		</property>
		<property name="onlineRegEncryptionDigestService" ref="onlineRegEncryptionDigestService"/>
	</bean>

	<bean id="wsSessionDAO"   class="au.com.stgeorge.ibank.dao.impl.SessionDaoImpl">
		<property name="dataSource">
			<ref bean="sessionDB"/>
		</property>
	</bean>
	<bean id="throttleService" class="au.com.stgeorge.ibank.businessobject.impl.ThrottlingServiceImpl"  >
		<property name="perfLogger">
			<ref bean="perfLogger" />
		</property>	
		<property name="throttleRequestDetailDao">
			<ref bean="throttleRequestDetailDao" />
		</property>
	</bean>

	<bean id="crsService" class="au.com.stgeorge.ibank.evcrs.businessobject.CRSServiceImpl">
		<property name="esb2Service">
			<ref bean="esb2Service"/>
		</property>
		<property name="perfLogger">
			<ref bean="perfLogger" />
		</property>
		<property name="evDetailDao">
			<ref bean="evDetailDao" />
		</property>
		<property name="evVerifyService">
			<ref bean="evVerifyService" />
		</property>
		<property name="wmqiService">
			<ref bean="wmqiService" />
		</property>
		<property name="customerMessageDao">
			<ref bean="customerMessageDao" />
		</property>
	</bean>

	<bean name="businessAccountService" class="au.com.stgeorge.ibank.service.businessobject.BusinessAccountServiceImpl"  >
		<property name="perfLogger">
			<ref bean="perfLogger" />
		</property>
		<property name="wmqiService">
			<ref bean="wmqiService" />
		</property>
		<property name="ttService">
			<ref bean="ttService" />
		</property>
		<property name="evVerifyService">
			<ref bean="evVerifyService" />
		</property>
		<property name="referenceDataDao">
			<ref bean="referenceDataDao" />
		</property>   
		<property name="crsService">
			<ref bean="crsService" />
		</property>   
		<property name="businessAccountDao">
			<ref bean="businessAccountDao" />
		</property>   

		<property name="eStatementService">
			<ref bean="eStatementService"/>
		</property>
		<property name="digitalSecLogger">
			<ref bean="digitalSecurityLogger" />
		</property>
		<property name="wdpService">
			<ref bean="wdpService" />
		</property>  
	</bean>

	<bean id="extendTranHistService"   class="au.com.stgeorge.tranhistory.service.impl.ExtendTransactionHistoryServiceImpl">
		<property name="tranHistRetrievalSvc" ref="tranHistRetrievalSvc" />
	</bean>	

	<bean id="eCorrespondenceService" class="au.com.stgeorge.ibank.businessobject.ecorrespondence.ECorrespondenceServiceImpl">
		<property name="eCorrEncryptionDigestService">
			<ref bean="eCorrEncryptionDigestService" />
		</property>
		<property name="tokenexpiryinseconds" value="30"/>
		<property name="jwtHelpObj">
			<ref bean="eCorrJWTHelper" />
		</property>
		<property name="originsDAO">
			<ref bean="originsDAO" />
		</property> 
		<property name="customerMessageDao">
			<ref bean="customerMessageDao" />
		</property>
	</bean>

	<bean id="nppService" class="au.com.stgeorge.ibank.businessobject.impl.NPPServiceImpl">
		<property name="esb2Service">
			<ref bean="esb2ServiceNew"/>
		</property>
		<property name="referenceDataDao">
			<ref bean="referenceDataDao" />
		</property>
		<property name="cpclistDao">
			<ref bean="cpcListDao" />
		</property>
		<property name="nppIssuerToBICMappingDao">
			<ref bean="nppIssuerToBICMappingDao" />
		</property>
		<property name="nppParticipantDao">
			<ref bean="nppParticipantDao" />
		</property>
		<property name="cpcService" ref="cpcService" />
		<property name="blacklistThirdPartyDao">
			<ref bean="blacklistThirdPartyDao" />
		</property>
		<property name="prudentialLimitHelper">
			<ref bean="prudentialLimitHelper" />
		</property>	
		<property name="nppPaymentStatusService">
			<ref bean="nppPaymentStatusService" />
		</property>		
		<property name="wdpService">
			<ref bean="wdpService" />
		</property>	
		<property name="nppNotificationService">
			<ref bean="nppNotificationService" />
		</property>
		<property name="ibankRefreshParams" >
			<ref bean="ibankRefreshParams"  />
		</property>	
		<property name="nppBatchDetailsDao" >
			<ref bean="nppBatchDetailsDao"  />
		</property>
		<property name="throttlingPaymentsDao" >
			<ref bean="throttlingPaymentsDao"  />
		</property>	
		<property name="nppPayIdStatusDao">
			<ref bean="nppPayIdStatusDao" />
		</property>
		<property name="customerPayIdLookupDao">
			<ref bean="customerPayIdLookupDao" />
		</property>
		<property name="nppInactiveParticipantDao">
			<ref bean="nppInactiveParticipantDao" />
		</property>
	    <property name="nppPayIdPayeeDao">
            <ref bean="nppPayIdPayeeDao" />
        </property>
	</bean>
	
	<bean id="nppCommonService" class="au.com.stgeorge.ibank.businessobject.impl.NPPCommonServiceImpl">
		<property name="nppPayIdPayeeDao" ref="nppPayIdPayeeDao"/>
	</bean>	
	
	
	<bean id="throttlingPaymentsDao" class="au.com.stgeorge.ibank.npp.dao.impl.ThrottlingPaymentsDaoImpl">
		<property name="dataSource" ref="dsInternetBanking" />
	</bean>	
	
	<bean id="nppTransactionService" class="au.com.stgeorge.ibank.businessobject.impl.NPPTransactionServiceImpl">	
		<property name="wdpService" ref="wdpService"/>
	    <property name="perfLogger" ref="perfLogger"/>	
	    <property name="referenceDataDao" ref="referenceDataDao"/>	
	    <property name="ibankRefreshParams" ref="ibankRefreshParams"/>
	</bean>
	
	<bean id="nppListenerService" class="au.com.stgeorge.ibank.businessobject.impl.NPPListnerServiceImpl">
		<property name="nppNotificationService">
			<ref bean="nppNotificationService" />
		</property>
		<property name="nppService">
			<ref bean="nppService" />
		</property>
		<property name="nppCommonService" ref="nppCommonService"/>
	</bean>	
	<bean id="nppServiceHelper" class="au.com.stgeorge.ibank.businessobject.impl.NPPServiceHelper">
		<property name="msgProcessingService">
			<ref bean="msgProcessingService" />
		</property>
	</bean>

	<bean id="nppPaymentStatusService" class="au.com.stgeorge.ibank.businessobject.impl.NPPPaymentStatusServiceImpl">
		<property name="esb2Service" ref="esb2ServiceNew"/>
		<property name="prudentialLimitHelper" ref="prudentialLimitHelper"/>
		<property name="nppNotificationService" ref="nppNotificationService"/>
		<property name="nppCommonService" ref="nppCommonService"/>
	</bean>		

	<bean id="nppNotificationService" class="au.com.stgeorge.ibank.businessobject.impl.NPPNotificationsImpl">
		<property name="msgProcessingService">
			<ref bean="msgProcessingService" />
		</property>
		<property name="perfLogger">
			<ref bean="perfLogger" />
		</property>
	</bean>

	<bean name="loanApplService" class="au.com.stgeorge.ibank.businessobject.loanapplication.LoanApplicationServiceImpl"  >
		<property name="loanDao">
			<ref bean="loanDao" />
		</property>
		<property name="tokenexpiryinseconds" value="30"/>
		<property name="aceKey" value="${loanApplService.aceKey}"/>
		<property name="aceIV" value="${loanApplService.aceIV}"/>
		<property name="jwtHelpObj">
			<ref bean="eFinanceJWTHelper" />
		</property>
		<property name="jwtHelperCompass2Ace">
			<ref bean="aceJWTHelper" />
		</property>						
		<property name="aceEncryptionDigestService">
			<ref bean="aceEncryptionDigestService" />
		</property>
		<property name="mortgageService">
			<ref bean="mortgageService" />
		</property>
	</bean>

	<bean name="mortgageService" class="au.com.stgeorge.ibank.businessobject.mortgage.MortgageServiceImpl"  >		
		<property name="sessionexpiryinminutes" value="10"/>
		<property name="tokenexpiryinminutes" value="2"/>
		<property name="jwtHelpObj">
			<ref bean="mortgageJWTHelper" />
		</property>
		<property name="mortgageServiceHelper">
			<ref bean="mortgageServiceHelper" />
		</property>
		<property name="dmApplicantDao">
			<ref bean="dmApplicantDao"/>
		</property>
	    <property name="mortgageDataService">
            <ref bean="mortgageDataService" />
        </property>
       <property name="dmApplicationDao">
			<ref bean="dmApplicationDao"/>
		</property>	
		<property name="dmProductDetailDao">
			<ref bean="dmProductDetailDao"/>
		</property>
		<property name="dmAssetDao">
			<ref bean="dmAssetDao"/>
		</property>
		<property name="dmPurchasePropertyDao">
			<ref bean="dmPurchasePropertyDao"/>
		</property>
		<property name="dmAddressDao">
			<ref bean="dmAddressDao"/>
		</property>
		<property name="dmPropertyDao">
			<ref bean="dmPropertyDao"/>
		</property>
		<property name="perfLogger">
			<ref bean="perfLogger" />
		</property>	
		<property name="mortgageParams">
			<ref bean="mortgageParams" />
		</property>
		<property name="mortgageServiceValOrderHelper">
			<ref bean="mortgageServiceValOrderHelper" />
		</property>
		<property name="httpClientClas">
			<ref bean="httpClientClas" />
		</property>	
	</bean>
	<bean id="mortgageServiceValOrderHelper" class="au.com.stgeorge.ibank.businessobject.mortgage.MortgageServiceValOrderHelper">
	</bean>
	<bean id="ttPurposeCodeDao" class="au.com.stgeorge.ibank.dao.impl.TTpurposeCodeDaoImpl">
		<property name="dataSource" ref ="dsInternetBanking" />
	</bean>


	<bean name="retentionService" class="au.com.stgeorge.ibank.service.businessobject.RetentionServiceImpl" >
		<property name="cpcListDao" ref="cpcListDao"/>
		<property name="leadDetailsDao" ref="LeadDetailsDAO"/>		 
		<property name="esb2Service" ref="esb2Service"/>
		<property name="wmqiService" ref="wmqiService" />
		<property name="perfLogger" ref="perfLogger" />
	</bean>

	<bean id="externalLinkService" class="au.com.stgeorge.mobilebank.businessobject.impl.ExternalLinkServiceImpl" >
		<property name="aceEncryptionDigestService">
			<ref bean="aceEncryptionDigestService" />
		</property>
		<property name="jwtHelpObj">
			<ref bean="aceJWTHelper" />
		</property>
	</bean>	
	
 	<bean name="creditCardClosureService" class="au.com.stgeorge.ibank.service.businessobject.CreditCardClosureServiceImpl">
        <property name="wdpService" ref="wdpService"/>
        <property name="perfLogger" ref="perfLogger" />
    </bean>
    
    <bean name="globalWalletPaymentService" class="au.com.stgeorge.ibank.businessobject.globalWallet.GlobalWalletPaymentServiceImpl">
        <property name="cpcService" ref="cpcService"/>
        <property name="cardLimitValidationService" ref="cardLimitValidationService" />
        <property name="perfLogger" ref="perfLogger"/>		
		<property name="wdpService" ref="wdpService"/>		
		<property name="cpcListDao">
			<ref bean="cpcListDao" />
		</property>
	    <property name="cardHolderDetailsService" ref="cardHolderDetailsService"/>
		<property name="globalWalletService" ref="globalWalletService" />
		<property name="forexRatesDao" ref="forexRatesDao" />
		<property name="pursePaymentLogDao" ref="pursePaymentLogDao" />
    </bean>
    
 	<bean name="managePayIdService" class="au.com.stgeorge.ibank.service.businessobject.ManagePayIdServiceImpl">
		<property name="nppService" ref="nppService" />
		<property name="esb2Service" ref="esb2ServiceNew"/>
		<property name="safi2Service" ref="safi2Service" />
		<property name="perfLogger" ref="perfLogger"/>
		<property name="wmqiService" ref="wmqiService"/>
		 <property name="wdpService" ref="wdpService"/>
		 <property name="ibankRefreshParams" >
			<ref bean="ibankRefreshParams"  />
		</property>
    </bean>
 

	<bean id="debitCardService" class="au.com.stgeorge.debitcard.service.impl.DebitCardServiceImpl">
		<property name="esb2Service">
			<ref bean="esb2Service"/>
		</property>
		<property name="perfLogger">
			<ref bean="perfLogger" />
		</property>
		<property name="acctOpeningDao">
			<ref bean="acctOpeningDao" />
		</property>
		<property name="wmqiService">
			<ref bean="wmqiService" />
		</property>
	</bean>
	<bean id="prudentialLimitDao" class="au.com.stgeorge.ibank.dao.impl.PrudentialLimitDaoImpl">
		<property name="dataSource" ref="dsInternetBanking" />
	</bean>
	<bean id="prudentialCumulativeLimitDao" class="au.com.stgeorge.ibank.dao.impl.PrudentialCumulativeLimitDaoImpl">
		<property name="dataSource" ref="dsInternetBanking" />
	</bean>
	<bean id="prudentialLimitHelper"   class="au.com.stgeorge.ibank.businessobject.PrudentialLimitHelper">
		<property name="prudentialLimitDao">
			<ref bean="prudentialLimitDao" />
		</property>
		<property name="prudentialCumulativeLimitDao" >
			<ref bean="prudentialCumulativeLimitDao"  />
		</property>
		<property name="ibankRefreshParams" >
			<ref bean="ibankRefreshParams"  />
		</property>			
	</bean>
	<bean id="mortgageServiceHelper" class="au.com.stgeorge.ibank.businessobject.mortgage.MortgageServiceHelper">
		 <property name="encryptionWithAES">
	   		<ref bean="encryptionWithAES" />
	  	</property>	
	</bean>
	
	<bean id="memoryThrottlingService" class="au.com.stgeorge.ibank.businessobject.impl.MemoryThrottlingServiceImpl"  >
		<property name="perfLogger">
			<ref bean="perfLogger" />
		</property>	
	</bean>	

	<bean name="mortgageDataService" class="au.com.stgeorge.ibank.businessobject.mortgage.MortgageDataServiceImpl"  >	
	    <property name="transactionManager">
                <ref bean="messageCentreDBTransactionManager" />
        </property>
		<property name="mortgageDataServiceHelper">
				<ref bean="mortgageDataServiceHelper" />
		</property>
		<property name="mortgageServiceHelper">
				<ref bean="mortgageServiceHelper" />
		</property>
		<property name="perfLogger">
				<ref bean="perfLogger" />
		</property>	
		<property name="mortgageDao">
			<ref bean="mortgageDao"/>
		</property>
		<property name="dmCLASCustomerDao">
			<ref bean="dmCLASCustomerDao"/>
		</property>
		<property name="dmCLASApplicationDao">
			<ref bean="dmCLASApplicationDao"/>
		</property>
		<property name="dmApplicationDao">
			<ref bean="dmApplicationDao"/>
		</property>
		<property name="dmPropertyDao">
			<ref bean="dmPropertyDao"/>
		</property>
		<property name="dmPurchasePropertyDao">
			<ref bean="dmPurchasePropertyDao"/>
		</property>
		<property name="dmLoanOutcomeDao">
			<ref bean="dmLoanOutcomeDao"/>
		</property>
	</bean>
	<bean id="httpClientClas" class="au.com.stgeorge.ibank.businessobject.mortgage.HttpClientClasImpl" >
		<property name="httpComponentsMessageSender">
			<ref bean="clasMessageSender" />
		</property>
	</bean>
	<bean id="clasMessageSender" class="org.springframework.ws.transport.http.HttpComponentsMessageSender"> 
		<property name="httpClient">
			<bean factory-bean="webSphereSSLContextFactoryNew" factory-method="getHttpClient"/>
		</property>
		<property name="connectionTimeout" value="12000"/>
		<property name="readTimeout" value="12000"/>
	</bean> 	
	<bean id="messageCentreDBTransactionManager"
        class="org.springframework.jdbc.datasource.DataSourceTransactionManager">
        <property name="dataSource">
            <ref bean="messageCentreDB" />
        </property>
    </bean>	
	<bean id="mortgageDataServiceHelper" class="au.com.stgeorge.ibank.businessobject.mortgage.MortgageDataServiceHelper">
		<property name="mortgageServiceHelper">
			<ref bean="mortgageServiceHelper" />
		</property>
	</bean>		
	
	<bean id="safeBillersDao" class="au.com.stgeorge.ibank.dao.impl.SafeBillersDaoImpl">
		<property name="dataSource" ref="dsInternetBanking" />
	</bean>

	
	<bean id="cardDisputeService" class="au.com.stgeorge.ibank.businessobject.impl.CardDisputeServiceImpl">
	    <property name="wdpService" ref="wdpService"/>
	    <property name="wdpServiceNGINX" ref="wdpServiceNGINX"/>
		<property name="tokenexpiryinseconds" value="30"/>
		<property name="debitJWTHelpObj">
			<ref bean="debitCardDisputeJWTHelper" />
		</property>
		<property name="creditJWTHelpObj">
			<ref bean="creditCardDisputeJWTHelper" />
		</property>
		<property name="perfLogger">
			<ref bean="perfLogger" />
		</property>
		<property name="tokenDetailsDao">
			<ref bean="tokenDetailsDao" />
		</property>	
	</bean>
	
	<bean id="customerPricingService" class="au.com.stgeorge.ibank.cpp.businessobject.CustomerPricingServiceImpl">
		<property name="perfLogger" ref="perfLogger"/>	
		<property name="pricingQuoteService" ref="pricingQuoteService"/>
		<property name="offerProcessing" ref="offerProcessing"/>	
		<property name="campaignEligibilityService" ref="campaignEligibilityService"/>	
		<property name="cppOfferStatusDao" ref="cppOfferStatusDao"/>				
	</bean>
	
	<bean id="pricingQuoteService" class="au.com.stgeorge.ibank.cpp.businessobject.PricingQuoteServiceImpl">
		<property name="perfLogger" ref="perfLogger"/>		
		<property name="wdpService" ref="wdpService"/>
	</bean>
	
	<bean id="offerProcessing" class="au.com.stgeorge.ibank.cpp.businessobject.PricingOfferServiceImpl">
		<property name="perfLogger" ref="perfLogger"/>		
		<property name="wdpService" ref="wdpService"/>			
	</bean>
	
	<bean name="campaignEligibilityService" class="au.com.stgeorge.ibank.cpp.businessobject.CampaignEligibilityServiceImpl" >			 
		<property name="esb2Service" ref="esb2Service"/>		
		<property name="perfLogger" ref="perfLogger" />
	</bean>
	
	<bean id="pushNotificationServiceHelper" class="au.com.stgeorge.ibank.businessobject.impl.PushNotificationServiceHelper">
		<property name="pushCache">
			<ref bean="pushCache"/>
		</property>	
	</bean>
	
	<bean name="codesCache" class="au.com.stgeorge.ibank.common.cache.CodesCache"  factory-method="getInstance">	
		<property name="codesDAO">
			<ref bean="codesDAO"/>
		</property>		
	</bean>
	
	<bean name="pushCache" class="au.com.stgeorge.ibank.common.cache.PushCache"  factory-method="getInstance">	
		<property name="codesDAO">
			<ref bean="codesDAO"/>
		</property>		
	</bean>
	
	<bean id="codesDAO" class="au.com.stgeorge.ibank.dao.impl.CodesDAO" />
	
	<bean name="cpcService" class="au.com.stgeorge.ibank.businessobject.impl.CPCServiceImpl"  >
		<property name="cpcMasterDao">
			<ref bean="cpcMasterDao" />
		</property>
		<property name="cpcConstraintsDao">
			<ref bean="cpcConstraintsDao" />
		</property>

	</bean>
	
	<bean id="savingsOnboardingService" class="au.com.stgeorge.mobilebank.businessobject.impl.SavingsOnboardingServiceImpl">
		<property name="customerMessageDao">
			<ref bean="customerMessageDao"/>
		</property>

	</bean>
	
	<bean id="matrixMigrationService" class="au.com.stgeorge.mobilebank.businessobject.impl.MatrixMigrationServiceImpl">
		<property name="customerMessageDao">
			<ref bean="customerMessageDao"/>
		</property>
	</bean>
	
	<bean id="emailBounceBackService" class="au.com.stgeorge.mobilebank.businessobject.impl.EmailBounceBackServiceImpl">
		<property name="customerMessageDao" ref="customerMessageDao" />
		<property name="contDetlVal" ref="contDetlVal"/>
		<property name="digitalSecLogger" ref="digitalSecurityLogger"/>
	</bean>
	
	<bean name="recurringDirectDebits" class="au.com.stgeorge.ibank.businessobject.recurringedirectdebits.RecurringDirectDebitsServiceImpl">
	  <property name="wdpService" ref="wdpService"/>
	  <property name="perfLogger" ref="perfLogger" />
	  <property name="pdfGenService" ref="pdfGenerationService" />
  	  <property name="pdfStoreDao" ref="pdfStoreDao" />
	  <property name="customerArrangementService" ref="customerArrangementService"/>
	  <property name="ibankRefreshParams" >
		<ref bean="ibankRefreshParams"  />
	  </property>
	  <property name="cpcMasterDao">
			<ref bean="cpcMasterDao" />
	  </property>	  	  
	</bean>
	
	<bean name="pdfGenerationService" class="au.com.stgeorge.ibank.businessobject.pdfgen.PDFGenerationServiceImpl"  >	
 		<property name="wdpService" ref="wdpService"/>
	</bean>
	
	<bean name="customerArrangementService" class="au.com.stgeorge.ibank.businessobject.customerarrangement.CustomerArrangementServiceImpl"  >	
 		<property name="wdpService" ref="wdpService"/>
	</bean>	
	
	<bean id="transactService"   class="au.com.stgeorge.mobilebank.businessobject.impl.TransactServiceImpl" />
	<bean name="payHistoryService" class="au.com.stgeorge.mobilebank.businessobject.impl.PayHistoryServiceImpl" />
	
	<bean id="ibankRefreshParams" class="au.com.stgeorge.ibank.common.cache.IBankRefreshParamsImpl">
		<property name="codesDAO">
			<ref bean="codesDAO"/>
		</property> 	    
	</bean>
	
	<bean id="paymentsLogExtDao" class="au.com.stgeorge.ibank.npp.dao.impl.PaymentsLogExtDaoImpl">
		<property name="dataSource" ref="dsInternetBanking" />
	</bean>
	<bean id="paymentLockDao" class="au.com.stgeorge.ibank.dao.impl.PaymentLockDaoImpl">
		<property name="dataSource" ref="dsInternetBanking" />
	</bean>
	
	<bean id="fixedHomeLoanCustomerDao"   class="au.com.stgeorge.ibank.hlfr.dao.impl.FixedHomeLoanCustomerDaoImpl">
		<property name="dataSource">
			<ref bean="messageCentreDB"/>
		</property>
	</bean>
	
	<bean id="fixedHomeLoanOfferDao"   class="au.com.stgeorge.ibank.hlfr.dao.impl.FixedHomeLoanOfferDaoImpl">
		<property name="dataSource">
			<ref bean="messageCentreDB"/>
		</property>
	</bean>
	
	<bean id="homeLoanOfferRatesDao"   class="au.com.stgeorge.ibank.hlfr.dao.impl.HomeLoanOfferRatesDaoImpl">
		<property name="dataSource">
			<ref bean="messageCentreDB"/>
		</property>
	</bean>
	
	<bean id="globalWalletService" class="au.com.stgeorge.ibank.businessobject.globalWallet.GlobalWalletServiceImpl">
	    <property name="wdpService" ref="wdpService"/>
	    <property name="perfLogger" ref="perfLogger"/>
	    <property name="gwServiceHelper" ref="gwServiceHelper"/>
	    <property name="cardLimitValidationService" ref="cardLimitValidationService"/>	
	    <property name="cardActivationService" ref="cardActivationService"/>
	    <property name="cardServices" ref="cardServices"/>
	    <property name="globalWalletDao" ref="globalWalletDao"/>
	    <property name="gwExceptionMapHelper" ref="gwExceptionMapHelper"/>
	    <property name="pursesService" ref="pursesService"/>
	    <property name="cardStatusService" ref="cardStatusService"/>
	    <property name="cardHolderDetailsService" ref="cardHolderDetailsService"/>
	    <property name="transactionHistoryService" ref="transactionHistoryService"/>
	    <property name="forexRatesDao" ref="forexRatesDao"/>
	</bean>
	
	<bean id="globalWalletEstatementService" class="au.com.stgeorge.ibank.businessobject.globalWallet.GlobalWalletEstatementServiceImpl">
	    <property name="wdpService" ref="wdpService"/>
	    <property name="perfLogger" ref="perfLogger"/>
	    <property name="gwServiceHelper" ref="gwServiceHelper"/>
	    <property name="cardHolderDetailsService" ref="cardHolderDetailsService"/>
	    <property name="globalWalletService" ref="globalWalletService"/>
	    <property name="customerArrangementService" ref="customerArrangementService"/>
	    <property name="cardStatusService" ref="cardStatusService"/>
	</bean>
	
	<bean id="gwServiceHelper"   class="au.com.stgeorge.ibank.businessobject.globalWallet.GlobalWalletServiceHelper">
		<property name="globalWalletParams" ref="globalWalletParams"/>
	</bean>	
	
	<bean id="cardActivationService"   class="au.com.stgeorge.ibank.businessobject.globalWallet.CardActivationServiceImpl">
		<property name="wdpService" ref="wdpServiceMoreExp"/>
	    <property name="perfLogger" ref="perfLogger"/>	  
	    <property name="gwExceptionMapHelper" ref="gwExceptionMapHelper"/>  
	</bean>
	<bean id="globalWalletParams"   class="au.com.stgeorge.ibank.common.cache.GlobalWalletParams">
			<property name="globalWalletService" ref="globalWalletService" />
	</bean>
	<bean id="cardLimitValidationService"   class="au.com.stgeorge.ibank.businessobject.globalWallet.CardLimitValidationServiceImpl">
		<property name="wdpService" ref="wdpService"/>
	    <property name="perfLogger" ref="perfLogger"/>
	    <property name="gwExceptionMapHelper" ref="gwExceptionMapHelper"/>	    
	</bean>
	
	<bean id="cardServices"   class="au.com.stgeorge.ibank.businessobject.globalWallet.CardServicesImpl">
		<property name="wdpService" ref="wdpServiceMoreExp"/>
	    <property name="perfLogger" ref="perfLogger"/>	    
	    <property name="gwExceptionMapHelper" ref="gwExceptionMapHelper"/>
	</bean>
	
	<bean id="cardHolderDetailsService"   class="au.com.stgeorge.ibank.businessobject.globalWallet.CardHolderDetailsServiceImpl">
		<property name="wdpService" ref="wdpService"/>
	    <property name="perfLogger" ref="perfLogger"/>
	    <property name="gwExceptionMapHelper" ref="gwExceptionMapHelper"/>	    
	</bean>
	
	<bean id="pursesService"   class="au.com.stgeorge.ibank.businessobject.globalWallet.PursesServiceImpl">
		<property name="wdpService" ref="wdpService"/>
	    <property name="perfLogger" ref="perfLogger"/>
	    <property name="gwExceptionMapHelper" ref="gwExceptionMapHelper"/>	    
	</bean>
	
	<bean id="cardStatusService"   class="au.com.stgeorge.ibank.businessobject.globalWallet.CardStatusServiceImpl">
		<property name="wdpService" ref="wdpService"/>
	    <property name="perfLogger" ref="perfLogger"/>
	    <property name="gwExceptionMapHelper" ref="gwExceptionMapHelper"/>	    
	</bean>	
	<bean name="transactionHistoryService" class="au.com.stgeorge.ibank.businessobject.globalWallet.TransactionHistoryServiceImpl"  >	
 		<property name="wdpService" ref="wdpServiceMoreExp"/>
 		<property name="perfLogger" ref="perfLogger" />
 		<property name="gwExceptionMapHelper" ref="gwExceptionMapHelper"/>
	</bean>
	
	<bean id="gwExceptionMapHelper" class="au.com.stgeorge.ibank.globalwallet.util.GlobalWalletExceptionMapHelper"/>
	
	<bean id="gwAcctControllerHelper" class="au.com.stgeorge.ibank3.controller.account.GlobalWalletAccountControllerHelper"/>
	<bean id="cardActivationHelper" class="au.com.stgeorge.ibank3.controller.customer.CardActivationHelper"/>
	<bean id="onlinePinControllerHelper" class="au.com.stgeorge.ibank3.controller.account.OnlinePinControllerHelper"/>
	
	<bean id="fixedHomeLoanService" class="au.com.stgeorge.ibank.businessobject.impl.FixedHomeLoanServiceImpl">
		<property name="accountService">
			<ref bean="acctSvc"/>
		</property>
	
	<property name="fixedHomeLoanOfferDao">
			<ref bean="fixedHomeLoanOfferDao"/>
		</property>
		<property name="fixedHomeLoanCustomerDao">
			<ref bean="fixedHomeLoanCustomerDao"/>
		</property>
		<property name="homeLoanOfferRatesDao">
			<ref bean="homeLoanOfferRatesDao"/>
		</property>
		<property name="wdpService">
			<ref bean="wdpService"/>
		</property>
		<property name="msgProcessingService">
			<ref bean="msgProcessingService" />
		</property>
		<property name="transactionManager">
            <ref bean="messageCentreDBTransactionManager" />
        </property>
	</bean>
	<bean id="nppPayIdPayeeDao"   class="au.com.stgeorge.ibank.npp.dao.impl.NPPPayIdPayeeDaoImpl">
		<property name="dataSource">
			<ref bean="messageCentreDB"/>
		</property>
	</bean>
	
	
	<bean id="contextHandoverService" class="au.com.stgeorge.ibank.businessobject.ContextHandoverServiceImpl">
		<property name="perfLogger" ref="perfLogger"/>		
		<property name="wdpService" ref="wdpService"/>			
	</bean>

	<bean id="homeloanService" class="au.com.stgeorge.ibank.businessobject.homeloan.HomeLoanOBPServiceImpl">
		<property name="perfLogger" ref="perfLogger"/>		
		<property name="wdpService" ref="wdpService"/>
		<property name="homeLoanOBPServiceHelper" ref="homeLoanOBPServiceHelper"/>
		<property name="jwtHelpObj" ref="cshAppTrackerJWTHelper"/>
		<property name="obpApplicationDetailsDao" ref="obpApplicationDetailsDao"/>				
	</bean>
	
  <bean id="custDemoGraPro" class="au.com.stgeorge.ibank.businessobject.CustomerDemographicServiceImpl">
		<property name="perfLogger" ref="perfLogger"/>		
		<property name="wdpService" ref="wdpService"/>
	</bean>
	
	 <bean id="contDetlVal" class="au.com.stgeorge.ibank.businessobject.ContactDetailsValidationServiceImpl">
		<property name="perfLogger" ref="perfLogger"/>		
		<property name="wdpService" ref="wdpService"/>
		<property name="qasUrl" value="${qas.url}"/>
		<property name="qasAction" value="${qas.action}"/>
		<property name="qasToken" value="${qas.token}"/>
		
	</bean>
	
	<bean id="obpApplicationDetailsDao"   class="au.com.stgeorge.ibank.dao.impl.OBPApplicationDetailsDaoImpl">
		<property name="dataSource" ref="messageCentreDB"/>
	</bean>
	
	<bean name="homeLoanOBPServiceHelper" class="au.com.stgeorge.ibank.businessobject.homeloan.HomeLoanOBPServiceHelper" />
	
	<bean id="pursePaymentLogDao" class="au.com.stgeorge.ibank.dao.impl.PursePaymentLogDaoImpl">
		<property name="dataSource" ref="dsInternetBanking" />
	</bean>
	
	<bean id="userAgentParser" class="au.com.stgeorge.ibank.useragent.UserAgentParserImpl">
		<property name="platformDtls" value="\(([\w]+);?\s?" />
		<property name="browserList" value="(safari/(\d+)|version/(\d+)|chrome/(\d+)|chromium/(\d+)|firefox/(\d+)|seamonkey/(\d+)|camino/(\d+)|vivaldi/(\d+)|samsungbrowser/(\d+)|focus/(\d+)|fxios/(\d+)|opera/(\d+)|opr/(\d+)|msie (\d+)|trident/(\d+)|edg/(\d+)|edge/(\d+)|rv:(\d+))" />
	</bean> 
	
	<bean id="fileShareDigiSecLoggerService" class="au.com.stgeorge.ibank.businessobject.impl.FileShareDigiSecLoggerServiceImpl">
		<property name="digitalSecLogger" ref="digitalSecurityLogger"/>
		
	</bean>	
	
	<bean id="safiDigiSecLoggerService" class="au.com.stgeorge.ibank.businessobject.impl.SafiDigiSecLoggerServiceImpl">
		<property name="digitalSecLogger" ref="digitalSecurityLogger"/>
		
	</bean>	
	
	<bean id="fileshareService" class="au.com.stgeorge.ibank.businessobject.impl.FileshareServiceImpl">
		<property name="safi2Service" ref="safi2Service" />
		<property name="fileshareSamlCert" ref="fileshareSamlCert" />
		<property name="fileshareServiceHelper" ref="fileshareServiceHelper" />
		<property name="fileShareDigiSecLoggerService" ref="fileShareDigiSecLoggerService"/>
		<property name="samlDao"><ref bean="samlDao" /></property>
		<property name="fileShareDigestService" ref="fileShareDigestService"/>
	</bean>	
	<bean id="fileshareServiceHelper" class="au.com.stgeorge.ibank.businessobject.impl.FileshareServiceHelper">
		<property name="fileshareMetadataName" value="filesharemetadata.xml" />
	</bean>	
	
	<bean id="fileShareDigestService" class="au.com.stgeorge.ibank.businessobject.impl.EncryptionDigestServiceImpl">
	<property name="stgSecurityService">
            <ref bean="stgSecurityServiceCompressDataImpl" />
    </property>
	</bean>
		
	<bean id="mgrpService" class="au.com.stgeorge.ibank.businessobject.impl.MgrpServiceImpl">
		<property name="safi2Service" ref="safi2Service" />
		<property name="safiDigiSecLoggerService" ref="safiDigiSecLoggerService"/>
	</bean>	
	
	<bean id="livePersonChatService"   class="au.com.stgeorge.ibank.businessobject.LivePersionChatServiceImpl">
        <property name="wsSessionDAO">
            <ref bean="wsSessionDAO"/>
        </property>
        <property name="livePersonJWTHelper">
			<ref bean="livePersonJWTHelper" />
		</property>
		<property name="livePersonJWEHelper">
			<ref bean="livePersonJWEHelper"/>
		</property>
        <property name="dmApplicationDao">
			<ref bean="dmApplicationDao"/>
		</property>
		<property name="secureMessagingConfigDao">
			<ref bean="secureMessagingConfigDao"/>
		</property>
		<property name="ibankRefreshParams">
			<ref bean="ibankRefreshParams" />
		</property>
        <property name="tokenExpiryInMinutes" value="8"/>
    </bean>
	

	<!-- MGRP SAML -->
	<bean id="mgrpSAMLService" class="au.com.stgeorge.ibank.businessobject.mgrp.MgrpSAMLServiceImpl">
		<property name="mgrpSamlCert" ref="mgrpSamlCert" />
		<property name="mgrpSAMLServiceHelper" ref="mgrpSAMLServiceHelper" />
		<property name="samlDao"><ref bean="samlDao" /></property>
		<property name="mgrpDigestService" ref="mgrpDigestService"/>
	</bean>	
	
	<bean id="mgrpSAMLServiceHelper" class="au.com.stgeorge.ibank.businessobject.mgrp.MgrpSAMLServiceHelper">
		<property name="mgrpMetadataName" value="mastercardmetadata.xml" />
	</bean>	
	
	<bean id="mgrpDigestService" class="au.com.stgeorge.ibank.businessobject.impl.EncryptionDigestServiceImpl">
		<property name="stgSecurityService">
	            <ref bean="stgSecurityServiceCompressDataImpl" />
	    </property>
	</bean>
	<!-- MGRP SAML -->
	

	<bean id="emailUpdationService" class="au.com.stgeorge.ibank.businessobject.emailupdation.EmailUpdationServiceImpl">
		<property name="customerMessageDao">
			<ref bean="customerMessageDao"/>
		</property>
	</bean>
	
	<bean id="reactivateOnlineService" class="au.com.stgeorge.ibank.businessobject.ReactivateOnlineServiceImpl"> 
		<property name="idmService" ref="idmGateway"/>
	</bean>	
	

	<bean id="smartPlansService" class="au.com.stgeorge.ibank.businessobject.impl.SmartPlansServiceImpl">
		<property name="ibankRefreshParams">
			<ref bean="ibankRefreshParams" />
		</property>
		<property name="perfLogger">
			<ref bean="perfLogger" />
		</property>
		<property name="tranHistorySmartPlanService">
			<ref bean="tranHistorySmartPlanService" />
		</property>
	</bean>
	
	<bean id="cardAutoPayService" class="au.com.stgeorge.ibank.businessobject.impl.CardAutoPayServiceImpl">
		<property name="perfLogger">
			<ref bean="perfLogger" />
		</property>
	</bean>
	
	<bean id="ascendaService" class="au.com.stgeorge.ibank.businessobject.impl.AscendaServiceImpl">
		<property name="contextHandoverService" ref="contextHandoverService" />
		<property name="samlDao">
			<ref bean="samlDao" />
		</property>
		<property name="perfLogger">
			<ref bean="perfLogger" />
		</property>
	</bean>

    <bean id="oidcService" class="au.com.stgeorge.ibank.businessobject.impl.OIDCServiceImpl" >
      </bean>
      
	 <bean name="preSalesNotificationService" class="au.com.stgeorge.ibank.businessobject.presalesnotification.PreSalesNotificationServiceImpl"  >	
 		<property name="wdpService" ref="wdpService"/>
	</bean>

	 <bean id="transactionHelper" class="au.com.stgeorge.ibank.businessobject.TransactionHelperImpl">
     </bean>
     
    <!-- 21E2: Abusive Transaction -->
	<bean id="reportTransactionDAO"
		class="au.com.stgeorge.ibank.dao.impl.ReportTransactionDaoImpl">
		<property name="dataSource" ref="dsInternetBanking" />
	</bean>
	
	<bean id="abusiveTransactionsService"
		class="au.com.stgeorge.ibank.businessobject.impl.AbusiveTransactionsServiceImpl">
		<property name="wdpService" ref="wdpService" />
		<property name="reportTransactionDAO" ref="reportTransactionDAO" />
		<property name="nppParticipantDao">
			<ref bean="nppParticipantDao" />
		</property>
	</bean>
	
</beans>
