<?xml version="1.0" encoding="UTF-8"?>
<beans default-init-method="init"
  xmlns="http://www.springframework.org/schema/beans"
       xmlns:xsi="http://www.w3.org/2001/XMLSchema-instance"
       xmlns:aop="http://www.springframework.org/schema/aop"
       xmlns:tx="http://www.springframework.org/schema/tx"
       xmlns:flow="http://www.springframework.org/schema/webflow-config"
       xmlns:jee="http://www.springframework.org/schema/jee"
       xmlns:util="http://www.springframework.org/schema/util"
       xsi:schemaLocation="
           http://www.springframework.org/schema/beans
           http://www.springframework.org/schema/beans/spring-beans.xsd
           http://www.springframework.org/schema/jee 
           http://www.springframework.org/schema/jee/spring-jee.xsd
           http://www.springframework.org/schema/util 
           http://www.springframework.org/schema/util/spring-util.xsd">   
           
	<util:properties id="wdpSrvEndPoints" location="classpath:wdpServiceEndPoints.properties" />

	<bean id="wdpService" class="au.com.stgeorge.ibank.businessobject.wdp.WDPServiceImpl">
		<property name="restTemplate" ref="restTemplate" />
		<property name="wdpSrvEndPoints" ref="wdpSrvEndPoints" />
		<property name="perfLogger" ref="perfLogger" />
	</bean>
	
	  <bean id="wdpServiceNGINX" class="au.com.stgeorge.ibank.businessobject.wdp.WDPServiceImpl">
            <property name="restTemplate" ref="restTemplateNGINX" />
            <property name="wdpSrvEndPoints" ref="wdpSrvEndPoints" />
            <property name="perfLogger" ref="perfLogger" />
      </bean>
      

	<bean id="restTemplate" class="org.springframework.web.client.RestTemplate">
		<constructor-arg ref="wdpClientHttpRequestFactory" />
		<property name="interceptors">
	      	<list>
	        	<ref bean="perfLogInterceptor" />
	        	<ref bean="basicAuthInterceptor" />
	        	<ref bean="loggingInterceptor" />
	      	</list>
    	</property>
		<property name="errorHandler" ref="customErrorHandler" /> 
	</bean>
	
	<bean id="restTemplateNGINX" class="org.springframework.web.client.RestTemplate">
		<constructor-arg ref="wdpClientHttpRequestFactory" />
		<property name="interceptors">
	      	<list>
	        	<ref bean="perfLogInterceptor" />     	
	        	<ref bean="loggingInterceptor" />
	      	</list>
    	</property>
		<property name="errorHandler" ref="customErrorHandler" /> 
	</bean>




	<bean id="wdpRequestFactoryBean" class="au.com.stgeorge.ibank.businessobject.wdp.WDPWebsphereRequestFactoryBean">
		<property name="connectionRequestTimeout" value="${wdp.connectionRequestTimeout}" />
		<property name="connectTimeout" value="${wdp.connectTimeout}" />
		<property name="readTimeout" value="${wdp.readTimeout}" />
		<property name="maxTotalConnections" value="${wdp.maxTotalConnections}" />
		<property name="maxConnectionsPerRoute" value="${wdp.maxConnectionsPerRoute}" />
		<property name="sslContextAlias" value="${wdp.sslContextAlias}" />
		<property name="timeToLive" value="${wdp.timeToLive}" />
		<property name="defaultKeepAliveTime" value="${wdp.keepAliveTime}" />
		<property name="staleConnectionMaxIdleTime" value="${wdp.staleConnectionMaxIdleTime}" />
		<property name="maxRetryCount" value="${wdp.maxRetryCount}" />
	</bean>

	<bean id="wdpHttpClient" class="org.apache.http.client.HttpClient" depends-on="wdpRequestFactoryBean" factory-bean="wdpRequestFactoryBean" factory-method="getHttpClient"/>

	<bean id="wdpClientHttpRequestFactory" class="org.springframework.http.client.HttpComponentsClientHttpRequestFactory">
		<property name="httpClient" ref="wdpHttpClient" />
	</bean>

	<bean id="basicAuthCredentialsProvider" class="au.com.stgeorge.ibank.businessobject.wdp.WDPBasicAuthCredentialsProviderImpl">
		<property name="encryptionWithAES" ref="encryptionWithAES" />
		<property name="apiKey" value="${wdp.apiKey}" />
		<property name="apiSecret" value="${wdp.encryptedApiSecret}" />
	</bean>

	<bean id="perfLogInterceptor" class="au.com.stgeorge.ibank.businessobject.wdp.WDPPerformanceLogInterceptor">
		<property name="perfLogger" ref="perfLogger" />
	</bean>

	<bean id="basicAuthInterceptor" class="au.com.stgeorge.ibank.businessobject.wdp.WDPBasicAuthInterceptor">
		<property name="credentialsProvider" ref="basicAuthCredentialsProvider" />
		<property name="perfLogger" ref="perfLogger" />
	</bean>

	<bean id="loggingInterceptor" class="au.com.stgeorge.ibank.businessobject.wdp.WDPLoggingInterceptor">
		<property name="requestHeaders">
			<list>
				<value>x-messageId</value>
				<value>x-appCorrelationId</value>
				<value>x-organisationId</value>
				<value>x-channelType</value>
				<value>x-originatingSystemId</value>
				<value>brandSilo</value>
				<value>x-consumerType</value>
				<value>x-userId</value>
				<value>x-userIdScheme</value>
				<value>Content-Type</value>
				<value>Content-Length</value>
				<value>Accept</value>
			</list>
		</property>
		<property name="perfLogger" ref="perfLogger" />
	</bean>

	<bean id="customErrorHandler" class="au.com.stgeorge.ibank.businessobject.wdp.WDPCustomResponseErrorHandler"/>
	
	<!-- - WDP Service where More Expiry  is needed  20Sec  -->

	<bean id="wdpServiceMoreExp" class="au.com.stgeorge.ibank.businessobject.wdp.WDPServiceImpl">
		<property name="restTemplate" ref="restTemplateMoreExp" />
		<property name="wdpSrvEndPoints" ref="wdpSrvEndPoints" />
		<property name="perfLogger" ref="perfLogger" />
	</bean>

	<bean id="restTemplateMoreExp" class="org.springframework.web.client.RestTemplate">
		<constructor-arg ref="wdpClientHttpRequestFactoryMoreExp" />
		<property name="interceptors">
	      	<list>
	        	<ref bean="perfLogInterceptor" />
	        	<ref bean="basicAuthInterceptor" />
	        	<ref bean="loggingInterceptor" />
	      	</list>
    	</property>
		<property name="errorHandler" ref="customErrorHandler" /> 
	</bean>

	<bean id="wdpRequestFactoryBeanMoreExp" class="au.com.stgeorge.ibank.businessobject.wdp.WDPWebsphereRequestFactoryBean">
		<property name="connectionRequestTimeout" value="${wdp.connectionRequestTimeout}" />
		<property name="connectTimeout" value="${wdp.connectTimeout}" />
		<property name="readTimeout" value="${wdp.readTimeout.moreExp}" />
		<property name="maxTotalConnections" value="${wdp.maxTotalConnections}" />
		<property name="maxConnectionsPerRoute" value="${wdp.maxConnectionsPerRoute}" />
		<property name="sslContextAlias" value="${wdp.sslContextAlias}" />
		<property name="timeToLive" value="${wdp.timeToLive}" />
		<property name="defaultKeepAliveTime" value="${wdp.keepAliveTime}" />
		<property name="staleConnectionMaxIdleTime" value="${wdp.staleConnectionMaxIdleTime}" />
		<property name="maxRetryCount" value="${wdp.maxRetryCount}" />
	</bean>

	<bean id="wdpHttpClientMoreExp" class="org.apache.http.client.HttpClient" depends-on="wdpRequestFactoryBeanMoreExp" factory-bean="wdpRequestFactoryBeanMoreExp" factory-method="getHttpClient"/>

	<bean id="wdpClientHttpRequestFactoryMoreExp" class="org.springframework.http.client.HttpComponentsClientHttpRequestFactory">
		<property name="httpClient" ref="wdpHttpClientMoreExp" />
	</bean>



</beans>