<?xml version="1.0" encoding="UTF-8"?>
<beans xmlns="http://www.springframework.org/schema/beans"
	xmlns:xsi="http://www.w3.org/2001/XMLSchema-instance" xmlns:context="http://www.springframework.org/schema/context"
	xmlns:aop="http://www.springframework.org/schema/aop"
	xsi:schemaLocation="http://www.springframework.org/schema/beans 
           http://www.springframework.org/schema/beans/spring-beans-3.0.xsd 
           http://www.springframework.org/schema/context 
           http://www.springframework.org/schema/context/spring-context-3.0.xsd
           http://www.springframework.org/schema/aop
           http://www.springframework.org/schema/aop/spring-aop-3.0.xsd">

<bean id="onlineRegSSOAction" class= "au.com.stgeorge.ibank2.controller.customer.OnlineRegSSOAction" scope="prototype">
		<property name="jwtHelpObj">
		<ref bean="onlineRegJWTHelper" />
		</property>
		<property name="logonActionHelper" ref="logonActionHelper"/>
		<property name="onlineRegistrationService" ref="onlineRegistrationService"/>
</bean>

 <bean id="logonAction" class= "au.com.stgeorge.ibank2.controller.customer.LogonAction" scope="prototype">
         <property name="logonActionHelper" ref="logonActionHelper"/>
          <property name="encryptionHelper" ref="encryptionHelper"/>
         <property name="fraudLogger" ref="fraudLogger"/>
          <property name="formFieldNames">
			<value>nameId,securityNumber,actionType,hHeight,userId,loginAttempt,issueNumber,hWidth,origin,password,javaScriptEnabled,Login,statperfid,pwdEncswitch,rememberMe,__checkbox_rememberMe,simplifiedLogon,otherParam,devicePrint,fid,cid,purpose,oid,lid,aid,stage,jnt,sid,ctx,radRes</value>
		  </property>
 </bean>

 <bean id="encryptionHelper" class= "au.com.stgeorge.ibank2.controller.customer.EncryptionHelper" scope="prototype">
 		 <property name="stgSecurityService" ref="stgSecurityServiceWithAES"/>
 </bean>

 <bean id="logonActionHelper" class= "au.com.stgeorge.ibank2.controller.customer.LogonActionHelper" scope="prototype">
		 <property name="msgProcessingService" ref="msgProcessingService"/>
		 <property name="ibankSecurityService" ref="ibankSecurityService"/>
		 <property name="eCorrespondenceService" ref="eCorrespondenceService"/>
 </bean>

  <bean id="viewAccountPortfolioAction" class= "au.com.stgeorge.ibank2.controller.account.ViewAccountPortfolioAction" scope="prototype">
         <property name="viewAccountPortfolioActionHelper" ref="viewAccountPortfolioActionHelper"/>
		 <property name="obTileService" ref="obTileService"/>
 </bean>

 <bean id="viewAccountPortfolioActionHelper" class= "au.com.stgeorge.ibank2.controller.account.ViewAccountPortfolioActionHelper" scope="prototype">		 
<property name="fastFundingService" ref="fastFundingService"/>	
 </bean>
 
<bean id="openNewDDAAccountAction" class= "au.com.stgeorge.ibank2.controller.account.acctopen.OpenDDAAccountAction" scope="prototype">
    </bean>
       
  <bean id="secureCodeHelper" class="au.com.stgeorge.ibank2.helper.payment.SecureCodeHelperImpl" scope="prototype">
  </bean>
  
  <bean id="springsSecureCodeHelper" class="au.com.stgeorge.ibank3.helper.payment.SecureCodeHelperImpl" scope="prototype">
  </bean>
  
 <bean id="acctTransferAction" class= "au.com.stgeorge.ibank2.controller.payment.AccountTransferAction" scope="prototype">
 </bean>  
 
 <bean id="acctTransferJSONAction" class= "au.com.stgeorge.ibank2.controller.payment.AccountTransferJSONAction" scope="prototype">
 </bean> 
 
 <bean id="btTransferAction" class= "au.com.stgeorge.ibank2.controller.payment.BTTransferAction" scope="prototype">
 </bean>   
 
 <bean id="tpTransferAction" class= "au.com.stgeorge.ibank2.controller.payment.ThirdPartyTransferAction" scope="prototype">
 	<property name="secureCodeHelper" ref="secureCodeHelper"/>
 	<property name="ibankRefreshParams" ref="ibankRefreshParams"/>
 </bean> 
 
 <bean id="bpayTransferAction" class= "au.com.stgeorge.ibank2.controller.payment.BPayTransferAction" scope="prototype">
 	<property name="secureCodeHelper" ref="secureCodeHelper"/>
 </bean> 
 
 <bean id="bpayTransferJSONAction" class= "au.com.stgeorge.ibank2.controller.payment.BPayTransferJSONAction" scope="prototype"> 	
 </bean> 

 <bean id="ttRequestHelper" class= "au.com.stgeorge.ibank2.helper.payment.TTRequestHelper" scope="prototype"> 	
 	<property name="ttService" ref="ttService"/>
 	<property name="secureCodeHelper" ref="secureCodeHelper"/>
 </bean> 	

 <bean id="ttRequestJSONAction" class= "au.com.stgeorge.ibank2.controller.payment.TelegraphicTransferJSONAction" scope="prototype">
 	<property name="ttRequestHelper" ref="ttRequestHelper"/>
 </bean> 	

 <bean id="ttRequestAction" class= "au.com.stgeorge.ibank2.controller.payment.RequestTTAction" scope="prototype">
 	<property name="ttRequestHelper" ref="ttRequestHelper"/>
 </bean> 	

 
  <bean id="viewStmtAction" class= "au.com.stgeorge.ibank2.controller.account.ViewStatementAction" scope="prototype">
 </bean>

 <bean id="externalAppLogonAction" class= "au.com.stgeorge.ibank2.controller.customer.ExternalAppLogonAction" scope="prototype">
         <property name="logonActionHelper" ref="logonActionHelper"/>
         <property name="externalSiteRedirectSrv" ref="externalSiteRedirectSrv"/>
          <property name="authenticationService" ref="authenticationService"/>
 </bean>

 <bean id="promotionalOfferAction" class= "au.com.stgeorge.ibank2.controller.customer.PromotionalOfferAction" scope="prototype">
 </bean>
 <bean id="fraudLogger" class= "au.com.stgeorge.ibank2.controller.customer.FraudLogger" scope="prototype">
 </bean>


   <bean id="springManagedLandingAction" class= "au.com.stgeorge.ibank2.controller.LandingPageAction" scope="prototype">
        <property name="landingStructureLocator" ref="landingStructureLocator"/>
    </bean>
    
   <bean id="springHelpPageAction" class= "au.com.stgeorge.ibank2.controller.HelpPageAction" scope="prototype">
        		<property name="unmarshaller" ref="jaxb2UnMarshaller" />
   </bean>


   <bean id="productTransferInfoAction" class= "au.com.stgeorge.ibank2.controller.account.ProductTransferInfoAction" scope="prototype">
   </bean>

	<bean id="jaxbContext" class="javax.xml.bind.JAXBContext"
	    factory-method="newInstance">
	    <constructor-arg>
	        <list>
	            <value type="java.lang.Class">au.com.stgeorge.ibank2.model.HelpPagesVO</value>
	            <value type="java.lang.Class">au.com.stgeorge.ibank.valueobject.PermissionList</value>
	            <value type="java.lang.Class">au.com.stgeorge.ibank2.model.LandingStructure</value>
	            <value type="java.lang.Class">au.com.stgeorge.ibank2.controller.ActionMessageLocator</value>
	        </list>
	    </constructor-arg>
	</bean>

	<bean id="jaxb2UnMarshaller" class="javax.xml.bind.Unmarshaller"
	    factory-bean="jaxbContext" factory-method="createUnmarshaller"
	    scope="prototype">
	</bean>

   <bean id="landingStructureLocator" class ="au.com.stgeorge.ibank2.model.LandingStructureLocator" init-method="initStructures" lazy-init="true">
        <property name="paymentsXMLConfig"  value="paymentsLandingStructure.xml"/>
        <property name="manageAccountsXMLConfig"  value="manageAccountsLandingStructure.xml"/>
        <property name="myInformationXMLConfig"  value="myInformationLandingStructure.xml"/>
        <property name="securityAndAlertsXMLConfig"  value="securityAndAlertsLandingStructure.xml"/>
		<property name="productsXMLConfig"  value="productsLandingStructure.xml"/>
        <property name="scheduledPaymentsXMLConfig"  value="scheduledPaymentsLandingStructure.xml"/>
		<property name="bpayViewXMLConfig"  value="bpayViewLandingStructure.xml"/>
		<property name="groupPaymentsXMLConfig"  value="groupPaymentsLandingStructure.xml"/>
		<property name="createAlertsXMLConfig"  value="createAlertsLandingStructure.xml"/>       
        <property name="unmarshaller"  ref="jaxb2UnMarshaller"/>
    </bean>

 	<bean id="statisticsAction" class= "au.com.stgeorge.ibank2.controller.customer.StatisticsAction" scope="prototype">
 	</bean>

	 <bean id="renewTermDepositAction" class= "au.com.stgeorge.ibank2.controller.account.RenewTermDepositAction" scope="prototype">
	 </bean>
 	
 	<bean id="openTermDepositAction" class= "au.com.stgeorge.ibank2.controller.account.OpenTermDepositAction" scope="prototype">
 	</bean> 

	<bean id="selectRegionBranchAction" class= "au.com.stgeorge.ibank2.controller.account.SelectRegionBranchAction" scope="prototype">
	</bean> 
	<bean id="overseasTravelAction" class= "au.com.stgeorge.ibank2.controller.customer.OverseasTravelAction" scope="prototype">
		<property name="secureCodeHelper" ref="secureCodeHelper"/>
		<property name="gccService" ref="gccService" />
	</bean>
	
	<bean id="permissionDtlsCache" class= "au.com.stgeorge.ibank.common.cache.PermissionDtlsCache" scope="prototype">		  
		<property name="unmarshaller" ref="jaxb2UnMarshaller" /> 
	</bean>
 
      <bean id="payeeAction" class= "au.com.stgeorge.ibank2.controller.account.PayeeAction" scope="prototype">
        <property name="secureCodeHelper" ref="secureCodeHelper"/>
        <property name="ibankRefreshParams" ref="ibankRefreshParams"/>
 	</bean> 
 
 	<bean id="payeeLimitAction" class= "au.com.stgeorge.ibank2.controller.account.PayeeLimitAction" scope="prototype">
        <property name="secureCodeHelper" ref="secureCodeHelper"/>
        <property name="digitalSecLogger" ref="digitalSecurityLogger" />
 	</bean> 

	<bean id="beneficiariesAction" class= "au.com.stgeorge.ibank2.controller.account.BeneficiariesAction" scope="prototype">
        <property name="ttService" ref="ttService"/>
 	</bean>
 	
 	<bean id="openCRAAccountAction" class= "au.com.stgeorge.ibank2.controller.account.OpenCRAAccountAction" scope="prototype">
	</bean>
	
	<bean id="externalLinkAction" class= "au.com.stgeorge.ibank2.controller.ExternalLinkAction" scope="prototype">
	<property name="aceEncryptionDigestService" ref="aceEncryptionDigestService" />
	<property name="ibankRefreshParams" ref="ibankRefreshParams"/>
	<property name="fileshareService" ref="fileshareService"/>
	</bean>
	
	<bean id="ccBalanceTransferAction" class= "au.com.stgeorge.ibank2.controller.payment.CCBalanceTransferAction" scope="prototype">
		<property name="acctSvc" ref="acctSvc"/>
	</bean>
	
	<bean id="cardActivationAction" class= "au.com.stgeorge.ibank2.controller.customer.CardActivationAction" scope="prototype">
	</bean> 
	
	<bean id="ccDisputeAction" class= "au.com.stgeorge.ibank2.controller.account.CcDisputeAction" scope="prototype">
        <property name="ccCustomerFacingService" ref="creditcardChargeback"/>
	</bean>


	<bean id="disputeCCTransactionJSONAction" class= "au.com.stgeorge.ibank2.controller.account.CcDisputeJSONAction" scope="prototype">
	</bean> 
	
	<bean id="reportLostCardAction" class= "au.com.stgeorge.ibank2.controller.account.ReportLostCardAction" scope="prototype">
 	</bean>
	
	<bean id=" increaseCreditLimitAction " class= "au.com.stgeorge.ibank2.controller.account.IncCreditLimitAction" scope="prototype">
 	</bean>
	
	<bean id="openHomeLoanAccountAction" class= "au.com.stgeorge.ibank2.controller.account.OpenHomeLoanAccountAction" scope="prototype">
	</bean>
	


	<bean id="btNewAccountAction" class= "au.com.stgeorge.ibank2.controller.account.BTNewAccountAction" scope="prototype">
	</bean>
	
	<bean id="btExternalLinkAction" class= "au.com.stgeorge.ibank2.controller.BTExternalLinkAction" scope="prototype">
	</bean>
	
	<bean id="btReturnToCompassAction" class= "au.com.stgeorge.ibank2.controller.BTReturnToCompassAction" scope="prototype">
	</bean>
	
	<bean id="eLeadsAction" class= "au.com.stgeorge.ibank2.controller.customer.ELeadsAction" scope="prototype">
	</bean>
	
	<bean id="openPersonalLoanAccountAction" class= "au.com.stgeorge.ibank2.controller.account.OpenPersonalLoanAccountAction" scope="prototype">
	</bean>	
	
	<bean id="lostCardsJSONAction" class= "au.com.stgeorge.ibank2.controller.account.ReportLostCardJSONAction" scope="prototype">
	</bean>
	<bean id="orderBankChequeAction" class= "au.com.stgeorge.ibank2.controller.payment.BankChequeOrderAction" scope="prototype">
	</bean>
	
	<bean id="contactDetailsAction" class= "au.com.stgeorge.ibank2.controller.customer.ContactDetailsAction" scope="prototype">
		<property name="secureCodeHelper" ref="secureCodeHelper"/>
	</bean>
	
	<bean id="eceVerifyDetailsAction" class= "au.com.stgeorge.ibank2.controller.customer.ECEVerifyDetailsAction" scope="prototype">
	</bean>
	<bean id="resetPasswordAction" class= "au.com.stgeorge.ibank2.controller.customer.ResetPasswordAction" scope="prototype">
	</bean>
	<bean id="resetPassAndSecAction" class= "au.com.stgeorge.ibank2.controller.customer.ResetPassAndSecAction" scope="prototype">
	</bean>
	<bean id="changePasswordAction" class= "au.com.stgeorge.ibank2.controller.customer.ChangePasswordAction" scope="prototype">
	</bean>
	<bean id="changeSecurityNumberAction" class= "au.com.stgeorge.ibank2.controller.customer.ChangeSecurityNumberAction" scope="prototype">
	</bean>
	<bean id="logoffAction" class= "au.com.stgeorge.ibank2.controller.customer.LogoffAction" scope="prototype">
	</bean>
	
	<bean id="splashAction" class= "au.com.stgeorge.ibank2.controller.customer.SplashAction" scope="prototype">
	</bean>
	
	<bean id="optStatements" class= "au.com.stgeorge.ibank2.controller.tools.OptStatementsAction" scope="prototype">
	</bean>
	
	<bean id="deepLinkLogonAction" class= "au.com.stgeorge.ibank2.controller.customer.DeepLinkLogonAction" scope="prototype">
                </bean>
                
    <bean id="initialActivationAction" class= "au.com.stgeorge.ibank2.controller.customer.InitialActivationAction" scope="prototype">
          <property name="logonActionHelper" ref="logonActionHelper"/>
          <property name="secureCodeHelper" ref="secureCodeHelper"/>
          <property name="encryptionHelper" ref="encryptionHelper"/>
    </bean>
	<bean id="onlinePinAction" class= "au.com.stgeorge.ibank2.controller.account.OnlinePinAction" scope="prototype">
		<property name="secureCodeHelper" ref="secureCodeHelper"/>
		<property name="fraudLogger" ref="fraudLogger"/>		
	</bean>
	
	<bean id="pdfStatementAction" class="au.com.stgeorge.ibank2.controller.account.PDFStatementAction" scope="prototype" > </bean>
	<bean id="manageStatements" class= "au.com.stgeorge.ibank2.controller.tools.ManageStatementsAction" scope="prototype"></bean> 
	<bean id="miLogAction" class="au.com.stgeorge.ibank2.controller.customer.MiLogAction" scope="prototype" > 
		<property name="ibankSecurityService" ref="ibankSecurityService"/>
	</bean>
	
	<bean id="obTileAction" class= "au.com.stgeorge.ibank2.controller.obtile.OBTileAction" scope="prototype"></bean>
	
	<bean id="forceChangePwdAction" class= "au.com.stgeorge.ibank2.controller.customer.ForceChangePwdAction" scope="prototype">
          <property name="logonActionHelper" ref="logonActionHelper"/>
          <property name="secureCodeHelper" ref="secureCodeHelper"/>
         <property name="forceChangePwdService" ref="forceChangePwdService"/>
	</bean>
	
	<bean id="evAction" class= "au.com.stgeorge.ibank2.controller.customer.ev.EVAction" scope="prototype"></bean>
	
		<bean id="autoInitPwdSecNumAction" class= "au.com.stgeorge.ibank2.controller.customer.AutoInitPwdSecNumAction" scope="prototype">
	</bean>		
	
	<bean id="fileshareHelper" class="au.com.stgeorge.ibank3.controller.customer.FileshareHelper" scope="prototype"/>	
</beans>