<?xml version="1.0" encoding="UTF-8"?>
<beans default-init-method="init"
  xmlns="http://www.springframework.org/schema/beans"
       xmlns:xsi="http://www.w3.org/2001/XMLSchema-instance"
       xmlns:aop="http://www.springframework.org/schema/aop"
       xmlns:tx="http://www.springframework.org/schema/tx"
       xmlns:flow="http://www.springframework.org/schema/webflow-config"
     xmlns:jee="http://www.springframework.org/schema/jee"
       xmlns:util="http://www.springframework.org/schema/util"
       xsi:schemaLocation="
           http://www.springframework.org/schema/beans
           http://www.springframework.org/schema/beans/spring-beans.xsd
       http://www.springframework.org/schema/jee 
           http://www.springframework.org/schema/jee/spring-jee.xsd
           http://www.springframework.org/schema/util 
           http://www.springframework.org/schema/util/spring-util.xsd">

  <bean id="tokenDetailsDao"   class="au.com.stgeorge.ibank.messagecentre.dao.impl.TokenDetailsDaoImpl">
    <property name="dataSource">
      <ref bean="messageCentreDB"/>
    </property>
  </bean>

	<!-- 21E2 -->
	<bean id="abusiveWordsDAO" class="au.com.stgeorge.ibank.messagecentre.dao.impl.AbusiveWordsDaoImpl">
		<property name="dataSource">
      		<ref bean="messageCentreDB"/>
    	</property>
	</bean>
	<!-- 21E2 -->

  <bean id="messageCentreDB" 
    class="org.springframework.jndi.JndiObjectFactoryBean">
   <property name="jndiName">
      <value>jdbc/messageCentre</value>
   </property>
  </bean>

   <bean id="sessionDB" class="org.springframework.jndi.JndiObjectFactoryBean" >
		<property name="jndiName">
			<value>jdbc/sessionDB</value>
		</property>
   </bean>
  
  <bean id="custMessageDao"   class="au.com.stgeorge.ibank.messagecentre.dao.impl.CustomerMessageDaoImpl">
    <property name="dataSource">
      <ref bean="messageCentreDB"/>
    </property>
 	<property name="namedParameterJdbcTemplate">
      <ref bean="namedParameterJdbcTemplate"/>
    </property>	     
    <property name="customerMessageInsertionPointDao">
    	<ref bean="customerMessageInsertionPointDao"/>
    </property>
  </bean>

  <bean id="messageDao"   class="au.com.stgeorge.ibank.messagecentre.dao.impl.MessageDaoImpl">
    <property name="dataSource">
      <ref bean="messageCentreDB"/>
    </property>
  </bean>

  <bean id="emailDao"   class="au.com.stgeorge.ibank.messagecentre.dao.impl.EmailDaoImpl">
    <property name="dataSource">
      <ref bean="messageCentreDB"/>
    </property>
  </bean>

  <bean id="customerMessageDao"   class="au.com.stgeorge.ibank.messagecentre.dao.impl.CustomerMessageDaoImpl">
    <property name="dataSource">
      <ref bean="messageCentreDB"/>
    </property>
 	<property name="namedParameterJdbcTemplate">
      <ref bean="namedParameterJdbcTemplate"/>
    </property>
     <property name="customerMessageInsertionPointDao">
    	<ref bean="customerMessageInsertionPointDao"/>
    </property>     
  </bean>
  
  <bean id="customerMessageDataDao"   class="au.com.stgeorge.ibank.messagecentre.dao.impl.CustomerMessageDataDaoImpl">
    <property name="dataSource">
      <ref bean="messageCentreDB"/>
    </property>
  </bean>  

  <bean id="messageSearchDao"   class="au.com.stgeorge.ibank.messagecentre.dao.impl.MessageSearchDaoImpl">
    <property name="dataSource">
      <ref bean="messageCentreDB"/>
    </property>
    <property name="batchEmailDao">
      <ref bean="mcBatchEmailDao"/>
    </property> 
    <property name="namedParameterJdbcTemplate">
        <ref bean="namedParameterJdbcTemplate"/>
       </property> 
    
  </bean>

  <bean id="mcBatchLogDao"   class="au.com.stgeorge.ibank.messagecentre.dao.impl.BatchLogDaoImpl">
    <property name="dataSource">
      <ref bean="messageCentreDB"/>
    </property>
  </bean>

  <bean id="mcBatchProcessDao"   class="au.com.stgeorge.ibank.messagecentre.dao.impl.BatchProcessDaoImpl">
    <property name="dataSource">
      <ref bean="messageCentreDB"/>
    </property>
  </bean>

  <bean id="mcBatchEmailDao"   class="au.com.stgeorge.ibank.messagecentre.dao.impl.BatchEmailDaoImpl">
    <property name="dataSource">
      <ref bean="messageCentreDB"/>
    </property>
  </bean>

	<bean id="messageCentreService"   class="au.com.stgeorge.ibank.messagecentre.businessobject.MessageCentreServiceImpl">
		<property name="noOfRecsToDelete" value="10000" />
		<property name="messageDao">
			<ref bean="messageDao"/>
		</property>  
		<property name="emailDao">
			<ref bean="emailDao"/>
		</property>  
		<property name="customerMessageDao">
			<ref bean="customerMessageDao"/>
		</property>  
		<property name="messageSearchDao">
			<ref bean="messageSearchDao"/>
		</property>  
		<property name="batchLogDao">
			<ref bean="mcBatchLogDao"/>
		</property>  
		<property name="batchProcessDao">
			<ref bean="mcBatchProcessDao"/>
		</property> 
		<property name="batchEmailDao">
			<ref bean="mcBatchEmailDao"/>
		</property> 	
		<property name="customerMessageDataDao">
			<ref bean="customerMessageDataDao"/>
		</property>  
		<property name="permissionDtlsCache">
			<ref bean="permissionDtlsCache"/>
		</property>   
		<property name="serviceStation">
			<ref bean="serviceStationService"/>
		</property>
		<property name="tokenDetailsDao">
			<ref bean="tokenDetailsDao"/>
		</property>
	</bean>  

	<bean id="messageCentreAdminService"   class="au.com.stgeorge.ibank.messagecentre.businessobject.MessageCentreServiceImpl">
		<property name="noOfRecsToDelete" value="10000" />
		<property name="messageDao">
			<ref bean="messageDao"/>
		</property>
		<property name="emailDao">
			<ref bean="emailDao"/>
		</property>  
		<property name="customerMessageDao">
			<ref bean="customerMessageDao"/>
		</property>  
		<property name="messageSearchDao">
			<ref bean="messageSearchDao"/>
		</property>	
		<property name="batchLogDao">
			<ref bean="mcBatchLogDao"/>
		</property>  
		<property name="batchProcessDao">
			<ref bean="mcBatchProcessDao"/>
		</property>  
		<property name="batchEmailDao">
			<ref bean="mcBatchEmailDao"/>
		</property> 
		<property name="customerMessageDataDao">
			<ref bean="customerMessageDataDao"/>
		</property>     
	</bean>  

	<bean id="msgProcessingService"   class="au.com.stgeorge.ibank.messagecentre.businessobject.MsgProcessingServiceImpl">
		<property name="messageDao">
			<ref bean="messageDao"/>
		</property>  
		<property name="customerMessageDao">
			<ref bean="customerMessageDao"/>
		</property>  
		<property name="messageSearchDao">
			<ref bean="messageSearchDao"/>
		</property>  
		<property name="messageCentreService">
			<ref bean="messageCentreService"/>
		</property>  
		<property name="serviceStation">
			<ref bean="serviceStationService"/>
		</property>
	</bean>  

	<bean id="custDeviceDao"   class="au.com.stgeorge.ibank.service.dao.impl.CustDeviceDaoImpl">
		<property name="dataSource">
			<ref bean="messageCentreDB"/>
		</property>
	</bean>

	<bean id="custServiceDao"   class="au.com.stgeorge.ibank.service.dao.impl.CustServiceDaoImpl">
		<property name="dataSource">
			<ref bean="messageCentreDB"/>
		</property>
	</bean>

	<bean id="custServiceRegistrationArchiveDao"   class="au.com.stgeorge.ibank.service.dao.impl.CustServiceRegistrationArchiveDaoImpl">
		<property name="dataSource">
			<ref bean="messageCentreDB"/>
		</property>
	</bean>

	<bean id="custServiceRegistrationDao"   class="au.com.stgeorge.ibank.service.dao.impl.CustServiceRegistrationDaoImpl">
		<property name="dataSource">
			<ref bean="messageCentreDB"/>
		</property>
	</bean>	

	<bean id="serviceTokenDao"   class="au.com.stgeorge.ibank.dao.impl.ServiceTokenDaoImpl">
		<property name="dataSource">
			<ref bean="messageCentreDB"/>
		</property>
	</bean>  

	<bean id="switchTokenService"   class="au.com.stgeorge.ibank.businessobject.impl.ServiceTokenServiceImpl">
		<property name="serviceTokenDao">
			<ref bean="serviceTokenDao"/>
		</property>
		<property name="type" value="SWITCHING" />
		<!--Expiry Time: 30 minutes (or 30 x 60 = 1800 seconds)-->
		<property name="expiryTimeInSec" value="1800" />
	</bean>  

	<bean id="tapAndPayService"   class="au.com.stgeorge.ibank.businessobject.impl.TapAndPayServiceImpl">
			<property name="serviceTokenDao">
				<ref bean="serviceTokenDao"/>
			</property>
			<property name="type" value="TAPANDPAY" />
			<!--Expiry Time: 3 minutes (or 3 x 60 = 180 seconds)-->
			<property name="expiryTimeInSec" value="180" />
	</bean>

<!--Special Offers DAO-->
<bean id="offerTemplateDAO" class="au.com.stgeorge.ibank.dao.impl.OfferTemplateDaoImpl">
                              <property name="dataSource">
                                             <ref bean="messageCentreDB" />
                              </property>
</bean>

<bean id="LeadDetailsDAO" class="au.com.stgeorge.ibank.dao.impl.LeadDetailsDaoImpl">
                              <property name="dataSource">
                                             <ref bean="messageCentreDB" />
                              </property>
                              </bean>
                              
                              
 <bean id="offersSearchDao" class="au.com.stgeorge.ibank.dao.impl.OffersSearchDaoImpl">
                             <property name="dataSource">
                                             <ref bean="messageCentreDB" />
                              </property>
</bean>

		   
<bean id="obTileDao"   class="au.com.stgeorge.ibank.onboarding.dao.impl.CustOBAccountDaoImpl">
	   <property name="dataSource">
			<ref bean="messageCentreDB"/>
	   </property>
   </bean>


<bean id="obTileSegmentDao"   class="au.com.stgeorge.ibank.onboarding.dao.impl.CustOBSegmentDaoImpl">
	   <property name="dataSource">
			<ref bean="messageCentreDB"/>
	   </property>
   </bean>

<bean id="obTileFeatureDao"   class="au.com.stgeorge.ibank.onboarding.dao.impl.CustOBFeatureDaoImpl">
	   <property name="dataSource">
			<ref bean="messageCentreDB"/>
	   </property>
   </bean>

	<bean id="activityLogDao"   class="au.com.stgeorge.ibank.messagecentre.dao.impl.ActivityLogDaoImpl">
	   <property name="dataSource">
			<ref bean="messageCentreDB"/>
	   </property>
   </bean>

<bean id="offerService" class="au.com.stgeorge.ibank.businessobject.impl.OfferServiceImpl">
                              <property name="offerTemplateDAO">
                                             <ref bean="offerTemplateDAO" />
                              </property>
                              <property name="LeadDetailsDAO">
                                             <ref bean="LeadDetailsDAO" />
                              </property>
                             <property name="mcBatchProcessDao">
                                             <ref bean="mcBatchProcessDao" />
                              </property>
                              
                              <property name="offersSearchDao">
                                             <ref bean="offersSearchDao" />
                              </property>
                              
                              <property name="retentionServiceImpl">
                                             <ref bean="retentionService" />
                              </property>
                              
                              <property name="perfLogger">
								<ref bean="perfLogger" />
							</property>
</bean>

 <bean id="insSSOTokenService"   class="au.com.stgeorge.ibank.businessobject.impl.ServiceTokenServiceImpl">
    <property name="serviceTokenDao">
      <ref bean="serviceTokenDao"/>
    </property>
                <property name="type" value="INSURANCE" />
                <!--Expiry Time: 3 minutes (or 3 x 60 = 180 seconds)-->
                <property name="expiryTimeInSec" value="180" />
  </bean> 
  
	<bean id="invitationTemplateDao" class="au.com.stgeorge.ibank.dao.impl.InvitationTemplateDaoImpl">
		<property name="dataSource">
			<ref bean="messageCentreDB" />
		</property>
	</bean>
	
	<bean name="btSuperSearchDao" class="au.com.stgeorge.ibank.dao.impl.BTSuperSearchDaoImpl" >
		<property name="dataSource">
			<ref bean="messageCentreDB" />
		</property>
	</bean> 
	
  <bean class="org.springframework.jdbc.core.namedparam.NamedParameterJdbcTemplate" id="namedParameterJdbcTemplate">   
 	<constructor-arg ref="messageCentreDB"/> 	
 </bean>  	
     <bean id="msgInsertionPointDao"   class="au.com.stgeorge.ibank.servicestation.dao.impl.MessageInsertionPointDaoImpl">
    <property name="dataSource">
      <ref bean="messageCentreDB"/>
    </property>
  </bean>

  <bean id="customerMessageInsertionPointDao"   class="au.com.stgeorge.ibank.servicestation.dao.impl.CustomerMessageInsertionPointDaoImpl">
    <property name="dataSource">
      <ref bean="messageCentreDB"/>
    </property>
  </bean>
  
   <bean id="serviceStationDao"   class="au.com.stgeorge.ibank.servicestation.dao.impl.ServiceStationDaoImpl">
    <property name="dataSource">
      <ref bean="messageCentreDB"/>
    </property>
  </bean>

  <bean id="obSegmentDao"   class="au.com.stgeorge.ibank.onboarding.dao.impl.OBSegmentDaoImpl">
	   <property name="dataSource">
			<ref bean="messageCentreDB"/>
	   </property>
  </bean>
  
  <bean id="obFeatureDao"   class="au.com.stgeorge.ibank.onboarding.dao.impl.OBFeatureDaoImpl">
	   <property name="dataSource">
			<ref bean="messageCentreDB"/>
	   </property>
  </bean>
  
  <bean id="obFeatureOriginDao"   class="au.com.stgeorge.ibank.onboarding.dao.impl.OBFeatureOriginDaoImpl">
	   <property name="dataSource">
			<ref bean="messageCentreDB"/>
	   </property>
  </bean>
  
   <bean id="obSegmentFeatureDao"   class="au.com.stgeorge.ibank.onboarding.dao.impl.OBSegmentFeatureDaoImpl">
	   <property name="dataSource">
			<ref bean="messageCentreDB"/>
	   </property>
  </bean>
  
  <bean id="forceChangePwdDao"   class="au.com.stgeorge.ibank.dao.impl.ForceChangePwdDaoImpl">
    <property name="dataSource">
      <ref bean="messageCentreDB"/>
    </property>
  </bean>
  
    <bean id="evDetailDao"   class="au.com.stgeorge.ibank.evcrs.dao.impl.EVDetailDaoImpl">
    <property name="dataSource">
      <ref bean="messageCentreDB"/>
    </property>
  </bean>
  
  <bean id="throttleRequestDetailDao" class="au.com.stgeorge.ibank.dao.impl.ThrottleRequestDetailDaoImpl">
   	<property name="dataSource">
      	<ref bean="messageCentreDB"/>
   	</property>
 </bean>
 
	<bean id="referenceDataDao" class="au.com.stgeorge.ibank.dao.impl.ReferenceDataDaoImpl">
	    <property name="dataSource">
	      <ref bean="messageCentreDB" />
	    </property>
	</bean>	  

	<bean id="businessAccountDao" class="au.com.stgeorge.ibank.dao.impl.BusinessAccountDaoImpl">
	    <property name="dataSource">
	      <ref bean="messageCentreDB" />
	    </property>
	</bean>	  
	<bean id="loanDao" class="au.com.stgeorge.ibank.loanApplication.dao.impl.LoanApplicationDetailDaoImpl">
	    <property name="dataSource">
	      <ref bean="messageCentreDB" />
	    </property>
	</bean>	
    <bean id="nppIssuerToBICMappingDao" class="au.com.stgeorge.ibank.npp.dao.impl.NPPIssuerToBICMappingDaoImpl">
		<property name="dataSource">
	      <ref bean="messageCentreDB" />
	    </property>
	</bean>
	<bean id="nppParticipantDao" class="au.com.stgeorge.ibank.npp.dao.impl.NPPParticipantDaoImpl">
		<property name="dataSource">
	      <ref bean="messageCentreDB" />
	    </property>
	</bean>
	
	<bean id="nppInactiveParticipantDao" class="au.com.stgeorge.ibank.npp.dao.impl.NPPInactiveParticipantDaoImpl">
		<property name="dataSource">
	      <ref bean="messageCentreDB" />
	    </property>
	</bean>

	<!-- Digital Mortgages - Begin -->		
	<bean id="dmCodesDao" class="au.com.stgeorge.ibank.mortgage.dao.impl.DMCodesDaoImpl">
		<property name="dataSource">
	      <ref bean="messageCentreDB" />
	    </property>
	</bean>
	<bean id="dmReferenceDataDao" class="au.com.stgeorge.ibank.mortgage.dao.impl.DMReferenceDataDaoImpl">
		<property name="dataSource">
	      <ref bean="messageCentreDB" />
	    </property>
	</bean>
	<bean id="dmApplicantDao" class="au.com.stgeorge.ibank.mortgage.dao.impl.DMApplicantDaoImpl">
		<property name="dataSource">
	      <ref bean="messageCentreDB" />
	    </property>
	</bean>
	<bean id="mortgageDao" class="au.com.stgeorge.ibank.mortgage.dao.impl.MortgageDaoImpl">
		<property name="dataSource">
	      <ref bean="messageCentreDB" />
	    </property>
	</bean>
		<bean id="dmCLASCustomerDao" class="au.com.stgeorge.ibank.mortgage.dao.impl.DMCLASCustomerDaoImpl">
		<property name="dataSource">
	      <ref bean="messageCentreDB" />
	    </property>
	</bean>
	<bean id="dmCLASApplicationDao" class="au.com.stgeorge.ibank.mortgage.dao.impl.DMCLASApplicationDaoImpl">
		<property name="dataSource">
	      <ref bean="messageCentreDB" />
	    </property>
	</bean>
	
	<bean id="dmApplicationDao" class="au.com.stgeorge.ibank.mortgage.dao.impl.DMApplicationDaoImpl">
		<property name="dataSource">
	      <ref bean="messageCentreDB" />
	    </property>
	</bean>
	
	<bean id="dmProductDetailDao" class="au.com.stgeorge.ibank.mortgage.dao.impl.DMProductDetailDaoImpl">
		<property name="dataSource">
	      <ref bean="messageCentreDB" />
	    </property>
	</bean>
	<bean id="dmAssetDao" class="au.com.stgeorge.ibank.mortgage.dao.impl.DMAssetDaoImpl">
		<property name="dataSource">
	      <ref bean="messageCentreDB" />
	    </property>
	</bean>
	<bean id="dmPropertyDao" class="au.com.stgeorge.ibank.mortgage.dao.impl.DMPropertyDaoImpl">
		<property name="dataSource">
	      <ref bean="messageCentreDB" />
	    </property>
	</bean>
	<bean id="dmPurchasePropertyDao" class="au.com.stgeorge.ibank.mortgage.dao.impl.DMPurchasePropertyDaoImpl">
		<property name="dataSource">
	      <ref bean="messageCentreDB" />
	    </property>
	</bean>
	<bean id="dmAddressDao" class="au.com.stgeorge.ibank.mortgage.dao.impl.DMAddressDaoImpl">
		<property name="dataSource">
	      <ref bean="messageCentreDB" />
	    </property>
	</bean>
	<bean id="dmLoanOutcomeDao" class="au.com.stgeorge.ibank.mortgage.dao.impl.DMLoanOutcomeDaoImpl">
		<property name="dataSource">
	      <ref bean="messageCentreDB" />
	    </property>
	</bean>
	<!-- Digital Mortgages - End -->		
	
	<bean id="cpcMasterDao" class="au.com.stgeorge.ibank.cpc.dao.impl.CPCMasterDaoImpl">
		<property name="dataSource">
	    	<ref bean="messageCentreDB" />
	    </property>
	    <property name="namedParameterJdbcTemplate">
      		<ref bean="namedParameterJdbcTemplate"/>
    	</property>
	</bean>
	
	<bean id="cppOfferStatusDao" class="au.com.stgeorge.ibank.cpp.dao.impl.CustomerPricingOfferStatusDaoImpl">
		<property name="dataSource">
	    	<ref bean="messageCentreDB" />
	    </property>
	</bean>

	<bean id="pdfStoreDao"  class="au.com.stgeorge.ibank.dao.impl.PDFStoreDaoImpl">
		<property name="dataSource">
	    	<ref bean="messageCentreDB" />
	    </property>
  	</bean>

	<bean id="nppBatchDetailsDao" class="au.com.stgeorge.ibank.npp.dao.impl.NPPBatchDetailsDaoImpl">
		<property name="namedParameterJdbcTemplate">
      		<ref bean="namedParameterJdbcTemplate"/>
    	</property>	 
		<property name="dataSource">
	    	<ref bean="messageCentreDB" />
	    </property>
	</bean>  	
	<bean id="nppPayIdStatusDao" class="au.com.stgeorge.ibank.npp.dao.impl.NPPPayIdStatusDaoImpl">
		<property name="dataSource">
	      <ref bean="messageCentreDB" />
	    </property>
	</bean>
	
	<!-- <bean id="globalWalletDao" class="au.com.stgeorge.ibank.dao.impl.GlobalWalletDaoImpl">
		<property name="dataSource">
			<ref bean="messageCentreDB" />
		</property>
	</bean> -->
	<bean id="customerPayIdLookupDao" class="au.com.stgeorge.ibank.npp.dao.impl.CustomerPayIdLookupDaoImpl">
		<property name="dataSource">
			<ref bean="messageCentreDB" />
		</property>
	</bean>
	
	
	<bean id="forexRatesDao" class="au.com.stgeorge.ibank.messagecentre.dao.impl.ForexRatesDaoImpl">
		<property name="dataSource">
			<ref bean="messageCentreDB" />
		</property>
	</bean>
	<bean id="secureMessagingConfigDao" class="au.com.stgeorge.ibank.dao.impl.SecureMessagingConfigDaoImpl">
	<property name="namedParameterJdbcTemplate">
      		<ref bean="namedParameterJdbcTemplate"/>
    	</property>
		<property name="dataSource">
			<ref bean="messageCentreDB" />
		</property>
	</bean>
	<bean id="samlDao" class="au.com.stgeorge.ibank.dao.impl.SAMLStoreDaoImpl">
		<property name="dataSource">
	    	<ref bean="messageCentreDB" />
	    </property>
	</bean>
	
	<bean id="cpcConstraintsDao" class="au.com.stgeorge.ibank.cpc.dao.impl.CPCConstraintsDaoImpl">
		<property name="dataSource">
	    	<ref bean="messageCentreDB" />
	    </property>
	    <property name="namedParameterJdbcTemplate">
      		<ref bean="namedParameterJdbcTemplate"/>
    	</property>
	</bean>

</beans>
