<?xml version="1.0" encoding="UTF-8"?>
<beans default-init-method="init"
  xmlns="http://www.springframework.org/schema/beans"
       xmlns:xsi="http://www.w3.org/2001/XMLSchema-instance"
       xmlns:aop="http://www.springframework.org/schema/aop"
       xmlns:tx="http://www.springframework.org/schema/tx"
       xmlns:flow="http://www.springframework.org/schema/webflow-config"
     xmlns:jee="http://www.springframework.org/schema/jee"
       xmlns:util="http://www.springframework.org/schema/util"
       xsi:schemaLocation="
           http://www.springframework.org/schema/beans
           http://www.springframework.org/schema/beans/spring-beans-3.0.xsd
       http://www.springframework.org/schema/jee 
           http://www.springframework.org/schema/jee/spring-jee-3.0.xsd
           http://www.springframework.org/schema/util 
           http://www.springframework.org/schema/util/spring-util-3.0.xsd">

  <bean id="messageCentreDB" 
    class="org.springframework.jndi.JndiObjectFactoryBean">
   <property name="jndiName">
      <value>jdbc/messageCentre</value>
   </property>
  </bean>

  <bean id="tranCategoryDao"  class="au.com.stgeorge.ibank.tranhistory.dao.impl.TranCategoryDaoImpl">
			<property name="dataSource">
			  <ref local="messageCentreDB"/>
			</property>
  </bean>
	  
  <bean id="tranSubCategoryDao"  class="au.com.stgeorge.ibank.tranhistory.dao.impl.TranSubCategoryDaoImpl">
		<property name="dataSource">
		  <ref local="messageCentreDB"/>
		</property>
  </bean>
  
  <bean id="merchantCodeDao"  class="au.com.stgeorge.ibank.tranhistory.dao.impl.MerchantCodeDaoImpl">
		<property name="dataSource">
		  <ref local="messageCentreDB"/>
		</property>
  </bean>
  
  <bean id="merchantTranCodeDao"  class="au.com.stgeorge.ibank.tranhistory.dao.impl.MerchantTranCodeDaoImpl">
		<property name="dataSource">
		  <ref local="messageCentreDB"/>
		</property>
  </bean>
  
  <bean id="merchantTranSearchDao"  class="au.com.stgeorge.ibank.tranhistory.dao.impl.MerchantTranSearchDaoImpl">
		<property name="dataSource">
		  <ref local="messageCentreDB"/>
		</property>
  </bean>
  
  <bean id="merchantTranCodeDefaultDao"  class="au.com.stgeorge.ibank.tranhistory.dao.impl.MerchantTranCodeDefaultDaoImpl">
		<property name="dataSource">
		  <ref local="messageCentreDB"/>
		</property>
  </bean>
  
  <bean id="micrCodeDao"  class="au.com.stgeorge.ibank.tranhistory.dao.impl.MicrCodeDaoImpl">
		<property name="dataSource">
		  <ref local="messageCentreDB"/>
		</property>
  </bean>
  
  <bean id="micrCodeDefaultDao"  class="au.com.stgeorge.ibank.tranhistory.dao.impl.MicrCodeDefaultDaoImpl">
		<property name="dataSource">
		  <ref local="messageCentreDB"/>
		</property>
  </bean>
  
  <bean id="micrSearchDao"  class="au.com.stgeorge.ibank.tranhistory.dao.impl.MicrSearchDaoImpl">
		<property name="dataSource">
		  <ref local="messageCentreDB"/>
		</property>
  </bean>
  
</beans>
