<?xml version="1.0" encoding="UTF-8"?>
<beans default-init-method="init"
  xmlns="http://www.springframework.org/schema/beans"
       xmlns:xsi="http://www.w3.org/2001/XMLSchema-instance"
       xmlns:aop="http://www.springframework.org/schema/aop"
       xmlns:tx="http://www.springframework.org/schema/tx"
       xmlns:flow="http://www.springframework.org/schema/webflow-config"
     xmlns:jee="http://www.springframework.org/schema/jee"
       xmlns:util="http://www.springframework.org/schema/util"
       xsi:schemaLocation="
           http://www.springframework.org/schema/beans
           http://www.springframework.org/schema/beans/spring-beans-3.0.xsd
       http://www.springframework.org/schema/jee 
           http://www.springframework.org/schema/jee/spring-jee-3.0.xsd
           http://www.springframework.org/schema/util 
           http://www.springframework.org/schema/util/spring-util-3.0.xsd">                           


	<!-- Imports -->
	<util:properties id="msgToClassProps" location="classpath:MQRespXmlPackageClass.properties"/>

	<!-- QCF configuration starts -->
	<jee:jndi-lookup id="MQQueueConnectionFactory" resource-ref="true" jndi-name="jms/ibankQCF"/>
	<jee:jndi-lookup id="MQQueueConnectionFactoryCmpUtil" resource-ref="true" jndi-name="jms/CompassUtilityQCF"/>
    <jee:jndi-lookup id="MQQueueConnectionFactoryPDF" resource-ref="true" jndi-name="jms/ibankPDFReqRespQCF"/>
	
	
	<!-- 
	<bean id="ibankListenerQCF" class="org.springframework.jndi.JndiObjectFactoryBean">
		<property name="jndiName"><value>jms/IbankListenerQCF</value></property>		
	</bean>
	-->  
	
	<!-- Connection factory start -->
	<jee:jndi-lookup id="MQIBankListenerQCF" resource-ref="true" jndi-name="jms/IbankListenerQCF"/>
	<bean id="ibankListenerQCF" class="org.springframework.jms.connection.UserCredentialsConnectionFactoryAdapter"> 
		<property name="username" value="s999001"/>
		<property name="password" value=""/>
		<property name="targetConnectionFactory" ref="MQIBankListenerQCF"/>
	</bean>	
	
	
	
	<bean id="ibankESBListenerQCF" class="org.springframework.jndi.JndiObjectFactoryBean">
		<property name="jndiName"><value>jms/IbankESBListenerQCF</value></property>		
	</bean>
	<jee:jndi-lookup id="MQQueueConnectionFactoryPushResp" resource-ref="true" jndi-name="jms/IbankPushNotifRespQCF"/>  
	<!-- QCF configuration end -->

	<!-- Connection factory start -->
	<bean id="connectionFactory" class="org.springframework.jms.connection.UserCredentialsConnectionFactoryAdapter"> 
		<property name="username" value="s999001"/>
		<property name="password" value=""/>
		<property name="targetConnectionFactory" ref="MQQueueConnectionFactory"/>
	</bean>

	<bean id="connectionFactoryCmpUtil" class="org.springframework.jms.connection.UserCredentialsConnectionFactoryAdapter"> 
		<property name="username" value="s999001"/>
		<property name="password" value=""/>
		<property name="targetConnectionFactory" ref="MQQueueConnectionFactoryCmpUtil"/>
	</bean>

	<bean id="connectionFactoryPDF" class="org.springframework.jms.connection.UserCredentialsConnectionFactoryAdapter"> 
		<property name="username" value="S999001"/>
		<property name="password" value=""/>
		<property name="targetConnectionFactory" ref="MQQueueConnectionFactoryPDF"/>
	</bean>
	<bean id="connectionFactoryPushResp" class="org.springframework.jms.connection.UserCredentialsConnectionFactoryAdapter"> 
		<property name="username" value="s999018"/>
		<property name="password" value=""/>
		<property name="targetConnectionFactory" ref="MQQueueConnectionFactoryPushResp"/>
	</bean>
	<!-- Connection factory end -->


	<!-- Queue lists start -->
	<bean id="requestQueue" class="org.springframework.jndi.JndiObjectFactoryBean">
		<property name="jndiName"><value>jms/ibankRequestQueue</value></property>
	</bean>  
	<bean id="replyQueue" class="org.springframework.jndi.JndiObjectFactoryBean">
		<property name="jndiName"><value>jms/ibankReplyQueue</value></property>
	</bean>    
	<bean id="compassUtilityRequestQueue" class="org.springframework.jndi.JndiObjectFactoryBean">
		<property name="jndiName"><value>jms/CompassUtilityListenerQueue</value></property>
	</bean>  
	<bean id="prmRequestQueue" class="org.springframework.jndi.JndiObjectFactoryBean">
		<property name="jndiName"><value>jms/ibankInputQueue</value></property>
	</bean>
	<bean id="wmqiPdfGenReplyQueue" class="org.springframework.jndi.JndiObjectFactoryBean">
		<property name="jndiName"><value>jms/IbankPdfStatementListnerReplyQueue</value></property>
	</bean>  
	<bean id="wmqiPdfGenRequestQueue" class="org.springframework.jndi.JndiObjectFactoryBean">
		<property name="jndiName"><value>jms/IbankPdfStatementListnerRequestQueue</value></property>
	</bean>
	<bean id="pushNotifRespQueue" class="org.springframework.jndi.JndiObjectFactoryBean">
		<property name="jndiName"><value>jms/IBankPushNotifRespQueue</value></property>
	</bean>  
	<!-- Queue lists start -->

	<bean id="xmlMessageConverter" class="au.com.stgeorge.ibank.util.XmlMessageConverter">
		<property name="applicationId" value="IBNK"/>
	</bean>  
	<bean id="emailXmlMessageConverter" class="au.com.stgeorge.ibank.util.XmlMessageConverter">
		<property name="applicationId" value="IBNK"/>
	</bean>  
	<bean id="prmXmlMessageConverter" class="au.com.stgeorge.ibank.util.XmlMessageConverter">
		<property name="applicationId" value="IBNK"/>
	</bean>  


	<!-- wmqiService template with request and response -->
	<bean id="requestTemplate" class="org.springframework.jms.core.JmsTemplate">
		<property name="connectionFactory" ref="connectionFactory"/>
		<property name="defaultDestination" ref="requestQueue"/>  
		<property name="explicitQosEnabled" value="true"/>
		<property name="deliveryMode">
			<util:constant static-field="javax.jms.DeliveryMode.NON_PERSISTENT"/>
		</property>
		<property name="timeToLive" value="${MessageExpiration}"/>
		<property name="priority" value="${MessagePriority}"/>
	</bean> 

	<bean id="responseTemplate" class="org.springframework.jms.core.JmsTemplate">
		<property name="connectionFactory" ref="connectionFactory"/>
		<property name="defaultDestination" ref="replyQueue"/>    
		<property name="receiveTimeout" value="${MessageWaitTime}"/>
	</bean> 

	<bean id="wmqiService" class="au.com.stgeorge.ibank.businessobject.impl.WMQIServiceImpl">
		<property name="requestTemplate" ref="requestTemplate"/>
		<property name="responseTemplate" ref="responseTemplate"/>
		<property name="applicationId" value="IBNK"/>
		<property name="matchOnCorrelationID" value="${MatchOnCorrelationID}"/>
		<property name="messageNameToClass" ref="msgToClassProps"/>
	</bean>   

	<!-- wmqiCompassUtilityService template with request and response -->
	<bean id="wmqiCompassUtilityService" class="au.com.stgeorge.ibank.businessobject.impl.WMQIServiceImpl">
		<property name="requestTemplate" ref="compassUtilityWmqiRequestTemplate"/>
		<property name="responseTemplate" ref="compassUtilityWmqiResponseTemplate"/>
		<property name="applicationId" value="IBNK"/>
		<property name="matchOnCorrelationID" value="${MatchOnCorrelationID}"/>
		<property name="messageNameToClass" ref="msgToClassProps"/>
	</bean>   

	<bean id="compassUtilityWmqiRequestTemplate" class="org.springframework.jms.core.JmsTemplate">
		<property name="connectionFactory" ref="connectionFactoryCmpUtil"/>
		<property name="defaultDestination" ref="compassUtilityRequestQueue"/>  
		<property name="explicitQosEnabled" value="true"/>
		<property name="deliveryMode">
			<util:constant static-field="javax.jms.DeliveryMode.NON_PERSISTENT"/>
		</property>
		<property name="timeToLive" value="${MessageExpiration}"/>
		<property name="priority" value="${MessagePriority}"/>
		<property name="messageConverter" ref="xmlMessageConverter"/>
	</bean> 

	<bean id="compassUtilityWmqiResponseTemplate" class="org.springframework.jms.core.JmsTemplate">
		<property name="connectionFactory" ref="connectionFactoryCmpUtil"/>
		<property name="defaultDestination" ref="replyQueue"/>    
		<property name="receiveTimeout" value="${MessageWaitTime}"/>
	</bean> 

	<!-- wmqiPrmService template with request and response -->
	<bean id="wmqiPrmService" class="au.com.stgeorge.ibank.businessobject.impl.WMQIServiceImpl">
		<property name="requestTemplate" ref="prmWmqiRequestTemplate"/>
		<property name="responseTemplate" ref="responseTemplate"/>
		<property name="applicationId" value="IBNK"/>
		<property name="matchOnCorrelationID" value="${MatchOnCorrelationID}"/>
		<property name="messageNameToClass" ref="msgToClassProps"/>
	</bean> 

	<bean id="prmWmqiRequestTemplate" class="org.springframework.jms.core.JmsTemplate">
		<property name="connectionFactory" ref="connectionFactory"/>
		<property name="defaultDestination" ref="prmRequestQueue"/>  
		<property name="explicitQosEnabled" value="true"/>
		<property name="deliveryMode">
			<util:constant static-field="javax.jms.DeliveryMode.NON_PERSISTENT"/>
		</property>
		<property name="timeToLive" value="${MessageExpiration}"/>
		<property name="priority" value="${MessagePriority}"/>
		<property name="messageConverter" ref="xmlMessageConverter"/>
	</bean>

	<!-- wmqiPdfGenService template with request and response -->
	<bean id="wmqiPdfGenService" class="au.com.stgeorge.ibank.businessobject.impl.WMQIServiceImpl">
		<property name="requestTemplate" ref="wmqiPdfGenRequestTemplate"/>
		<property name="responseTemplate" ref="wmqiPdfGenResponseTemplate"/>
		<property name="applicationId" value="IBNK"/>
		<property name="matchOnCorrelationID" value="${MatchOnCorrelationID}"/>
		<property name="messageNameToClass" ref="msgToClassProps"/>
	  </bean>  

	<bean id="wmqiPdfGenRequestTemplate" class="org.springframework.jms.core.JmsTemplate">
		<property name="connectionFactory" ref="connectionFactoryPDF"/>
		<property name="defaultDestination" ref="wmqiPdfGenRequestQueue"/>  
		<property name="explicitQosEnabled" value="true"/>
		<property name="deliveryMode">
			<util:constant static-field="javax.jms.DeliveryMode.NON_PERSISTENT"/>
		</property>
		<property name="timeToLive" value="${MessageExpiration}"/>
		<property name="priority" value="${MessagePriority}"/>
		<property name="messageConverter" ref="xmlMessageConverter"/>
	</bean> 
	  
	<bean id="wmqiPdfGenResponseTemplate" class="org.springframework.jms.core.JmsTemplate">
		<property name="connectionFactory" ref="connectionFactoryPDF"/>
		<property name="defaultDestination" ref="wmqiPdfGenReplyQueue"/>    
		<property name="receiveTimeout" value="${MessageWaitTime}"/>
	</bean>
	
	<!-- wmqiPushResService datagram template with send response only (request is coming from a diff queue, which is also a datagram)-->
	<bean id="wmqiPushRespService" class="au.com.stgeorge.ibank.businessobject.impl.WMQIServiceImpl">
		<property name="requestTemplate" ref="wmqiPushRespTemplate"/>
		<property name="applicationId" value="IBNK"/>
		<property name="matchOnCorrelationID" value="${MatchOnCorrelationID}"/>
		<property name="messageNameToClass" ref="msgToClassProps"/>
	</bean>  

	<bean id="wmqiPushRespTemplate" class="org.springframework.jms.core.JmsTemplate">
		<property name="connectionFactory" ref="connectionFactoryPushResp"/>
		<property name="defaultDestination" ref="pushNotifRespQueue"/>  
		<property name="explicitQosEnabled" value="true"/>
		<property name="deliveryMode">
			<util:constant static-field="javax.jms.DeliveryMode.NON_PERSISTENT"/>
		</property>
		<property name="timeToLive" value="${MessageExpiration}"/>
		<property name="priority" value="${MessagePriority}"/>
		<property name="messageConverter" ref="xmlMessageConverter"/>
	</bean> 
	
	 

	<bean id="messageNameToClassMap" class="org.springframework.beans.factory.config.MapFactoryBean">
		<property name="sourceMap">
			<map>
				<entry>
					<key><value>Fault</value></key>
					<value>au.com.stgeorge.wmqi.schema.common.Fault</value>
				</entry>    
				<entry>
					<key><value>PushNotificationSrv</value></key>
					<value>au.com.stgeorge.ibank.valueobject.schema.pushnotification.PushNotificationSrv</value>
				</entry> 
				<entry>
					<key><value>CreateOrderDebitCardRequest</value></key>
					<value>au.com.stgeorge.svc506.JavaVO.CreateOrderDebitCardRequest</value>
				</entry>    				 
				<entry>
					<key><value>NPPBatchPaymentRequest</value></key>
					<value>au.com.stgeorge.ibank.valueobject.schema.nppbatch.NPPBatchPaymentRequest</value>
				</entry>    				 
			</map>
		</property>
	</bean>

	<bean id="ibankListenerAdapter" class="au.com.stgeorge.ibank.util.IBankListenerAdapter">
		<property name="delegate" ref="ibankListenerService"/>
		<property name="defaultListenerMethod" value="receive"/>
		<property name="messageConverter" ref="messageConverter"/>
	</bean>

	<bean id="ibankListenerService" class="au.com.stgeorge.ibank.businessobject.impl.IBankListenerServiceImpl">					
		<property name="pushNotificationService">
			<ref bean="pushNotificationService" />
		</property>	
		<property name="debitCardService">
			<ref bean="debitCardService" />
		</property>	
		<property name="acctOpeningDao">
			<ref bean="acctOpeningDao" />
		</property>
		<property name="nppService">
			<ref bean="nppService" />
		</property>
	</bean>
	
	<bean id="acctOpeningDao" class="au.com.stgeorge.ibank.dao.impl.AcctOpeningDaoImpl">
		<property name="dataSource">
			<ref local="dsInternetBanking" />
		</property>
	</bean>
	
	<bean id="dsInternetBanking" class="org.springframework.jndi.JndiObjectFactoryBean">
		<property name="jndiName">
			<value>jdbc/gcisDatasource</value>
		</property>
	</bean>

	<bean id="messageConverter" class="au.com.stgeorge.ibank.util.MessageConverter">
		<property name="messageNameToClassMap" ref="messageNameToClassMap"/>		
	</bean>
	
	
	<bean id="ibankESBListenerAdapter" class="au.com.stgeorge.ibank.util.IBankESBListenerAdapter">
		<property name="delegate" ref="ibankESBListenerService"/>
		<property name="defaultListenerMethod" value="receive"/>
		<property name="messageConverter" ref="esbMessageConverter"/> 
	</bean>

	<bean id="esbMessageConverter" class="au.com.stgeorge.ibank.util.ESBMessageConverter">                                                            
	</bean>

	<bean id="ibankESBListenerService" class="au.com.stgeorge.ibank.businessobject.impl.IBankESBListenerServiceImpl">                                                                           
		<property name="switchingService">
			<ref bean="switchingService" />
		</property> 
		<property name="fastFundingService">
			<ref bean="fastFundingService" />
		</property>
		<property name="btSuperSearchService">
			<ref bean="btSuperSearchService" />
		</property>  		       
		<property name="evService">
			<ref bean="evService" />
		</property>  		 
		<property name="loanApplService">
			<ref bean="loanApplService" />
		</property> 
		<property name="nppListenerService">
			<ref bean="nppListenerService" />
		</property>
		<property name="mortgageApplStatusService">
			<ref bean="mortgageApplStatusService" />
		</property>
	</bean>      

		
	<bean name="mortgageApplStatusService" class="au.com.stgeorge.ibank.businessobject.mortgage.MortgageApplStatusServiceImpl" />

</beans>
