{
  "entities": {
    "links": [
    ],
    "quickLinks": [
    ],
    "pages": [
      {
        "id": "pages.sirius.home",
        "name": "Master SPA :: wdpui-sirius",
        "path": "/"
      },
      {
        "id": "pages.sirius.securedlendingservicing",
        "name": "@wdpui-sirius/securedlendingservicing",
        "path": "/securedlendingservicing"
      },
      {
        "id": "pages.sirius.securedlendingservicing.pageone",
        "name": "@wdpui-sirius/securedlendingservicing/page-one",
        "path": "/securedlendingservicing/page-one"
      },
      {
        "id": "pages.sirius.securedlendingservicing.pagetwo",
        "name": "@wdpui-sirius/securedlendingservicing/page-two",
        "path": "/securedlendingservicing/page-two"
      }
    ]
  },
  "result": {
    "pages": [
      "pages.sirius.home",
      "pages.sirius.securedlendingservicing",
      "pages.sirius.securedlendingservicing.pageone",
      "pages.sirius.securedlendingservicing.pagetwo"
    ]
  }
}
