<?xml version="1.0" encoding="UTF-8"?>
<application id="Application_ID" version="6" xmlns="http://java.sun.com/xml/ns/javaee" xmlns:xsi="http://www.w3.org/2001/XMLSchema-instance" xsi:schemaLocation="http://java.sun.com/xml/ns/javaee http://java.sun.com/xml/ns/javaee/application_6.xsd">
 <display-name>MB</display-name>
 <module id="Module_1461719953610">
 	<web>
 		<web-uri>MBWeb.war</web-uri>
 		<context-root>mb</context-root>
 	</web>
 </module>
 <module id="Module_1464315141414">
 	<web>
 		<web-uri>IBankResources.war</web-uri>
 		<context-root>InternetBankingResources</context-root>
 	</web>
 </module>
 <module id="Module_1468826900676">
 	<ejb>MBEJB.jar</ejb>
 </module>
 <library-directory></library-directory> 
 



</application> 