{
  "npmClient": "npm",
  "command": {
    "init": {
      "exact": true
    },
    "bootstrap": {
      "noSort": true,
      "concurrency": 10
    },
    "version": {
      "allowBranch": "master",
      "message": "chore(release): :clap: publish %s ***NO_CI***",
      "yes": true,
      "conventionalCommits": true
    },
    "publish": {
      "allowBranch": "master",
      "message": "chore(release): :clap: publish %s ***NO_CI***",
      "yes": true,
      "conventionalCommits": true
    }
  },
  "packages": [
    "packages/*"
  ],
  "version": "1.34.14"
}
