<?xml version="1.0" encoding="UTF-8"?>
<!DOCTYPE log4j:configuration SYSTEM "log4j.dtd">

<log4j:configuration xmlns:log4j="http://jakarta.apache.org/log4j/" debug="true">

    <appender name="app_log" class="org.apache.log4j.DailyRollingFileAppender">
               <param name="File" value="${applicationLogDirectory}/do_not_monitor/Compass.log"/>
               <param name="Append" value="true" />
               <param name="DatePattern" value=".yyyy-MM-dd-HH"/>
               <layout class="org.apache.log4j.PatternLayout">
                      <param name="ConversionPattern" value="%d{yyyy-MM-dd HH:mm:ss:SSS} %-5p [%t] => %m (%c)%n"/>
               </layout>
               <filter class="org.apache.log4j.varia.LevelRangeFilter">
	             <param name="LevelMin" value="DEBUG"/>
	             <param name="LevelMax" value="FATAL"/>
	             <param name="acceptOnMatch" value="false"/>
              </filter>
       	      <filter class="org.apache.log4j.varia.StringMatchFilter">
                        <param name="StringToMatch" value="STT:" />
                        <param name="AcceptOnMatch" value="false" />
              </filter>
       	      <filter class="org.apache.log4j.varia.StringMatchFilter">
                        <param name="StringToMatch" value="RST:" />
                        <param name="AcceptOnMatch" value="false" />
              </filter>
    </appender>

    <appender name="error_log" class="org.apache.log4j.DailyRollingFileAppender">
               <param name="File" value="${applicationLogDirectory}/error.log"/>
               <param name="Append" value="true" />
               <param name="DatePattern" value=".yyyy-MM-dd-HH"/>
               <layout class="org.apache.log4j.PatternLayout">
                      <param name="ConversionPattern" value="%d{yyyy-MM-dd HH:mm:ss:SSS} %-5p [%t] => %m [Method=%M][Line=%L][File=%F] (%c)%n"/>
               </layout>
              <!-- filter class="org.apache.log4j.varia.LevelRangeFilter">
                      <param name="LevelMin" value="ERROR"/>
                      <param name="LevelMax" value="FATAL"/>
                      <param name="acceptOnMatch" value="false"/>
              </filter>
              <filter class="org.apache.log4j.varia.StringMatchFilter">
                      <param name="StringToMatch" value="No Records Found" />
                      <param name="AcceptOnMatch" value="false" />
              </filter>
              <filter class="org.apache.log4j.varia.StringMatchFilter">
                      <param name="StringToMatch" value="Message not configure for:" />
                      <param name="AcceptOnMatch" value="false" />
              </filter>
              <filter class="org.apache.log4j.varia.StringMatchFilter">
                      <param name="StringToMatch" value="Business Exception" />
                      <param name="AcceptOnMatch" value="false" />
              </filter>
              <filter class="org.apache.log4j.varia.StringMatchFilter">
                      <param name="StringToMatch" value="Exception in  Session Filter" />
                      <param name="AcceptOnMatch" value="false" />
              </filter>
              <filter class="org.apache.log4j.varia.StringMatchFilter">
                      <param name="StringToMatch" value="Error in Session Filter" />
                      <param name="AcceptOnMatch" value="false" />
              </filter>
              <filter class="org.apache.log4j.varia.StringMatchFilter">
                      <param name="StringToMatch" value="Cookie Name" />
                      <param name="AcceptOnMatch" value="false" />
              </filter>
              <filter class="org.apache.log4j.varia.StringMatchFilter">
                      <param name="StringToMatch" value="Session - HttpServletRequest" />
                      <param name="AcceptOnMatch" value="false" />
              </filter>
              <filter class="org.apache.log4j.varia.StringMatchFilter">
                      <param name="StringToMatch" value="Header Name" />
                      <param name="AcceptOnMatch" value="false" />
              </filter>
              <filter class="org.apache.log4j.varia.StringMatchFilter">
                      <param name="StringToMatch" value="Cookie more than" />
                      <param name="AcceptOnMatch" value="false" />
              </filter>
              <filter class="org.apache.log4j.varia.StringMatchFilter">
                      <param name="StringToMatch" value="Adding Last Login :" />
                      <param name="AcceptOnMatch" value="false" />
              </filter>
              <filter class="org.apache.log4j.varia.StringMatchFilter">
                      <param name="StringToMatch" value="Errrror For user id" />
                      <param name="AcceptOnMatch" value="false" />
              </filter>
              <filter class="org.apache.log4j.varia.StringMatchFilter">
                      <param name="StringToMatch" value="*** getExistingThirdPartyTransfer - null" />
                      <param name="AcceptOnMatch" value="false" />
              </filter>
              <filter class="org.apache.log4j.varia.StringMatchFilter">
                      <param name="StringToMatch" value="Schedule Payment start date is empty" />
                      <param name="AcceptOnMatch" value="false" />
              </filter>
              <filter class="org.apache.log4j.varia.StringMatchFilter">
                      <param name="StringToMatch" value="isValidInputData(String pValue, String regExp). Returning False" />
                      <param name="AcceptOnMatch" value="false" />
              </filter>
              <filter class="org.apache.log4j.varia.StringMatchFilter">
                      <param name="StringToMatch" value="- Validation Failed" />
                      <param name="AcceptOnMatch" value="false" />
              </filter>
              <filter class="org.apache.log4j.varia.StringMatchFilter">
                      <param name="StringToMatch" value="*** Warning DUPLICATE FOUND" />
                      <param name="AcceptOnMatch" value="false" />
              </filter>
              <filter class="org.apache.log4j.varia.StringMatchFilter">
                      <param name="StringToMatch" value="au.com.stgeorge.ibank.businessobject.BusinessException" />
                      <param name="AcceptOnMatch" value="false" />
              </filter>
              <filter class="org.apache.log4j.varia.StringMatchFilter">
                      <param name="StringToMatch" value="Validating schedule details," />
                      <param name="AcceptOnMatch" value="false" />
              </filter>
              <filter class="org.apache.log4j.varia.StringMatchFilter">
                      <param name="StringToMatch" value="Error executing MQSI Query for PlasticCardsUpd 80" />
                      <param name="AcceptOnMatch" value="false" />
              </filter>
              <filter class="org.apache.log4j.varia.StringMatchFilter">
                      <param name="StringToMatch" value="Error executing MQSI Query for PlasticCardsUpd 78" />
                      <param name="AcceptOnMatch" value="false" />
              </filter>
              <filter class="org.apache.log4j.varia.StringMatchFilter">
                      <param name="StringToMatch" value="BusinessException" />
                      <param name="AcceptOnMatch" value="false" />
              </filter>
              <filter class="org.apache.log4j.varia.StringMatchFilter">
                      <param name="StringToMatch" value="No PP Record Found" />
                      <param name="AcceptOnMatch" value="false" />
              </filter>
              <filter class="org.apache.log4j.varia.StringMatchFilter">
                      <param name="StringToMatch" value="MaintainTermDepositRenewalIIAction" />
                      <param name="AcceptOnMatch" value="false" />
              </filter>
              <filter class="org.apache.log4j.varia.StringMatchFilter">
                      <param name="StringToMatch" value="For input string:" />
                      <param name="AcceptOnMatch" value="false" />
              </filter>
              <filter class="org.apache.log4j.varia.StringMatchFilter">
                      <param name="StringToMatch" value="reflection: null" />
                      <param name="AcceptOnMatch" value="false" />
              </filter -->
               <filter class="org.apache.log4j.varia.LevelRangeFilter">
	             <param name="LevelMin" value="WARN"/>
	             <param name="LevelMax" value="FATAL"/>
	             <param name="acceptOnMatch" value="true"/>
              </filter>
    </appender>
    <appender name="monitor_log" class="org.apache.log4j.DailyRollingFileAppender">
              <param name="File" value="${applicationLogDirectory}/monitor.log" />
              <param name="Append" value="true" />
              <param name="DatePattern" value=".yyyy-MM-dd-HH"/>
              <layout class="org.apache.log4j.PatternLayout">
                      <param name="ConversionPattern" value="%d{yyyy-MM-dd HH:mm:ss:SSS} %-5p [%t] => %m (%c)%n"/>
              </layout>
              <filter class="org.apache.log4j.varia.LevelRangeFilter">
	             <param name="LevelMin" value="INFO"/>
	             <param name="LevelMax" value="FATAL"/>
	             <param name="acceptOnMatch" value="false"/>
              </filter>
       	      <filter class="org.apache.log4j.varia.StringMatchFilter">
                        <param name="StringToMatch" value="RST:" />
                        <param name="AcceptOnMatch" value="true" />
              </filter>
	      <filter class="org.apache.log4j.varia.DenyAllFilter"/>
    </appender>

    <appender name="agent_log" class="org.apache.log4j.DailyRollingFileAppender">
              <param name="File" value="${applicationLogDirectory}/agent.log" />
              <param name="Append" value="true" />
              <param name="DatePattern" value=".yyyy-MM-dd-HH"/>
              <layout class="org.apache.log4j.PatternLayout">
                      <param name="ConversionPattern" value="%d{yyyy-MM-dd HH:mm:ss:SSS} %-5p [%t] => %m (%c)%n"/>
              </layout>
              <filter class="org.apache.log4j.varia.LevelRangeFilter">
	             <param name="LevelMin" value="DEBUG"/>
	             <param name="LevelMax" value="FATAL"/>
	             <param name="acceptOnMatch" value="true"/>
              </filter>
    </appender>    

    <appender name="fraud_log" class="org.apache.log4j.DailyRollingFileAppender">
               <param name="File" value="${applicationLogDirectory}/do_not_monitor/fraud.log"/>
               <param name="Append" value="true" />
               <param name="DatePattern" value=".yyyy-MM-dd-HH"/>
               <layout class="org.apache.log4j.PatternLayout">
                      <param name="ConversionPattern" value="%d{yyyy-MM-dd HH:mm:ss:SSS} %m %n"/>
               </layout>
              <filter class="org.apache.log4j.varia.LevelRangeFilter">
                             <param name="LevelMin" value="INFO"/>
                             <param name="LevelMax" value="INFO"/>
                             <param name="acceptOnMatch" value="true"/>
              </filter>
    </appender>         


      <logger name="java.lang.Class">
            <level value="WARN"/>
      </logger>
      <logger name="org.apache">
            <level value="ERROR"/>
      </logger>

      <logger name="org.springframework">
            <level value="ERROR"/>
      </logger>

      <logger name="au.com.stgeorge.framework">
            <level value="ERROR"/>
      </logger>


	  <logger name="au.com.stgeorge.perflogger" additivity="false">
			<level value="INFO"/> 
			<appender-ref ref="monitor_log"/>
	  </logger>
	  <logger name="au.com.stgeorge.tranhistory.perflogger" additivity="false">
			<level value="OFF"/>
       </logger>


          <logger name="FraudLog" additivity="false">
                            <level value="INFO"/>
                        <appender-ref ref="fraud_log"/>
          </logger>

	  <logger name="au.com.stgeorge.mbank.util.MBAppLogger" additivity="false">
			<level value="DEBUG"/> 
			<appender-ref ref="agent_log"/>
	  </logger>
	  
	  <logger name="au.com.stgeorge.ibank.common.log.AgentLogger" additivity="false">
			<level value="DEBUG"/> 
			<appender-ref ref="agent_log"/>
	  </logger>	  

      <root>
		  <priority value="DEBUG" />
		  <appender-ref ref="app_log"/>
		  <appender-ref ref="error_log"/>
		  <appender-ref ref="monitor_log"/>
      </root>

</log4j:configuration>


