<?xml version="1.0" encoding="UTF-8"?>
<beans xmlns="http://www.springframework.org/schema/beans"
	xmlns:xsi="http://www.w3.org/2001/XMLSchema-instance" xmlns:context="http://www.springframework.org/schema/context"
	xmlns:aop="http://www.springframework.org/schema/aop"
	xsi:schemaLocation="http://www.springframework.org/schema/beans 
           http://www.springframework.org/schema/beans/spring-beans-3.0.xsd 
           http://www.springframework.org/schema/context 
           http://www.springframework.org/schema/context/spring-context-3.0.xsd
           http://www.springframework.org/schema/aop
           http://www.springframework.org/schema/aop/spring-aop-3.0.xsd">

	

<bean id="serverNameToOriginMap" class="org.springframework.beans.factory.config.MapFactoryBean">
		<property name="sourceMap">
			<map>
				<entry>
					<key><value>localhost</value></key>
					<value>MSTG</value>
				</entry>
				<entry>
					<key><value>ibankingsit.banksa.com.au</value></key>
					<value>MBSA</value>
				</entry>
				<entry>
					<key><value>ibankingsit.bankofmelbourne.com.au</value></key>
					<value>MBOM</value>
				</entry>  
				<entry>
					<key><value>ibankingsit.stgeorge.com.au</value></key>
					<value>MSTG</value>
				</entry>
				<entry>
					<key><value>ibankingsit.trusted.stg.com.au</value></key>
					<value>MSTG</value>
				</entry>				
			</map>
		</property>
	</bean>

	<bean id="smpLgnSrvNameToOriginMap" class="org.springframework.beans.factory.config.MapFactoryBean">
		<property name="sourceMap">
			<map>
				<entry>
					<key><value>ibankingsit.banksa.com.au</value></key>
					<value>BSAM</value>
				</entry>
				<entry>
					<key><value>ibankingsit.bankofmelbourne.com.au</value></key>
					<value>BOMM</value>
				</entry>  
				<entry>
					<key><value>localhost</value></key>
					<value>STGM</value>
				</entry>  
				<entry>
					<key><value>ibankingsit.trusted.stg.com.au</value></key>
					<value>MSTG</value>
				</entry>
			</map>
		</property>
	</bean>
	
</beans>