<?xml version="1.0" encoding="UTF-8"?>
<beans default-init-method="init"
  xmlns="http://www.springframework.org/schema/beans"
       xmlns:xsi="http://www.w3.org/2001/XMLSchema-instance"
       xmlns:aop="http://www.springframework.org/schema/aop"
       xmlns:tx="http://www.springframework.org/schema/tx"
       xmlns:flow="http://www.springframework.org/schema/webflow-config"
     xmlns:jee="http://www.springframework.org/schema/jee"
       xmlns:util="http://www.springframework.org/schema/util"
       xsi:schemaLocation="
           http://www.springframework.org/schema/beans
           http://www.springframework.org/schema/beans/spring-beans-3.0.xsd
       http://www.springframework.org/schema/jee 
           http://www.springframework.org/schema/jee/spring-jee-3.0.xsd
           http://www.springframework.org/schema/util 
           http://www.springframework.org/schema/util/spring-util-3.0.xsd">                           

  <bean id="propertyConfigurer" 
   class="org.springframework.beans.factory.config.PropertyPlaceholderConfigurer">
      <property name="location">
         <value>classpath:MiddlewareMessageService.properties</value>
      </property>
  </bean>

    <jee:jndi-lookup id="MQQueueConnectionFactory" resource-ref="true" jndi-name="jms/ibankQCF"/>
	<jee:jndi-lookup id="MQQueueConnectionFactoryCmpUtil" resource-ref="true" jndi-name="jms/CompassUtilityQCF"/>
	<jee:jndi-lookup id="MQQueueConnectionFactorySMS" resource-ref="true" jndi-name="jms/smsQCF"/>

	<bean id="connectionFactory" class="org.springframework.jms.connection.UserCredentialsConnectionFactoryAdapter"> 
		<property name="username" value="S999001"/>
		<property name="password" value=""/>
		<property name="targetConnectionFactory" ref="MQQueueConnectionFactory"/>
	</bean>

 	<bean id="connectionFactorySMS" class="org.springframework.jms.connection.UserCredentialsConnectionFactoryAdapter"> 
		<property name="username" value="S999001"/>
		<property name="password" value=""/>
		<property name="targetConnectionFactory" ref="MQQueueConnectionFactorySMS"/>
	</bean>

	<bean id="connectionFactoryCmpUtil" class="org.springframework.jms.connection.UserCredentialsConnectionFactoryAdapter"> 
		<property name="username" value="S999001"/>
		<property name="password" value=""/>
		<property name="targetConnectionFactory" ref="MQQueueConnectionFactoryCmpUtil"/>
	</bean>

	<jee:jndi-lookup id="MQQueueConnectionFactoryPDF" resource-ref="true" jndi-name="jms/ibankPDFReqRespQCF"/>

	<bean id="connectionFactoryPDF" class="org.springframework.jms.connection.UserCredentialsConnectionFactoryAdapter"> 
		<property name="username" value="S999001"/>
		<property name="password" value=""/>
		<property name="targetConnectionFactory" ref="MQQueueConnectionFactoryPDF"/>
	</bean> 


	<util:properties id="msgToClassProps" location="classpath:MQRespXmlPackageClass.properties"/>


	<bean id="xmlMessageConverter" class="au.com.stgeorge.ibank.util.XmlMessageConverter">

    <property name="applicationId" value="IBNK"/>

	</bean>  
                  <bean id="emailXmlMessageConverter" class="au.com.stgeorge.ibank.util.XmlMessageConverter">
    <property name="applicationId" value="IBNK"/>
                </bean>  
                  <bean id="prmXmlMessageConverter" class="au.com.stgeorge.ibank.util.XmlMessageConverter">
    <property name="applicationId" value="IBNK"/>
                </bean>  
 
	 

  
	<bean id="requestQueue" class="org.springframework.jndi.JndiObjectFactoryBean">
		<property name="jndiName"><value>jms/ibankRequestQueue</value></property>
		
	</bean>  

	<bean id="replyQueue" class="org.springframework.jndi.JndiObjectFactoryBean">
		<property name="jndiName"><value>jms/ibankReplyQueue</value></property>
		
	</bean>
	
	
	<bean id="smsRequestQueue" class="org.springframework.jndi.JndiObjectFactoryBean">
		<property name="jndiName"><value>jms/smsRequestQueue</value></property>
		
	</bean>  

	<bean id="smsReplyQueue" class="org.springframework.jndi.JndiObjectFactoryBean">
		<property name="jndiName"><value>jms/smsReplyQueue</value></property>
		
	</bean>    
    
  <bean id="requestTemplate" class="org.springframework.jms.core.JmsTemplate">
    <property name="connectionFactory" ref="connectionFactory"/>
    <property name="defaultDestination" ref="requestQueue"/>  
    <property name="explicitQosEnabled" value="true"/>
    <property name="deliveryMode">
      <util:constant static-field="javax.jms.DeliveryMode.NON_PERSISTENT"/>
    </property>
    <property name="timeToLive" value="${MessageExpiration}"/>
    <property name="priority" value="${MessagePriority}"/>
    <!--property name="messageConverter" ref="xmlMessageConverter"/-->
  </bean> 

  <bean id="responseTemplate" class="org.springframework.jms.core.JmsTemplate">
    <property name="connectionFactory" ref="connectionFactory"/>
    <property name="defaultDestination" ref="replyQueue"/>    
    <property name="receiveTimeout" value="${MessageWaitTime}"/>
    <!--property name="messageConverter" ref="xmlMessageConverter"/-->
  </bean> 
  
  <bean id="smsRequestTemplate" class="org.springframework.jms.core.JmsTemplate">
    <property name="connectionFactory" ref="connectionFactorySMS"/>
    <property name="defaultDestination" ref="smsRequestQueue"/>  
    <property name="explicitQosEnabled" value="true"/>
    <property name="deliveryMode">
      <util:constant static-field="javax.jms.DeliveryMode.NON_PERSISTENT"/>
    </property>
    <property name="timeToLive" value="${MessageExpiration}"/>
    <property name="priority" value="${MessagePriority}"/>
    <!--property name="messageConverter" ref="xmlMessageConverter"/-->
  </bean> 

  <bean id="smsResponseTemplate" class="org.springframework.jms.core.JmsTemplate">
    <property name="connectionFactory" ref="connectionFactorySMS"/>
    <property name="defaultDestination" ref="smsReplyQueue"/>    
    <property name="receiveTimeout" value="${MessageWaitTime}"/>
    <!--property name="messageConverter" ref="xmlMessageConverter"/-->
  </bean> 
 
  <bean id="wmqiService" class="au.com.stgeorge.ibank.businessobject.impl.WMQIServiceImpl">
    <property name="requestTemplate" ref="requestTemplate"/>
    <property name="responseTemplate" ref="responseTemplate"/>
    <property name="smsRequestTemplate" ref="smsRequestTemplate"/>
    <property name="smsResponseTemplate" ref="smsResponseTemplate"/>
    <property name="applicationId" value="IBNK"/>
    <property name="matchOnCorrelationID" value="${MatchOnCorrelationID}"/>
    <property name="messageNameToClass" ref="msgToClassProps"/>
  </bean>   
  
   <bean id="wmqiCompassUtilityService" class="au.com.stgeorge.ibank.businessobject.impl.WMQIServiceImpl">
    <property name="requestTemplate" ref="compassUtilityWmqiRequestTemplate"/>
    <property name="responseTemplate" ref="responseTemplate"/>
    <property name="applicationId" value="IBNK"/>
    <property name="matchOnCorrelationID" value="${MatchOnCorrelationID}"/>
    <property name="messageNameToClass" ref="msgToClassProps"/>
  </bean>   

  <bean id="compassUtilityWmqiRequestTemplate" class="org.springframework.jms.core.JmsTemplate">
    <property name="connectionFactory" ref="connectionFactoryCmpUtil"/>
    <property name="defaultDestination" ref="compassUtilityRequestQueue"/>  
    <property name="explicitQosEnabled" value="true"/>
    <property name="deliveryMode">
      <util:constant static-field="javax.jms.DeliveryMode.NON_PERSISTENT"/>
    </property>
    <property name="timeToLive" value="${MessageExpiration}"/>
    <property name="priority" value="${MessagePriority}"/>
    <property name="messageConverter" ref="xmlMessageConverter"/>
  </bean> 

	<bean id="compassUtilityRequestQueue" class="org.springframework.jndi.JndiObjectFactoryBean">
		<property name="jndiName"><value>jms/CompassUtilityListenerQueue</value></property>
	</bean>  
	
 <bean id="wmqiPrmService" class="au.com.stgeorge.ibank.businessobject.impl.WMQIServiceImpl">
    <property name="requestTemplate" ref="prmWmqiRequestTemplate"/>
    <property name="responseTemplate" ref="responseTemplate"/>
    <property name="applicationId" value="IBNK"/>
    <property name="matchOnCorrelationID" value="${MatchOnCorrelationID}"/>
    <property name="messageNameToClass" ref="msgToClassProps"/>
  </bean> 


  <bean id="prmWmqiRequestTemplate" class="org.springframework.jms.core.JmsTemplate">
    <property name="connectionFactory" ref="connectionFactory"/>
    <property name="defaultDestination" ref="prmRequestQueue"/>  
    <property name="explicitQosEnabled" value="true"/>
    <property name="deliveryMode">
      <util:constant static-field="javax.jms.DeliveryMode.NON_PERSISTENT"/>
    </property>
    <property name="timeToLive" value="${MessageExpiration}"/>
    <property name="priority" value="${MessagePriority}"/>
    <property name="messageConverter" ref="xmlMessageConverter"/>
  </bean> 

  <bean id="prmRequestQueue" class="org.springframework.jndi.JndiObjectFactoryBean">
	<property name="jndiName"><value>jms/ibankInputQueue</value></property>
  </bean> 
<!-- PDF Statement  -->                
	<bean id="proofOfBalancePdfListnerAdapter" class="au.com.stgeorge.ibank.util.ProofOfBalancePdfListnerAdapter">
        	<property name="delegate" ref="proofOfBalancePdfServiceImpl"/>
               	<property name="defaultListenerMethod" value="receive"/>
                <property name="messageConverter" ref="pdfMessageConverter"/> 
        </bean>
		
		
	<bean id="transactionListingPdfListnerAdapter" class="au.com.stgeorge.ibank.util.TransactionListingPdfListnerAdapter">
        	<property name="delegate" ref="transactionListingPdfServiceImpl"/>
               	<property name="defaultListenerMethod" value="receive"/>
                <property name="messageConverter" ref="pdfMessageConverter"/> 
        </bean>		

	<bean id="proofOfBalancePdfServiceImpl" class="au.com.stgeorge.ibank.businessobject.impl.ProofOfBalancePdfServiceImpl" init-method="init">          
		<property name="iTextLicenseFileName" value="itextkey.xml"/>	
	</bean>
	
	<bean id="transactionListingPdfServiceImpl" class="au.com.stgeorge.ibank.businessobject.impl.TransactionListingPdfServiceImpl">                                                                           
	</bean>
	
	
	   <bean id="wmqiPdfGenService" class="au.com.stgeorge.ibank.businessobject.impl.WMQIServiceImpl">
		<property name="requestTemplate" ref="wmqiPdfGenRequestTemplate"/>
		<property name="responseTemplate" ref="wmqiPdfGenResponseTemplate"/>
		<property name="applicationId" value="IBNK"/>
		<property name="matchOnCorrelationID" value="${MatchOnCorrelationID}"/>
		<property name="messageNameToClass" ref="msgToClassProps"/>
	  </bean>  


	  <bean id="wmqiPdfGenRequestTemplate" class="org.springframework.jms.core.JmsTemplate">
		<property name="connectionFactory" ref="connectionFactoryPDF"/>
		<property name="defaultDestination" ref="wmqiPdfGenRequestQueue"/>  
		<property name="explicitQosEnabled" value="true"/>
		<property name="deliveryMode">
		  <util:constant static-field="javax.jms.DeliveryMode.NON_PERSISTENT"/>
		</property>
		<property name="timeToLive" value="${MessageExpiration}"/>
		<property name="priority" value="${MessagePriority}"/>
		<property name="messageConverter" ref="xmlMessageConverter"/>
	  </bean> 

		<bean id="wmqiPdfGenRequestQueue" class="org.springframework.jndi.JndiObjectFactoryBean">
			<property name="jndiName"><value>jms/IbankPdfStatementListnerRequestQueue</value></property>
		</bean>  

	    <bean id="wmqiPdfGenResponseTemplate" class="org.springframework.jms.core.JmsTemplate">
		<property name="connectionFactory" ref="connectionFactoryPDF"/>
		<property name="defaultDestination" ref="wmqiPdfGenReplyQueue"/>    
		<property name="receiveTimeout" value="${MessageWaitTime}"/>
	  </bean> 

		<bean id="wmqiPdfGenReplyQueue" class="org.springframework.jndi.JndiObjectFactoryBean">
			<property name="jndiName"><value>jms/IbankPdfStatementListnerReplyQueue</value></property>
		</bean>  

	<bean id="pdfStatementMessageNameToClassMap" class="org.springframework.beans.factory.config.MapFactoryBean">
		<property name="sourceMap">
			<map>
				<entry>
					<key><value>Fault</value></key>
            		<value>au.com.stgeorge.wmqi.schema.common.Fault</value>
		        </entry>    
				<entry>
					<key><value>ProofOfBalancePdfSrv</value></key>
            		<value>au.com.stgeorge.ibank.valueobject.schema.pdfgen.ProofOfBalancePdfSrv</value>
		        </entry>    				 
				<entry>
					<key><value>TransactionListingPdfSrv</value></key>
            		<value>au.com.stgeorge.ibank.valueobject.schema.pdfgen.TransactionListingPdfSrv</value>
		        </entry>    					 
			</map>
		</property>
	</bean>


	<bean id="pdfMessageConverter" class="au.com.stgeorge.ibank.util.MessageConverter">
		<property name="messageNameToClassMap" ref="pdfStatementMessageNameToClassMap"/>		
	</bean>	
                                
   <!-- End - PDF Statement  -->   
  
</beans>