<?xml version="1.0" encoding="UTF-8"?>
<beans default-init-method="init"
  xmlns="http://www.springframework.org/schema/beans"
       xmlns:xsi="http://www.w3.org/2001/XMLSchema-instance"
       xmlns:aop="http://www.springframework.org/schema/aop"
       xmlns:tx="http://www.springframework.org/schema/tx"
       xmlns:flow="http://www.springframework.org/schema/webflow-config"
     xmlns:jee="http://www.springframework.org/schema/jee"
       xmlns:util="http://www.springframework.org/schema/util"
       xsi:schemaLocation="
           http://www.springframework.org/schema/beans
           http://www.springframework.org/schema/beans/spring-beans-3.0.xsd
       http://www.springframework.org/schema/jee 
           http://www.springframework.org/schema/jee/spring-jee-3.0.xsd
           http://www.springframework.org/schema/util 
           http://www.springframework.org/schema/util/spring-util-3.0.xsd">
		   
    
    
	<bean id="tranHistoryDB" 
    class="org.springframework.jndi.JndiObjectFactoryBean">
   <property name="jndiName">
      <value>jdbc/transactionHistory</value>
   </property>
    </bean>
	
	<bean id="transactionHistPerfLogger" class="au.com.stgeorge.tranhistory.perflogger.PerformanceLogger"/>
      
    <bean name="tranHistoryCategorisationService" class="au.com.stgeorge.tranhistory.service.TranCategorisationServiceImpl"  >
          <property name="perfLogger" ref="transactionHistPerfLogger" />
          <property name="tranParams" ref="tranParams"/>
          <property name="tranCategoryDao" ref="tranCategoryDao"/>
          <property name="tranSubCategoryDao" ref="tranSubCategoryDao"/>
          <property name="merchantCodeDao" ref="merchantCodeDao"/>
          <property name="merchantTranCodeDao" ref="merchantTranCodeDao"/>
          <property name="merchantTranCodeDefaultDao" ref="merchantTranCodeDefaultDao"/>
          <property name="merchantTranSearchDao" ref="merchantTranSearchDao"/>
          <property name="micrCodeDao" ref="micrCodeDao"/>
          <property name="micrCodeDefaultDao" ref="micrCodeDefaultDao"/>
          <property name="micrSearchDao" ref="micrSearchDao"/>
    </bean>

	<bean id="tranCategoryDao"  class="au.com.stgeorge.tranhistory.dao.impl.TranCategoryDaoImpl">
		<property name="dataSource" ref="tranHistoryDB"/>
	</bean>
	  
	<bean id="tranSubCategoryDao"  class="au.com.stgeorge.tranhistory.dao.impl.TranSubCategoryDaoImpl">
		<property name="dataSource" ref="tranHistoryDB"/>  
	</bean>
  
	<bean id="merchantCodeDao"  class="au.com.stgeorge.tranhistory.dao.impl.MerchantCodeDaoImpl">
		<property name="dataSource" ref="tranHistoryDB"/>
	</bean>
	  
	<bean id="merchantTranCodeDao"  class="au.com.stgeorge.tranhistory.dao.impl.MerchantTranCodeDaoImpl">
		<property name="dataSource" ref="tranHistoryDB"/>    
	</bean>
	  
	<bean id="merchantTranSearchDao"  class="au.com.stgeorge.tranhistory.dao.impl.MerchantTranSearchDaoImpl">
		<property name="dataSource" ref="tranHistoryDB"/>    
	</bean>
	  
	<bean id="merchantTranCodeDefaultDao"  class="au.com.stgeorge.tranhistory.dao.impl.MerchantTranCodeDefaultDaoImpl">
		<property name="dataSource" ref="tranHistoryDB"/>    
	</bean>
	  
	<bean id="micrCodeDao"  class="au.com.stgeorge.tranhistory.dao.impl.MicrCodeDaoImpl">
		<property name="dataSource" ref="tranHistoryDB"/>   
	</bean>
	  
	<bean id="micrCodeDefaultDao"  class="au.com.stgeorge.tranhistory.dao.impl.MicrCodeDefaultDaoImpl">
		<property name="dataSource" ref="tranHistoryDB"/>   
	</bean>
	  
	<bean id="micrSearchDao"  class="au.com.stgeorge.tranhistory.dao.impl.MicrSearchDaoImpl">
		<property name="dataSource" ref="tranHistoryDB"/>    
	</bean>
	
	<bean id="fetchTransactionDao"  class="au.com.stgeorge.tranhistory.dao.impl.FetchTransactionDaoImpl">
		<property name="dataSource" ref="tranHistoryDB"/>    
	</bean>
	
	<bean id="errorAccountDao"  class="au.com.stgeorge.tranhistory.dao.impl.ErrorAccountDaoImpl">
		<property name="dataSource" ref="tranHistoryDB"/>    
	</bean>
	
	<bean id="codesDao"  class="au.com.stgeorge.tranhistory.dao.impl.CodesDaoImpl">
		<property name="dataSource" ref="tranHistoryDB"/>    
	</bean>

	<bean id="tranParams"   class="au.com.stgeorge.tranhistory.common.TransactionParams">
		<property name="codesDaoWired" ref="codesDao"/>
	</bean>	
	
	<bean id="wmqiServiceTranHist" class="au.com.stgeorge.tranhistory.businessobject.impl.WMQIServiceImpl">
		<property name="requestTemplate" ref="requestTemplate"/>
		<property name="responseTemplate" ref="responseTemplate"/>
		<property name="applicationId" value="IBNK"/>
		<property name="matchOnCorrelationID" value="${MatchOnCorrelationID}"/>
		<property name="messageNameToClass" ref="msgToClassProps"/>
	</bean>  
	
	<bean id="tranHistRetrievalSvc" class="au.com.stgeorge.tranhistory.service.impl.TranHistoryRetrieveServiceImpl">
		<property name="wmqiService" ref="wmqiServiceTranHist"/>
		<property name="perfLogger" ref="transactionHistPerfLogger"/>
		<property name="tranParams" ref="tranParams"/>
		<property name="fetchTransactionDao" ref="fetchTransactionDao"/>
		<property name="tranCategoryDao" ref="tranCategoryDao"/>
		<property name="tranSubCategoryDao" ref="tranSubCategoryDao"/>
		<property name="tranHistoryCategorisationService" ref="tranHistoryCategorisationService"/>
		<property name="errorAccountDao" ref="errorAccountDao"/>
		<property name="runningTransactionHistoryVOAssembler" ref="runningTransactionHistoryVOAssembler"/>
		<property name="transactionHistoryVOAssembler" ref="transactionHistoryVOAssembler"/>
	</bean>
	
	<bean id="runningTransactionHistoryVOAssembler"  class="au.com.stgeorge.tranhistory.businessobject.assembler.RunningTransactionHistoryVOAssembler">
		<property name="tranHistoryCategorisationService" ref="tranHistoryCategorisationService"/>
	</bean>
	
	<bean id="transactionHistoryVOAssembler"  class="au.com.stgeorge.tranhistory.businessobject.assembler.TransactionHistoryVOAssembler">
		<property name="tranHistoryCategorisationService" ref="tranHistoryCategorisationService"/>
	</bean> 
	
	<bean class="org.springframework.jdbc.core.namedparam.NamedParameterJdbcTemplate" id="tranHistNamedParameterJdbcTemplate">   
 	   <constructor-arg ref="tranHistoryDB"/> 	
    </bean> 
 
	<bean  id="smartPlanDetailsDao" class="au.com.stgeorge.tranhistory.dao.impl.SmartPlanDetailsDaoImpl">
		<property name="tranHistNamedParameterJdbcTemplate" ref ="tranHistNamedParameterJdbcTemplate" />
    	<property name="dataSource" ref ="tranHistoryDB" />
	</bean>
	
	<bean  id="tranHistorySmartPlanService" class="au.com.stgeorge.tranhistory.service.impl.TranHistorySmartPlanServiceImpl">
		<property name="perfLogger" ref="transactionHistPerfLogger"/>
    	<property name="smartPlanDetailsDao" ref ="smartPlanDetailsDao" />
	</bean>
	
</beans>
