{
  "entities": {
    "quotes": [
      {
        "yearTerm": "1",
        "discountRate": "0.30",
        "interestRate": "5.19",
        "LVRAdjustment": "0.30",
        "discounts": { "packageDiscount": "0.00", "extraDiscount": "0.00", "totalDiscount": "0.00" },
        "isDiscountApplicable": false,
        "isDiscretionaryDiscount": false,
        "switchedProductName": "Fixed Rate Investment Property Loan 1",
        "id": "1000011343"
      },
      {
        "yearTerm": "2",
        "discountRate": "-0.30",
        "interestRate": "4.95",
        "LVRAdjustment": "0.30",
        "discounts": { "packageDiscount": "0.00", "extraDiscount": "0.00", "totalDiscount": "0.00" },
        "isDiscountApplicable": true,
        "isDiscretionaryDiscount": true,
        "switchedProductName": "Fixed Rate Investment Property Loan 2",
        "id": "1000011342"
      }
    ]
  },
  "result": { "quotes": [[null, null]] }
}
