<sparrowServer xmlns="urn:westpac:sparrow:server:1.0.2" xmlns:xsi="http://www.w3.org/2001/XMLSchema-instance" xsi:schemaLocation="urn:westpac:sparrow:server:1.0.2 sparrow-server.xsd">    


	<j2cAuthentication alias="compassDB2MFAlias" description="The user ID connects to DB2 MF database" user="ZHEPOC01" />
	<j2cAuthentication alias="compassMSSqlAlias" description="The user ID connects to DB2 database" user="MsgCtr_app_usr" />
	<j2cAuthentication alias="compassIBankMqAlias" description="The user ID connects to DB2 database" user="S999001" />
	<j2cAuthentication alias="compassIDMMqAlias" description="The user ID connects to IDM queues" user="idathusr" />
	<j2cAuthentication alias="ESB2UserTokenAliasName" description="The user ID connects to esb2" user="UNTHE001P" />
	<j2cAuthentication alias="safiCallerOnlineRegAlias" description="The user ID connects to SAFI 1" user="STGcaller" />
	<j2cAuthentication alias="safiCallerAlias" description="The user ID connects to SAFI 2" user="STGcaller" />
	<j2cAuthentication alias="compassTranHistAlias" description="The user ID connects to DB2 database" user="TranHistService" />					   
	<j2cAuthentication alias="compassSessionDBAlias" description="The user ID connects to Session database" user="Session_app_usr"/>
    <j2cAuthentication alias="compassESBMqAlias" description="The user ID connects to ESB360 MQ" user="s999026" />

	<keyStore name="mqcerts" description="mqclientjksfile" filename="mqcertsprod.jks" type="JKS"  initAtStartup="true"/> 
	<sslConfig name="mqSSLConfig" keyStoreName="mqcerts"/>

	<jvm initialHeapSize="512" maximumHeapSize="1024">
		<genericJvmArgument>-Dsun.net.inetaddr.ttl=30</genericJvmArgument>
		<genericJvmArgument>-Dsun.net.inetaddr.negative.ttl=2</genericJvmArgument>
	</jvm>
	
	<dynamicCache enable="true"/>
	<httpSession invalidationTimeout="5" maxInMemorySessionCount="9200" />
	<webContainer>
		<threadPool minimumSize="50" maximumSize="90" inactivityTimeout="5000"/>
	</webContainer>
	
	<dataSource name="CompassMFDB2Database" jndiName="jdbc/gcisDatasource" jdbcProviderName="DB2" databaseName="P16AAWBCQP0" portNumber="5039" serverName="10.1.66.11" 
	j2cAuthenticationAlias="compassDB2MFAlias">
        <connectionPool purgePolicy="FailingConnectionOnly" agedTimeout="0" unusedTimeout="600" reapTime="120" connectionTimeout="16" maxConnections="50" minConnections="20"/> 
		<customProperty name="webSphereDefaultIsolationLevel" value="2"/>
		<customProperty name="clientApplcompat" value="V12R1M500"/>
		<customProperty name="currentPackageSet" value="NULLID_V12R1M500"/>
		<customProperty name="enableSysplexWLB" value="true"/>
		<customProperty name="sslConnection" value="true"/>
    </dataSource>
               

	<dataSource name="MessageCentreSQLDatabase" jndiName="jdbc/messageCentre" jdbcProviderName="SQL Server" databaseName="MessageCentre" portNumber="1435" serverName="VIRNTDBP042.core.intra.stg.com.au" j2cAuthenticationAlias="compassMSSqlAlias">
		<customProperty name="sendStringParametersAsUnicode" value="false"/>
		<customProperty name="packetSize" value="8192"/>
		<connectionPool purgePolicy="FailingConnectionOnly" agedTimeout="0" unusedTimeout="1200" reapTime="120" connectionTimeout="16" maxConnections="50" minConnections="10"/> 
		<customProperty name="multiSubnetFailover" value="true"/>
		<customProperty name="loginTimeout" value="180"/>
		<customProperty name="selectMethod" value="cursor"/>
		<customProperty name="webSphereDefaultQueryTimeout" value="15"/>
		<customProperty name="applicationName" value="MBank"/>
    </dataSource>
	
	<dataSource name="SessionSQLDatabase" jndiName="jdbc/sessionDB" jdbcProviderName="SQL Server" databaseName="SessionDB" portNumber="1439" serverName="VIRNTDBP048.core.intra.stg.com.au" j2cAuthenticationAlias="compassSessionDBAlias">
		<customProperty name="sendStringParametersAsUnicode" value="false"/>
		<customProperty name="packetSize" value="8192"/>
		<connectionPool purgePolicy="FailingConnectionOnly" agedTimeout="0" unusedTimeout="1200" reapTime="120" connectionTimeout="16" maxConnections="50" minConnections="10"/> 
		<customProperty name="multiSubnetFailover" value="true"/>
		<customProperty name="loginTimeout" value="180"/>
		<customProperty name="selectMethod" value="cursor"/>
		<customProperty name="webSphereDefaultQueryTimeout" value="15"/>
		<customProperty name="applicationName" value="MBank"/>
    </dataSource>

	
	<dataSource name="CompassTranHistDatabase" jndiName="jdbc/transactionHistory" jdbcProviderName="SQL Server" databaseName="TransactionHistory" portNumber="1437" serverName="VIRNTDBP049.CORE.INTRA.STG.COM.AU" j2cAuthenticationAlias="compassTranHistAlias">
		<customProperty name="sendStringParametersAsUnicode" value="false"/>
		<customProperty name="packetSize" value="8192"/>
		<connectionPool purgePolicy="FailingConnectionOnly" agedTimeout="0" unusedTimeout="1200" reapTime="120" connectionTimeout="16" maxConnections="50" minConnections="10"/> 
	<!--	<customProperty name="multiSubnetFailover" value="true"/> -->
		<customProperty name="loginTimeout" value="180"/>
		<customProperty name="selectMethod" value="cursor"/>
		<customProperty name="webSphereDefaultQueryTimeout" value="15"/>
		<customProperty name="applicationName" value="MBank"/>
	</dataSource>
	
	
    <webSphereMQ reconnectionRetryCount="360" reconnectionRetryInterval="60000">
        <queueManager name="" transport="Client" serverName="10.38.100.73" portNumber="1414" connectionChannel="IBNK.CLIENTS.TLS" useRFH2="false"
        sslType="SPECIFIC" sslConfiguration="mqSSLConfig" cipherSuite="SSL_RSA_WITH_AES_256_CBC_SHA256" />
        <connectionFactory type="QCF" name="ESBQCF" jndiName="jms/ESBQCF" j2cAuthenticationAlias="compassESBMqAlias" j2cComponentManagedAuthenticationAlias="compassESBMqAlias" >
            <connectionPool purgePolicy="FailingConnectionOnly" agedTimeout="1800" unusedTimeout="1200" reapTime="120" connectionTimeout="16" maxConnections="50" minConnections="10"/> 
            <sessionPool purgePolicy="FailingConnectionOnly" agedTimeout="1800" unusedTimeout="1200" reapTime="120" connectionTimeout="16" maxConnections="50" minConnections="10"/> 
        </connectionFactory>
        <queue name="ESBRequestQueue" jndiName="jms/esbRequestQueue" queueName="CMP.QA.ESB360.IBNK.REQUEST" useRFH2="false"/>
        <queue name="ESBReplyQueue" jndiName="jms/esbReplyQueue" queueName="CMP.QA.IBNK.ESB360.REPLY" useRFH2="false"/>
    </webSphereMQ>
	   
	<webSphereMQ  reconnectionRetryCount="360" reconnectionRetryInterval="60000">
        <queueManager name="" transport="Client" serverName="10.38.100.73" portNumber="1416" connectionChannel="IDMAUTH.CLIENTS.TLS" useRFH2="false"
        sslType="SPECIFIC" sslConfiguration="mqSSLConfig" cipherSuite="SSL_RSA_WITH_AES_256_CBC_SHA256" />
		<connectionFactory type="QCF" name="IDMCompassAuthQCF" jndiName="jms/IDMCompassAuthQCF" j2cAuthenticationAlias="compassIDMMqAlias" j2cComponentManagedAuthenticationAlias="compassIDMMqAlias" >
			<connectionPool purgePolicy="FailingConnectionOnly" agedTimeout="1800" unusedTimeout="1200" reapTime="120" connectionTimeout="16" maxConnections="50" minConnections="10"/> 
            <sessionPool purgePolicy="FailingConnectionOnly" agedTimeout="1800" unusedTimeout="1200" reapTime="120" connectionTimeout="16" maxConnections="50" minConnections="10"/> 
        </connectionFactory>
		<queue name="IDMCompassRequestQueue" jndiName="jms/IDMCompassRequest" queueName="CMP.QA.IDMAUTH.IBNK.REQUEST" useRFH2="False"/>
		<queue name="IDMCompassReplyQueue" jndiName="jms/IDMCompassReply" queueName="CMP.QA.IBNK.IDMAUTH.REPLY" useRFH2="False"/>
	</webSphereMQ>

	<webSphereMQ reconnectionRetryCount="360" reconnectionRetryInterval="60000">
		<queueManager name="E5RCE502" transport="Client" serverName="10.38.100.73" portNumber="1414" connectionChannel="IBNK.CLIENTS.TLS" useRFH2="False"
			sslType="SPECIFIC" sslConfiguration="mqSSLConfig" cipherSuite="SSL_RSA_WITH_AES_256_CBC_SHA256"/>
		<connectionFactory type="QCF" name="ibankQCF" jndiName="jms/ibankQCF" j2cAuthenticationAlias="compassIBankMqAlias" j2cComponentManagedAuthenticationAlias="compassIBankMqAlias">
			<connectionPool purgePolicy="FailingConnectionOnly" agedTimeout="1800" unusedTimeout="1200" reapTime="120" connectionTimeout="16" maxConnections="50" minConnections="10"/> 
			<sessionPool purgePolicy="FailingConnectionOnly" agedTimeout="1800" unusedTimeout="1200" reapTime="120" connectionTimeout="16" maxConnections="50" minConnections="10"/> 
		</connectionFactory>
		<queue name="IBankReplyQueue" jndiName="jms/ibankReplyQueue" queueName="CMP.QA.IBNK.ESBS.REPLY" useRFH2="False"/>
		<queue name="IBankRequestQueue" jndiName="jms/ibankRequestQueue" queueName="GN.QA.ESBS.IBNK.REQUEST" useRFH2="False"/>
		<queue name="IBankInputQueue" jndiName="jms/ibankInputQueue" queueName="GN.QA.ESBS.IBNK.INPUT" useRFH2="False"/>
	</webSphereMQ>
	
	<!-- BPAY queue configuration for upgraded MQ -->
	<webSphereMQ reconnectionRetryCount="360" reconnectionRetryInterval="60000">
		<queueManager name="E5RCE502" transport="Client" serverName="10.38.100.73" portNumber="1414" connectionChannel="IBNK.CLIENTS.TLS" useRFH2="False"
		sslType="SPECIFIC" sslConfiguration="mqSSLConfig" cipherSuite="SSL_RSA_WITH_AES_256_CBC_SHA256" />
		<connectionFactory type="QCF" name="IbankEBPQCF" jndiName="jms/ibankEBPQCF" j2cAuthenticationAlias="compassIBankMqAlias" j2cComponentManagedAuthenticationAlias="compassIBankMqAlias">
		    <connectionPool purgePolicy="FailingConnectionOnly" agedTimeout="1800" unusedTimeout="1200" reapTime="120" connectionTimeout="16" maxConnections="50" minConnections="10"/> 
			<sessionPool purgePolicy="FailingConnectionOnly" agedTimeout="1800" unusedTimeout="1200" reapTime="120" connectionTimeout="16" maxConnections="50" minConnections="10"/>
	    </connectionFactory>
		<queue name="EBPRequestQueue" jndiName="jms/ebpRequestQueue" queueName="EBP.QA.EBP.IBNK.REQUEST" useRFH2="False"/>
		<queue name="EBPReplyQueue" jndiName="jms/ebpReplyQueue" queueName="CMP.QA.IBNK.EBP.REPLY" useRFH2="False"/>
	</webSphereMQ> 
	
	<!-- IBNKSRV/PDF Activation Spec only -->
	<webSphereMQ reconnectionRetryCount="360" reconnectionRetryInterval="60000">
		<queueManager name="E5RCE502" transport="Client" serverName="10.38.100.73" portNumber="1414" connectionChannel="IBNKSRV.CLIENTS.TLS" useRFH2="False"
		sslType="SPECIFIC" sslConfiguration="mqSSLConfig" cipherSuite="SSL_RSA_WITH_AES_256_CBC_SHA256" />
		<connectionFactory type="QCF" name="ibankPDFQCF" jndiName="jms/ibankPDFQCF" j2cAuthenticationAlias="compassIBankMqAlias" j2cComponentManagedAuthenticationAlias="compassIBankMqAlias">
			<connectionPool purgePolicy="FailingConnectionOnly" agedTimeout="1800" unusedTimeout="1200" reapTime="120" connectionTimeout="16" maxConnections="50" minConnections="10"/> 
			<sessionPool purgePolicy="FailingConnectionOnly" agedTimeout="1800" unusedTimeout="1200" reapTime="120" connectionTimeout="16" maxConnections="50" minConnections="10"/>
	    </connectionFactory>
		<queue name="IbankPdfStatementListner" jndiName="jms/IbankPdfStatementListner" queueName="CMP.QA.IBNKSRV.IBNK.REQUEST" useRFH2="False"/>
		<activationSpecification name="IBankPdfStatementListnerMDB" j2cAuthenticationAlias="compassIBankMqAlias" jndiName="eis/IBankPdfStatementListnerMDB" failureDeliveryCount="125" destinationJndiName="jms/IbankPdfStatementListner">
		<customProperty name="WAS_EndpointInitialState" value="ACTIVE" description="WAS_EndpointInitialState"/> 
		</activationSpecification>
	</webSphereMQ> 
	
	<!-- IBNKSRV/PDF  Req & Resp only -->
	<webSphereMQ reconnectionRetryCount="360" reconnectionRetryInterval="60000">
		<queueManager name="E5RCE502" transport="Client" serverName="10.38.100.73" portNumber="1414" connectionChannel="IBNK.CLIENTS.TLS" useRFH2="False"
		sslType="SPECIFIC" sslConfiguration="mqSSLConfig" cipherSuite="SSL_RSA_WITH_AES_256_CBC_SHA256" />
		<connectionFactory type="QCF" name="ibankPDFReqRespQCF" jndiName="jms/ibankPDFReqRespQCF" j2cAuthenticationAlias="compassIBankMqAlias" j2cComponentManagedAuthenticationAlias="compassIBankMqAlias">
			<connectionPool purgePolicy="FailingConnectionOnly" agedTimeout="1800" unusedTimeout="1200" reapTime="120" connectionTimeout="16" maxConnections="50" minConnections="10"/> 
			<sessionPool purgePolicy="FailingConnectionOnly" agedTimeout="1800" unusedTimeout="1200" reapTime="120" connectionTimeout="16" maxConnections="50" minConnections="10"/>
	    </connectionFactory>
		<queue name="IbankPdfStatementListnerRequestQueue" jndiName="jms/IbankPdfStatementListnerRequestQueue" queueName="CMP.QA.IBNKSRV.IBNK.REQUEST" useRFH2="False"/>
		<queue name="IbankPdfStatementListnerReplyQueue" jndiName="jms/IbankPdfStatementListnerReplyQueue" queueName="CMP.QA.IBNK.IBNKSRV.REPLY" useRFH2="False"/>
	</webSphereMQ>
	
	<webSphereMQ>
		<queueManager name="E5RCE502" transport="Client" serverName="10.38.100.73" portNumber="1414" connectionChannel="IBNK.CLIENTS.TLS" useRFH2="False"
		sslType="SPECIFIC" sslConfiguration="mqSSLConfig" cipherSuite="SSL_RSA_WITH_AES_256_CBC_SHA256" />
		<connectionFactory type="QCF" name="IBankUtilityQCF" jndiName="jms/IbankUtilityQCF" j2cAuthenticationAlias="compassIBankMqAlias" j2cComponentManagedAuthenticationAlias="compassIBankMqAlias" >
			<connectionPool purgePolicy="FailingConnectionOnly" agedTimeout="1800" unusedTimeout="1200" reapTime="0" connectionTimeout="16" maxConnections="50" minConnections="10"/> 
			<sessionPool purgePolicy="FailingConnectionOnly" agedTimeout="1800" unusedTimeout="1200" reapTime="0" connectionTimeout="16" maxConnections="50" minConnections="10"/> 
		</connectionFactory>
		<queue name="IBankUtilityRequestQueue" jndiName="jms/IbankUtilityRequestQueue" queueName="CMP.QA.IBNK.ESBS.INPUT" useRFH2="false"/>
	</webSphereMQ>

	<webSphereMQ reconnectionRetryCount="360" reconnectionRetryInterval="60000">  
		<queueManager name="E5RCE502" transport="Client" serverName="10.38.100.73" portNumber="1414" connectionChannel="IBNK.CLIENTS.TLS" useRFH2="False"
		sslType="SPECIFIC" sslConfiguration="mqSSLConfig" cipherSuite="SSL_RSA_WITH_AES_256_CBC_SHA256" />
		<connectionFactory type="QCF" name="CompassUtilityQCF" jndiName="jms/CompassUtilityQCF" j2cAuthenticationAlias="compassIBankMqAlias" j2cComponentManagedAuthenticationAlias="compassIBankMqAlias">
			<connectionPool purgePolicy="FailingConnectionOnly" agedTimeout="1800" unusedTimeout="1200" reapTime="120" connectionTimeout="16" maxConnections="50" minConnections="10"/> 
			<sessionPool purgePolicy="FailingConnectionOnly" agedTimeout="1800" unusedTimeout="1200" reapTime="120" connectionTimeout="16" maxConnections="50" minConnections="10"/> 
		</connectionFactory>
		<queue name="CompassUtilityListenerQueue" jndiName="jms/CompassUtilityListenerQueue" queueName="CMP.QA.IBNKSRV_2.IBNK.INPUT" useRFH2="False"/>
	</webSphereMQ>

	<webSphereMQ reconnectionRetryCount="360" reconnectionRetryInterval="60000">
		<queueManager name="E5RCE502" transport="Client" serverName="10.38.100.73" portNumber="1414" connectionChannel="IBNK.CLIENTS.TLS" sslType="SPECIFIC" sslConfiguration="mqSSLConfig" cipherSuite="SSL_RSA_WITH_AES_256_CBC_SHA256" useRFH2="False"/>
		<connectionFactory type="QCF" name="smsQCF" jndiName="jms/smsQCF" j2cAuthenticationAlias="compassIBankMqAlias" j2cComponentManagedAuthenticationAlias="compassIBankMqAlias">
			<connectionPool purgePolicy="FailingConnectionOnly" agedTimeout="1800" unusedTimeout="1200" reapTime="120" connectionTimeout="16" maxConnections="50" minConnections="10"/> 
			<sessionPool purgePolicy="FailingConnectionOnly" agedTimeout="1800" unusedTimeout="1200" reapTime="120" connectionTimeout="16" maxConnections="50" minConnections="10"/> 
		</connectionFactory>
		<queue name="SmsReplyQueue" jndiName="jms/smsReplyQueue" queueName="CMP.QA.IBNK.ALRT.REPLY" useRFH2="False"/>
		<queue name="SmsRequestQueue" jndiName="jms/smsRequestQueue" queueName="CMP.QA.ALRT.IBNK.REQUEST" useRFH2="False"/>
	</webSphereMQ>


    <csiOutbound/>
    <csiInbound/>

	<!-- START Common AppDynamics Java Agent Settings for all environments-->
	<genericJvmArgument>-javaagent:/opt/appdynamics/appagent/java/javaagent.jar</genericJvmArgument>
	<systemProperty name="appdynamics.agent.logs.dir" value="${SPARROW_NEST}/log/application/do_not_monitor/appdynamics"/>
	<systemProperty name="appdynamics.agent.runtime.dir" value="${WAS_TEMP_DIR}/java.io.tmpdir"/>
	<systemProperty name="appdynamics.force.default.ssl.certificate.validation" value="true"/>
	<!-- END Common AppDynamics Java Agent Settings for all environments-->
	
	<!-- START Environment/Module-Specific AppDynamics Settings-->
	<systemProperty name="appdynamics.agent.tierName" value="mobile"/>
	<systemProperty name="appdynamics.agent.nodeName" value="mobile_${NEST_DATA_IP}"/>
	<systemProperty name="appdynamics.agent.applicationName" value="Compass-A00304"/>
	<!-- END Environment/Module-Specific AppDynamics Settings-->
</sparrowServer>