{
  "appName": "securedlendingservicing",
  "appId": "au.com.westpac.ui.www1-sirius",
  "dashboardUrl": {
    "STG": "https://vp1ibank.stgeorge.com.au/services/wdpToCompass?actionType=dashboard",
    "BOM": "https://vp1ibank.bankofmelbourne.com.au/services/wdpToCompass?actionType=dashboard",
    "BSA": "https://vp1ibank.banksa.com.au/services/wdpToCompass?actionType=dashboard",
    "WBC": "https://vp1ibank.stgeorge.com.au/services/wdpToCompass?actionType=dashboard"
  },
  "footerInfoSecurityUrl": {
    "STG": "https://webapps.stgeorge.com.au/apply-now/acc_help.asp#security?view=oaf",
    "BOM": "https://webapps.bankofmelbourne.com.au/apply-now/acc_help.asp#security?view=oaf",
    "BSA": "https://webapps.banksa.com.au/apply-now/acc_help.asp#security?view=oaf",
    "WBC": "https://webapps.stgeorge.com.au/apply-now/acc_help.asp#security?view=oaf"
  },
  "conditionsOfUseUrl": {
    "STG": "https://www.stgeorge.com.au/content/dam/public/wbc/documents/pdf/pb/PAP_ConditionsofUse.pdf",
    "BOM": "https://www.bankofmelbourne.com.au/content/dam/public/wbc/documents/pdf/pb/PAP_ConditionsofUse.pdf",
    "BSA": "https://www.banksa.com.au/content/dam/public/wbc/documents/pdf/pb/PAP_ConditionsofUse.pdf",
    "WBC": "https://www.westpac.com.au/content/dam/public/wbc/documents/pdf/pb/PAP_ConditionsofUse.pdf"
  },
  "messageInboxUrl": {
    "STG": "https://www.stgeorge.com.au/content/dam/public/wbc/documents/pdf/pb/PAP_ConditionsofUse.pdf",
    "BOM": "https://www.bankofmelbourne.com.au/content/dam/public/wbc/documents/pdf/pb/PAP_ConditionsofUse.pdf",
    "BSA": "https://www.banksa.com.au/content/dam/public/wbc/documents/pdf/pb/PAP_ConditionsofUse.pdf",
    "WBC": "https://www.westpac.com.au/content/dam/public/wbc/documents/pdf/pb/PAP_ConditionsofUse.pdf"
  },
  "directDebitUrlInterestOnly": {
    "STG": "https://www.stgeorge.com.au/content/dam/public/wbc/documents/pdf/pb/Direct_Debit_Request_Interest_Only_Loan_Repayment.pdf",
    "BOM": "https://www.bankofmelbourne.com.au/content/dam/public/wbc/documents/pdf/pb/Direct_Debit_Request_Interest_Only_Loan_Repayment.pdf",
    "BSA": "https://www.banksa.com.au/content/dam/public/wbc/documents/pdf/pb/Direct_Debit_Request_Interest_Only_Loan_Repayment.pdf",
    "WBC": "https://www.westpac.com.au/content/dam/public/wbc/documents/pdf/pb/Direct_Debit_Request_Interest_Only_Loan_Repayment.pdf"
  },
  "directDebitUrlPrincipalInterest": {
    "STG": "https://www.stgeorge.com.au/content/dam/public/wbc/documents/pdf/pb/Direct_Debit_Request_Loan_Repayment.pdf",
    "BOM": "https://www.bankofmelbourne.com.au/content/dam/public/wbc/documents/pdf/pb/Direct_Debit_Request_Loan_Repayment.pdf",
    "BSA": "https://www.banksa.com.au/content/dam/public/wbc/documents/pdf/pb/Direct_Debit_Request_Loan_Repayment.pdf",
    "WBC": "https://www.westpac.com.au/content/dam/public/wbc/documents/pdf/pb/Direct_Debit_Request_Loan_Repayment.pdf"
  },
  "breakCostUrl": {
    "STG": "https://www.stgeorge.com.au/content/dam/public/wbc/documents/pdf/pb/WBC-things-you-should-know-about-break-costs.pdf?appAction=PDF",
    "BOM": "https://www.bankofmelbourne.com.au/dam/public/wbc/documents/pdf/pb/WBC-things-you-should-know-about-break-costs.pdf?appAction=PDF",
    "BSA": "https://www.banksa.com.au/dam/public/wbc/documents/pdf/pb/WBC-things-you-should-know-about-break-costs.pdf?appAction=PDF",
    "WBC": "https://www.westpac.com.au/content/dam/public/wbc/documents/pdf/pb/WBC-things-you-should-know-about-break-costs.pdf?appAction=PDF"
  },
  "brandNames": {
    "STG": { "name": "St. George", "ariaLabel": "Saint George" },
    "BOM": { "name": "Bank Of Melbourne", "ariaLabel": "Bank Of Melbourne" },
    "BSA": { "name": "BankSA", "ariaLabel": "Bank S A" },
    "WBC": { "name": "Westpac", "ariaLabel": "Westpac" }
  }
}
