<?xml version="1.0" encoding="UTF-8"?>
<beans xmlns="http://www.springframework.org/schema/beans" 
				xmlns:xsi="http://www.w3.org/2001/XMLSchema-instance"
				xmlns:p="http://www.springframework.org/schema/p" 
				xmlns:sws="http://www.springframework.org/schema/web-services"
    			xmlns:oxm="http://www.springframework.org/schema/oxm"
				xmlns:util="http://www.springframework.org/schema/util"
       			xsi:schemaLocation=
       				"http://www.springframework.org/schema/beans 
       				http://www.springframework.org/schema/beans/spring-beans-3.0.xsd
       	 			http://www.springframework.org/schema/web-services
       				http://www.springframework.org/schema/web-services/web-services-2.0.xsd
       				http://www.springframework.org/schema/oxm 
       				http://www.springframework.org/schema/oxm/spring-oxm-1.5.xsd
					http://www.springframework.org/schema/util
					http://www.springframework.org/schema/util/spring-util-2.0.xsd">

	<util:properties id="esb2SrvEndPonts" location="classpath:esb2Service.properties"/>	

	<bean id="esb2Service" scope="prototype"  class="au.com.stgeorge.ibank.businessobject.esb2.ESB2ServiceImpl">
		<property name="esb2WebServiceTemplate" ref="esb2WebServiceTemplate" />
		<property name="esb2SrvEndPonts" ref="esb2SrvEndPonts"/>		
		<property name="j2cUserTokenAliasName" value="ESB2UserTokenAliasName" />
	</bean>

	<bean id="j2cAccessor" class="au.com.westpac.sparrow.security.WebSphereJ2CAccessor">
		<property name="authenticationAliasName" value="ESB2UserTokenAliasName"/>
	</bean>
	
	<bean id="esb2WebServiceTemplate" scope="prototype"  class="org.springframework.ws.client.core.WebServiceTemplate">
		<constructor-arg ref="esb2MessageFactory" />
		<property name="marshaller" ref="esb2JAXbMarshaller" />
		<property name="unmarshaller" ref="esb2JAXbMarshaller" />
		<property name="defaultUri" value=" " />
		<property name="messageSender">
			<ref bean="esb2messageSenderNew" />
		</property>
		<property name="interceptors">
			<list>
				<ref local="esb2Wwss4jSecurityInterceptor" />
			</list>
		</property>
	</bean>

	<bean id="esb2MessageFactory" class="org.springframework.ws.soap.saaj.SaajSoapMessageFactory">
		<property name="soapVersion">
			<util:constant static-field="org.springframework.ws.soap.SoapVersion.SOAP_11" />
		</property>
	</bean>

	<bean id="esb2JAXbMarshaller" class="org.springframework.oxm.jaxb.Jaxb2Marshaller">
		<property name="contextPaths">
			<list>
				<value>au.com.westpac.gn.arrangementnegotiation.services.arrangementsetup.xsd.createcardlesscashfacilityarrangement.v1.svc0365</value>
				<value>au.com.westpac.gn.arrangementnegotiation.services.arrangementsetup.xsd.modifycardlesscashfacilityarrangement.v1.svc0366</value>
				<value>au.com.westpac.gn.arrangementreporting.services.arrangementreporting.xsd.retrievecardlesscashfacilityarrangementdetails.v2.svc0367</value>				
				<value>au.com.westpac.gn.arrangementreporting.services.arrangementreporting.xsd.retrievecardlesscashfacilityarusagesummaryforip.v1.svc0377</value>
				<value>au.com.westpac.gn.arrangementnegotiation.services.arrangementsetup.xsd.createdepositarrangement.v2.svc0433</value>
				<value>au.com.westpac.gn.communicationmanagement.services.communicationexchange.xsd.schedulecontactcentrecommunication.v1.svc0456</value>
				<value>au.com.westpac.gn.communicationmanagement.services.communicationexchange.xsd.schedulecontactcentrecommunication.v2.svc0456</value>
				<value>au.com.westpac.gn.utility.xsd.esbheader.v3</value>
				<value>au.com.westpac.gn.arrangementreporting.services.arrangementreporting.xsd.retrievemultidepositarrangementdetails.v2.svc0436</value>
				<value>au.com.westpac.gn.financialtransactionprocessing.services.paymentprocessing.xsd.recordtransactiondetails.v1.svc0435</value>
				<value>au.com.westpac.gn.resourceitemmanagement.services.devicemanagement.xsd.maintainpnsregistration.v1.svc0476</value>
				<value>au.com.westpac.gn.communicationmanagement.services.communicationexchange.xsd.sendpnscommunication.v2.svc0477</value>
				<value>au.com.westpac.gn.arrangementnegotiation.services.arrangementsetup.xsd.determinealiasarrangementidentifieravailability.v1.svc0466</value>
				<value>au.com.westpac.gn.arrangementnegotiation.services.arrangementsetup.xsd.createaliasaccessfacilityarrangement.v2.svc0467</value>
				<value>au.com.westpac.gn.arrangementnegotiation.services.arrangementsetup.xsd.modifyaliasaccessfacilityarrangement.v2.svc0469</value>
				<value>au.com.westpac.gn.relationshipmonitoring.services.productusagemeasurement.xsd.retrieveaccountsforaccessfacility.v2.svc0296</value>				
                <value>au.com.westpac.gn.financialtransactionprocessing.services.grouppaymentprocessing.xsd.recordpaymentinstruction.v4.svc0246</value>
				<value>au.com.westpac.gn.financialtransactioncardaccess.services.financialtransactioncardmanagement.xsd.retrieveencryptiondetails.v1.svc0511</value>
			    <value>au.com.westpac.gn.financialtransactioncardaccess.services.financialtransactioncardmanagement.xsd.retrievepinutilisationcondition.v1.svc0510</value>
                <value>au.com.westpac.gn.arrangementnegotiation.services.arrangementsetup.xsd.generategeneralinsuranceapplication.v2.svc0442</value>
				<value>au.com.westpac.gn.financialtransactioncardaccess.services.financialtransactioncardmanagement.xsd.recordcardpincredential.v1.svc0512</value>
				<value>au.com.westpac.gn.arrangementreporting.services.arrangementreporting.xsd.retrievegeneralinsurancearrangementdetails.v3.svc0520</value>
				<value>au.com.westpac.gn.involvedpartymanagement.services.involvedpartymanagement.xsd.retrieveipcrmsummary.v2.svc0448</value>
				<value>au.com.westpac.gn.involvedpartymanagement.services.involvedpartymanagement.xsd.retrievedetailsandarrangementrelationshipsforips.v11.svc0258</value>
				<value>au.com.westpac.gn.involvedpartymanagement.services.involvedpartyidvassessment.xsd.verifyindividualfrombureau.v1.svc0437</value>
				<value>au.com.westpac.gn.involvedpartymanagement.services.involvedpartymanagement.xsd.modifyindividualip.v5.svc0338</value>	
				<value>au.com.westpac.gn.involvedpartymanagement.services.involvedpartyidvassessment.xsd.maintainidvdetails.v6.svc0325</value>	
				<value>au.com.westpac.gn.financialtransactioncardaccess.services.financialtransactioncardmanagement.xsd.createfinancialtransactioncard.v2.svc0506</value>
				<value>au.com.westpac.gn.involvedpartymanagement.services.involvedpartyidvassessment.xsd.retrieveidvdetails.v6.svc0324</value>
				<value>au.com.westpac.gn.arrangementreporting.services.arrangementreporting.xsd.retrievearaddresses_sgb.v1.svc0401</value>
				<value>au.com.westpac.gn.arrangementmanagement.services.arrangementmanagement.xsd.maintainaraddresses_sgb.v1.svc0400</value>
				<value>au.com.westpac.gn.involvedpartymanagement.services.involvedpartyidvassessment.xsd.retrieveipdetailsfrombureau.v3.svc0327</value>	
				<value>au.com.westpac.gn.locationmanagement.services.locationmanagement.xsd.retrievepostaladdress.v1.svc0454</value>
				<value>au.com.westpac.gn.involvedpartyevaluation.services.characterevaluation.xsd.evaluateipname.v1.svc0485</value>	
				<value>au.com.westpac.gn.involvedpartymanagement.services.involvedpartymanagement.xsd.retrieveiptoiprelationships.v4.svc0260</value>
				<value>au.com.westpac.gn.arrangementnegotiation.services.arrangementsetup.xsd.initiatedepositproductarrangementestablishmentforsolebusiness_sgb.v1.svc0581</value>
	  			<value>au.com.westpac.gn.arrangementnegotiation.services.arrangementsetup.xsd.retrievedepositproductarrangementestablishmentforsolebusinessstatus_sgb.v1.svc0582</value>			
				<value>au.com.westpac.gn.involvedpartymanagement.services.involvedpartymanagement.xsd.modifyorganisationip.v5.svc0339</value>
				<value>au.com.westpac.gn.financialtransactionprocessing.services.paymentprocessing.xsd.retrievepaymentdetails.v1.svc0623</value>
				<value>au.com.westpac.gn.campaignmanagement.services.campaignoffer.xsd.providecampaignoffer.v2.svc0360</value>	
				<value>au.com.westpac.gn.campaignmanagement.services.campaignoffer.xsd.recordcampaignofferresponse.v1.svc0361</value>	
				<value>au.com.westpac.gn.arrangementnegotiation.services.arrangementsetup.xsd.determinesalesopportunityeligibilityforarrangement.v2.svc0563</value>
				<value>au.com.westpac.gn.arrangementnegotiation.services.arrangementsetup.xsd.modifydemanddepositarrangement.v3.svc0516</value>
				<value>au.com.westpac.gn.financialtransactionprocessing.services.paymentprocessing.xsd.initiatecredittransfer.v3.svc0501</value>
				<value>au.com.westpac.gn.financialtransactionprocessing.services.paymentprocessing.xsd.retrievepaymentstatus.v1.svc0503</value>
				<value>au.com.westpac.gn.financialtransactionprocessing.services.paymentprocessing.xsd.notifypaymentstatus.v1.svc0502</value>
				<value>au.com.westpac.gn.financialtransactionprocessing.services.aliasmanagementprocessing.xsd.retrieveaccountidentifierforalias.v2.svc0500</value>
				<value>au.com.westpac.gn.arrangementreporting.services.arrangementreporting.xsd.retrievearrangementsforip.v3.svc0522</value>
				<value>au.com.westpac.gn.financialtransactionprocessing.services.aliasmanagementprocessing.xsd.determinepaymentaliasidentifieravailability.v2.svc0544</value>
				<value>au.com.westpac.gn.financialtransactionprocessing.services.aliasmanagementprocessing.xsd.createpaymentaliasaccessfacilityarrangement.v2.svc0545</value>
				<value>au.com.westpac.gn.financialtransactionprocessing.services.aliasmanagementprocessing.xsd.modifypaymentaliasaccessfacilityarrangement.v3.svc0546</value>
				<value>au.com.westpac.gn.financialtransactionprocessing.services.aliasmanagementprocessing.xsd.notifyaliasaccessfacilityarrangementevent.v1.svc0625</value>
			</list>
		</property>  
	</bean> 	

	<bean id="esb2messageSender" scope="prototype"  class="org.springframework.ws.transport.http.HttpComponentsMessageSender"> 
		<property name="httpClient">
			<bean factory-bean="webSphereSSLContextFactory" factory-method="getHttpClient"/>
		</property>
		<property name="connectionTimeout" value="12000"/>
		<property name="readTimeout" value="12000"/>
	</bean> 	

	<bean id="esb2Wwss4jSecurityInterceptor" class="org.springframework.ws.soap.security.wss4j.Wss4jSecurityInterceptor"
		p:securementActions="UsernameToken"
        p:securementUsername="#{j2cAccessor.username}" p:securementPassword="#{j2cAccessor.password}"
        p:securementUsernameTokenElements="Nonce Created"/> 	
	<bean id="webSphereSSLContextFactory" scope="prototype" class="au.com.westpac.jcx.reference.websphere.security.WebSphereSSLContextFactory">
		<constructor-arg type="java.lang.String" value="compasstoesb"/>
	</bean>	

	<bean id="esb2ServiceV2" scope="prototype"  class="au.com.stgeorge.ibank.businessobject.esb2.ESB2ServiceImpl">
		<property name="esb2WebServiceTemplate" ref="esb2WebServiceTemplateV2" />
		<property name="esb2SrvEndPonts" ref="esb2SrvEndPonts"/>		
		<property name="j2cUserTokenAliasName" value="ESB2UserTokenAliasName" />
	</bean>
	
	<bean id="esb2WebServiceTemplateV2" scope="prototype"  class="org.springframework.ws.client.core.WebServiceTemplate">
		<constructor-arg ref="esb2MessageFactory" />
		<property name="marshaller" ref="esb2JAXbMarshallerV2" />
		<property name="unmarshaller" ref="esb2JAXbMarshallerV2" />
		<property name="defaultUri" value=" " />
		<property name="messageSender">
			<ref bean="esb2messageSenderNew" />
		</property>
		<property name="interceptors">
			<list>
				<ref local="esb2Wwss4jSecurityInterceptor" />
			</list>
		</property>
	</bean>
	
	    <bean id="esb2IncreasedTimeoutService" scope="prototype" class="au.com.stgeorge.ibank.businessobject.esb2.ESB2ServiceImpl">
            <property name="esb2WebServiceTemplate" ref="esb2IncreasedTimeoutWebServiceTemplate" />
            <property name="esb2SrvEndPonts" ref="esb2SrvEndPonts"/>          
      </bean>
      
    <bean id="esb2IncreasedTimeoutmessageSender" scope="prototype" class="org.springframework.ws.transport.http.HttpComponentsMessageSender"> 
        <property name="httpClient">
                  <bean factory-bean="webSphereSSLContextFactory" factory-method="getHttpClient"/>
            </property>
            <property name="connectionTimeout" value="40000"/>
        <property name="readTimeout" value="40000"/>
      </bean> 
      
      <bean id="esb2IncreasedTimeoutWebServiceTemplate" scope="prototype" class="org.springframework.ws.client.core.WebServiceTemplate">
            <constructor-arg ref="esb2MessageFactory" />
            <property name="marshaller" ref="esb2JAXbMarshaller" />
            <property name="unmarshaller" ref="esb2JAXbMarshaller" />
            <property name="defaultUri" value="https://dp-ma.sit1.esb.srv.westpac.com.au:443/services/soap/createDepositArrangement/v2" />
            <property name="messageSender">
                  <ref bean="esb2IncreasedTimeoutmessageSender" />
            </property>
            <property name="interceptors">
                  <list>
                        <ref local="esb2Wwss4jSecurityInterceptor" />
                  </list>
            </property>
      </bean>
	
	<bean id="esb2JAXbMarshallerV2" class="org.springframework.oxm.jaxb.Jaxb2Marshaller">
		<property name="contextPaths">
			<list>
				<value>au.com.westpac.gn.arrangementreporting.services.arrangementreporting.xsd.retrievegeneralinsurancearrangementdetails.v2.svc0520</value>
			</list>
		</property>  
	</bean> 	


	<bean id="esb2ServiceNew" scope="prototype" class="au.com.stgeorge.ibank.businessobject.esb2.ESB2ServiceImpl">
		<property name="esb2WebServiceTemplate" ref="esb2WebServiceTemplateNew" />
		<property name="esb2SrvEndPonts" ref="esb2SrvEndPonts"/>
		<property name="j2cUserTokenAliasName" value="ESB2UserTokenAliasName" />
	</bean>
	
	<bean id="esb2WebServiceTemplateNew" scope="prototype" class="org.springframework.ws.client.core.WebServiceTemplate">
		<constructor-arg ref="esb2MessageFactory" />
		<property name="marshaller" ref="esb2JAXbMarshaller" />
		<property name="unmarshaller" ref="esb2JAXbMarshaller" />
		<property name="defaultUri" value="https://dp-ma.sit1.esb.srv.westpac.com.au:443/services/soap/createDepositArrangement/v2" />
		<property name="messageSender">
			<ref bean="esb2messageSenderNew" />
		</property>
	<property name="interceptors">
			<list>
				<ref local="esb2Wwss4jSecurityInterceptor" />
			</list>
		</property>
	</bean>

	<bean id="esb2messageSenderNew" scope="prototype" class="org.springframework.ws.transport.http.HttpComponentsMessageSender"> 
        <property name="httpClient">
			<bean factory-bean="webSphereSSLContextFactoryNew" factory-method="getHttpClient"/>
		</property>
		<property name="connectionTimeout" value="12000"/>
        <property name="readTimeout" value="12000"/>
	</bean> 		
	
	
	
	<bean id="webSphereSSLContextFactoryNew" scope="prototype" class="au.com.stgeorge.ibank.businessobject.esb2.WebSphereSSLContextFactory">
		<constructor-arg type="java.lang.String" value="esb2SSLConfig"/>
		<property name="maxConnection" value="20"/>
        <property name="maxConnectionPerRoute" value="10"/>
	</bean>  

	
</beans>