<?xml version="1.0" encoding="UTF-8"?>
<beans default-init-method="init"
  xmlns="http://www.springframework.org/schema/beans"
       xmlns:xsi="http://www.w3.org/2001/XMLSchema-instance"
       xmlns:aop="http://www.springframework.org/schema/aop"
       xmlns:tx="http://www.springframework.org/schema/tx"
       xmlns:flow="http://www.springframework.org/schema/webflow-config"
     xmlns:jee="http://www.springframework.org/schema/jee"
       xmlns:util="http://www.springframework.org/schema/util"
       xsi:schemaLocation="
           http://www.springframework.org/schema/beans
           http://www.springframework.org/schema/beans/spring-beans-3.0.xsd
       http://www.springframework.org/schema/jee 
           http://www.springframework.org/schema/jee/spring-jee-3.0.xsd
           http://www.springframework.org/schema/util 
           http://www.springframework.org/schema/util/spring-util-3.0.xsd"> 


<bean id="stgSecurityServiceWithTripleDES" class="au.com.stgeorge.security.impl.StgSecurityServiceImpl">
    <property name="signing">
	      <ref local="signing" />
    </property>
    <property name="encryption">
	      <ref local="encryptionWithTripleDES" />
    </property>
</bean>

<bean id="stgSecurityServiceWithAES" class="au.com.stgeorge.security.impl.StgSecurityServiceImpl">
    <property name="signing">
	      <ref local="signing" />
    </property>
    <property name="encryption">
	      <ref local="encryptionWithAES" />
    </property>
</bean>

<bean id="stgSecurityServiceCompressDataImpl" class="au.com.stgeorge.security.impl.StgSecurityServiceCompressDataImpl">
    <property name="signing">
	      <ref local="signing" />
    </property>
    <property name="encryption">
	      <ref local="encryptionWithAES" />
    </property>
</bean>

	
<bean id="signing" class="au.com.stgeorge.security.impl.SigningImpl">
  <property name="certPwdEncrypted" value="false"/> 
</bean>

<bean id="encryptionWithTripleDES" class="au.com.stgeorge.security.impl.TripleDESEncryptor"></bean>
<bean id="encryptionWithAES" class="au.com.stgeorge.security.impl.AESEncryptor"></bean>



<bean id="btEncryptionDigestService" class="au.com.stgeorge.ibank.businessobject.impl.EncryptionDigestServiceImpl">
	

	<property name="p12CertificateName" value="compasstobt.test.stgeorge.com.au.p12" />
	<property name="p12encryptedCertPwd" value="2H6cCJ3KjX/qk8j0TLXpSJlXOIjU1aUoMENcRFcM3jQ=" />

	<property name="p12CertficateAliasName" value="compass" />
	<property name="encryptedSecretKey" value="Mclq22NOMo6FFrCbkxwUgWUxQtWEhg+hz3vLuvzLhyM="/>
    <property name="stgSecurityService">
	      <ref local="stgSecurityServiceCompressDataImpl" />
    </property>
	<property name="requestParameters">
		<props>
			<prop key="RootNode">IDMInfo</prop>
			<!--  prop key="TargetResource">www.btsfl.com.au</prop>  -->			
			<prop key="Channel">online</prop>
			<prop key="expiryinminutes">999999</prop>
		</props>
	</property>
	<property name="encryptedFields">
		<list>
			<value>CustomerId</value>
			<value>ExtendedAccountNumber</value>
		</list>
	</property>
</bean>

<bean id="btJWTHelper"   class="au.com.stgeorge.ibank.util.JWTHelper">
      <property name="certificateName" value="compasstobtmobiletest.stgeorge.com.au.p12" /><!--online-dev.btfin.com.pfx-->
      <!--<property name="encryptedCertPwd" value="Eh2cavYKDf7T8M3Et6Km3g==" />-->
	  <property name="encryptedCertPwd" value="2H6cCJ3KjX/qk8j0TLXpSJlXOIjU1aUoMENcRFcM3jQ="/>
      <property name="algName" value="RS512" />
      <property name="pubCertificateName" value="compasstobtmobiletest.stgeorge.com.au.cer" />
      <property name="encryptionDigestService">
            <ref local="btEncryptionDigestService" />
    </property>
      
</bean>

<bean id="mortgageJWTHelper"   class="au.com.stgeorge.ibank.util.JWTHelper">
	  <property name="certificateName" value="compasstodigitalmortgage.test.stgeorge.com.au.p12" />
	  <property name="encryptedCertPwd" value="2H6cCJ3KjX/qk8j0TLXpSJlXOIjU1aUoMENcRFcM3jQ="/>
      <property name="algName" value="RS512" />
      <property name="pubCertificateName" value="compasstodigitalmortgage.test.stgeorge.com.au.cer" />
      <property name="encryptionDigestService">
            <ref local="mortgageExistingCustomerEncryptionDigestService" />
      </property>      
</bean>

<bean id="livePersonJWTHelper"   class="au.com.stgeorge.ibank.util.JWTHelper">
	  <property name="certificateName" value="compasstolivepersonetest.stgeorge.com.au.p12" />
	  <property name="encryptedCertPwd" value="KfIZuRCNvv/JKUoC1aHwbQ=="/>
      <property name="algName" value="RS256" />
      <property name="pubCertificateName" value="compasstolivepersonetest.stgeorge.com.au.cer" />
      <property name="encryptionDigestService">
            <ref local="mortgageEncryptionDigestService" />
      </property>      
</bean>

<bean id="mortgageExistingCustomerEncryptionDigestService" class="au.com.stgeorge.ibank.businessobject.impl.EncryptionDigestServiceImpl">
	<property name="p12CertificateName" value="compasstodigitalmortgage.test.stgeorge.com.au.p12" />
	<property name="p12encryptedCertPwd" value="2H6cCJ3KjX/qk8j0TLXpSJlXOIjU1aUoMENcRFcM3jQ=" />
	<property name="p12CertficateAliasName" value="compass" />
	<property name="encryptedSecretKey" value="Mclq22NOMo6FFrCbkxwUgWUxQtWEhg+hz3vLuvzLhyM="/>
    <property name="stgSecurityService">
	      <ref local="stgSecurityServiceCompressDataImpl" />
    </property>	
	<property name="encryptedFields">
		<list>
			<value>CustomerId</value>			
		</list>
	</property>
</bean>

<bean id="mortgageEncryptionDigestService" class="au.com.stgeorge.ibank.businessobject.impl.EncryptionDigestServiceImpl">
		<property name="p12CertificateName" value="compasstobt.test.stgeorge.com.au.p12" />
		<property name="p12encryptedCertPwd" value="2H6cCJ3KjX/qk8j0TLXpSJlXOIjU1aUoMENcRFcM3jQ=" />

		<property name="p12CertficateAliasName" value="compass" />
		<property name="encryptedSecretKey" value="Mclq22NOMo6FFrCbkxwUgWUxQtWEhg+hz3vLuvzLhyM="/>
    	<property name="stgSecurityService">
	 	     <ref local="stgSecurityServiceCompressDataImpl" />
    	</property>
    		
		<property name="encryptedFields">
			<list>
				<value>CustomerId</value>			
			</list>
		</property>
</bean>

<bean id="hlsiEncryptionDigestService" class="au.com.stgeorge.ibank.businessobject.impl.EncryptionDigestServiceImpl">
	<property name="p12CertificateName" value="homeLoan.p12" />
	<property name="p12encryptedCertPwd" value="J9JjiHZrkf9LqBMZdxbORQ==" />
	<property name="p12CertficateAliasName" value="idmtest" />
	<property name="encryptedSecretKey" value="dTNymBugyH749MVyRzA/+KLbU8KWZIStOQLbL/DeAN8=" />
    <property name="stgSecurityService">
	      <ref local="stgSecurityServiceWithTripleDES" />
    </property>
	<property name="requestParameters">
		<props>
			<prop key="RootNode">Data</prop>
			<prop key="ExpiryTimeMinutes">9999999</prop>
		</props>
	</property>
	 <property name="encryptedFields">
		<list>
			<value>GCIS</value>
			<value>AccntNumber</value>
		</list>
	</property>
</bean>


<bean id="aceEncryptionDigestService" class="au.com.stgeorge.ibank.businessobject.impl.EncryptionDigestServiceImpl">
	<property name="compassKey" value="2pA91BqdgCK5Y1hsBDldqJlXOIjU1aUoMENcRFcM3jQ="/>
	<property name="compassIV" value="vZ7SBlWYrTDtelEkMNY6TJlXOIjU1aUoMENcRFcM3jQ="/>										
	<property name="encryptedSecretKey" value="Mclq22NOMo6FFrCbkxwUgehqAoy5LEhdc2+asCUMZ7c=" />
<!--	<property name="encryptedSecretKey" value="Mclq22NOMo6FFrCbkxwUgWUxQtWEhg+hz3vLuvzLhyM=" /> -->
	
	<property name="p12CertificateName" value="compasstoace.test.stgeorge.com.au.p12" />
	<property name="p12encryptedCertPwd" value="2H6cCJ3KjX/qk8j0TLXpSJlXOIjU1aUoMENcRFcM3jQ=" />
	<property name="p12CertficateAliasName" value="compass" />
    <property name="stgSecurityService">
	      <ref local="stgSecurityServiceWithAES" />
    </property>
	<property name="requestParameters">
		<props>
			<prop key="expmins">10</prop>
		</props>
	</property>

	<property name="encryptedFields">
		<list>
			<value>cis</value>
			<value>ghscis</value>
			<value>acctNum</value>			
		</list>
	</property>
	<property name="paramDelimiter" value="," />

</bean>



<bean id="simpleDigestServiceWithAES" class="au.com.stgeorge.ibank.businessobject.impl.SimpleDigestServiceImpl">
 <property name="encryptedSecretKey" value="Mclq22NOMo6FFrCbkxwUgWUxQtWEhg+hz3vLuvzLhyM=" />
    <property name="encryptionSrv">
       <ref local="encryptionWithAES" />
    </property>
</bean>


	<bean id="pinPointEncryptionDigestService" class="au.com.stgeorge.ibank.businessobject.impl.EncryptionDigestServiceImpl">
		<property name="p12CertificateName" value="compass_pinpoint.p12" />
		<property name="p12encryptedCertPwd" value="kJ+Y0kclLFexoSwch3HxIQ==" />
		<property name="p12CertficateAliasName" value="compass" />
		<property name="encryptedSecretKey" value="Mclq22NOMo6FFrCbkxwUgWUxQtWEhg+hz3vLuvzLhyM="/>
		<property name="stgSecurityService">
			<ref local="stgSecurityServiceCompressDataImpl" />
		</property>
		<property name="requestParameters">
			<props>
				<prop key="RootNode">IDMInfo</prop>
				<prop key="Channel">pinpoint</prop>
				<prop key="expiryinminutes">999999</prop>
			</props>
		</property>
		<property name="encryptedFields">
			<list>
				<value>CustomerId</value>
				<value>CardNumber</value>
			</list>
		</property>
	</bean>

<bean id="oaoEncryptionDigestService" class="au.com.stgeorge.ibank.businessobject.impl.EncryptionDigestServiceImpl">
 <property name="encryptedSecretKey" value="Mclq22NOMo6FFrCbkxwUgWUxQtWEhg+hz3vLuvzLhyM=" />
 <property name="p12CertificateName" value="compasstooaf.test.stgeorge.com.au.p12" />
 <property name="p12encryptedCertPwd" value="2H6cCJ3KjX/qk8j0TLXpSJlXOIjU1aUoMENcRFcM3jQ=" />
 <property name="p12CertficateAliasName" value="compass" />
    <property name="stgSecurityService">
       <ref local="stgSecurityServiceWithAES" />
    </property>
 <property name="requestParameters">
  <props>
   <prop key="RootNode">IDMInfo</prop>
   <prop key="expiryinminutes">9999999</prop>
  </props>
 </property>
 
 <property name="encryptedFields">
  <list>
   <value>gcis</value>
  </list>
 </property>
</bean>

<bean id="compassAuthEncryptionDigestService" class="au.com.stgeorge.ibank.businessobject.impl.EncryptionDigestServiceImpl">
	<property name="encryptedSecretKey" value="oKqkjZUo6oKd1s3XDRN/qtq9eJSAZZwSKJXv/39ltpA=" />
	<property name="p12CertificateName" value="idmtest.pfx" />
	<property name="p12encryptedCertPwd" value="J9JjiHZrkf9LqBMZdxbORQ==" />
	<property name="p12CertficateAliasName" value="idmtest" />
    <property name="stgSecurityService">
	      <ref local="stgSecurityServiceWithAES" />
    </property>
	<property name="requestParameters">
		<props>
			<prop key="RootNode">IDMInfo</prop>
			<prop key="expiryinminutes">9999999</prop>
		</props>
	</property>

	<property name="encryptedFields">
		<list>
			<value>gcis</value>
		</list>
	</property>
</bean>

<bean id="p2pencryptionServiceWithAES" class="au.com.stgeorge.ibank.businessobject.impl.SimpleDigestServiceImpl">
 <property name="encryptedSecretKey" value="Mclq22NOMo6FFrCbkxwUgWUxQtWEhg+hz3vLuvzLhyM=" />
    <property name="encryptionSrv">
       <ref local="encryptionWithAES" />
    </property>
</bean>

<bean id="miBatchEncryptionServiceWithAES" class="au.com.stgeorge.ibank.businessobject.impl.SimpleDigestServiceImpl">
 <property name="encryptedSecretKey" value="Mclq22NOMo6FFrCbkxwUgWUxQtWEhg+hz3vLuvzLhyM=" />
    <property name="encryptionSrv">
       <ref local="encryptionWithAES" />
    </property>
</bean>

<bean id="homeLoanEncryptionDigestService" class="au.com.stgeorge.ibank.businessobject.impl.EncryptionDigestServiceImpl">
	<property name="encryptedSecretKey" value="Mclq22NOMo6FFrCbkxwUgWUxQtWEhg+hz3vLuvzLhyM="  />
	<property name="p12CertificateName" value="compasstoclas.test.stgeorge.com.au.p12" />
	<property name="p12encryptedCertPwd" value="2H6cCJ3KjX/qk8j0TLXpSJlXOIjU1aUoMENcRFcM3jQ=" />
	<property name="p12CertficateAliasName" value="compass" />
    <property name="stgSecurityService">
	      <ref local="stgSecurityServiceWithAES" />
    </property>
	<property name="requestParameters">
		<props>
			<prop key="RootNode">IDMInfo</prop>
			<prop key="expiryinminutes">20</prop>
		</props>
	</property>

	<property name="encryptedFields">
		<list>
			<value>gcis</value>
		</list>
	</property>
	
</bean>


<bean id="gcisEncryptionDigestService" class="au.com.stgeorge.ibank.businessobject.impl.EncryptionDigestServiceImpl">
	<property name="p12CertificateName" value="compass-gciskey.stg.com.p12" />
	<property name="p12encryptedCertPwd" value="yYRtrPPuqedHkshFKS43zw==" />
	<property name="p12CertficateAliasName" value="gcis-key" />
	<property name="encryptedSecretKey" value="Mclq22NOMo6FFrCbkxwUgWUxQtWEhg+hz3vLuvzLhyM="/>
    <property name="stgSecurityService">
	      <ref local="stgSecurityServiceWithAES" />
    </property>
	<property name="encryptedFields">
		<list>
			<value>gcis</value>
		</list>
	</property>
	<property name="paramDelimiter" value=" " />
</bean>

<bean id="switchingEncryptionDigestService" class="au.com.stgeorge.ibank.businessobject.impl.EncryptionDigestServiceImpl">
	<property name="p12CertificateName" value="compasstobtmobiletest.stgeorge.com.au.p12" />
	<property name="p12encryptedCertPwd" value="2H6cCJ3KjX/qk8j0TLXpSJlXOIjU1aUoMENcRFcM3jQ=" />
	<property name="p12CertficateAliasName" value="compass" />
	<property name="encryptedSecretKey" value="Mclq22NOMo6FFrCbkxwUgWUxQtWEhg+hz3vLuvzLhyM="/>
    <property name="stgSecurityService">
	      <ref local="stgSecurityServiceCompressDataImpl" />
    </property>
	<property name="requestParameters">
		<props>
			<prop key="RootNode">Data</prop>
			<prop key="Channel">online</prop>
			<prop key="expiryinminutes">999999</prop>
		</props>
	</property>
	<property name="encryptedFields">
		<list>
			<value>CustomerId</value>
			<value>Firstname</value>
            <value>Lastname</value>
            <value>emailAddress</value>
            <value>switchAccountNumber</value>
            <value>salaryAccountNumber</value>
		</list>
	</property>
</bean>


<bean id="switchingJWTHelper"   class="au.com.stgeorge.ibank.util.JWTHelper">
      <property name="certificateName" value="compasstobtmobiletest.stgeorge.com.au.p12" /><!--online-dev.btfin.com.pfx-->
      <!--<property name="encryptedCertPwd" value="Eh2cavYKDf7T8M3Et6Km3g==" /> -->
	  <property name="encryptedCertPwd" value="2H6cCJ3KjX/qk8j0TLXpSJlXOIjU1aUoMENcRFcM3jQ="/>
      <property name="algName" value="RS512" />
      <property name="encryptionDigestService">
                     <ref local="switchingEncryptionDigestService" />
    </property>
</bean>

<bean id="onlineRegJWTHelper"   class="au.com.stgeorge.ibank.util.JWTHelper">
     
      <property name="algName" value="RS512" />
      <property name="pubCertificateName" value="selfregistration.test.stgeorge.com.au.cer" />
      <property name="encryptionDigestService">
                     <ref local="onlineRegEncryptionDigestService" />
    </property>
</bean>

<bean id="onlineRegEncryptionDigestService" class="au.com.stgeorge.ibank.businessobject.impl.EncryptionDigestServiceImpl">
	<property name="encryptedSecretKey" value="Mclq22NOMo6FFrCbkxwUgWUxQtWEhg+hz3vLuvzLhyM="/>
    <property name="stgSecurityService">
	      <ref local="stgSecurityServiceCompressDataImpl" />
    </property>
</bean>


<bean id="eCorrEncryptionDigestService" class="au.com.stgeorge.ibank.businessobject.impl.EncryptionDigestServiceImpl">
      <property name="p12CertificateName" value="compasstobtmobiletest.stgeorge.com.au.p12" />
      <property name="p12encryptedCertPwd" value="2H6cCJ3KjX/qk8j0TLXpSJlXOIjU1aUoMENcRFcM3jQ=" />
      <property name="p12CertficateAliasName" value="compass" />
      <property name="encryptedSecretKey" value="Mclq22NOMo6FFrCbkxwUgWUxQtWEhg+hz3vLuvzLhyM="/>
    <property name="stgSecurityService">
            <ref local="stgSecurityServiceCompressDataImpl" />
    </property>
      <property name="requestParameters">
            <props>
                  <prop key="RootNode">Data</prop>
                  <prop key="Channel">online</prop>
                  
            </props>
      </property>
      <property name="encryptedFields">
            <list>
                  <value>GCISKey</value>
                  <value>DocumentId</value>
            </list>
      </property>
</bean>
<bean id="eCorrJWTHelper"   class="au.com.stgeorge.ibank.util.JWTHelper">
               <property name="certificateName" value="compasstobtmobiletest.stgeorge.com.au.p12" />
               <property name="encryptedCertPwd" value="2H6cCJ3KjX/qk8j0TLXpSJlXOIjU1aUoMENcRFcM3jQ=" />
               <property name="algName" value="RS512" />
               <property name="encryptionDigestService">
               <ref local="eCorrEncryptionDigestService" />
    </property>
</bean>

 <bean id="eFinanceJWTHelper"   class="au.com.stgeorge.ibank.util.JWTHelper">      
       <property name="algName" value="RS512" /> 
       <property name="pubCertificateName" value="acetocompass.test.stgeorge.com.au.cer" /> 
      <property name="encryptionDigestService"> 
         <ref local="aceEncryptionDigestService" /> 
     </property> 
 </bean> 

<bean id="aceJWTHelper"   class="au.com.stgeorge.ibank.util.JWTHelper">
               <property name="certificateName" value="compasstoace.test.stgeorge.com.au.p12" />
               <property name="encryptedCertPwd" value="2H6cCJ3KjX/qk8j0TLXpSJlXOIjU1aUoMENcRFcM3jQ=" />
               <property name="algName" value="RS512" />
               <property name="pubCertificateName" value="compasstoace.test.stgeorge.com.au.cer" />
               <property name="encryptionDigestService">
                     <ref local="aceEncryptionDigestService" />
    </property>
</bean>


<bean id="debitCardDisputeEncryptionDigestService" class="au.com.stgeorge.ibank.businessobject.impl.EncryptionDigestServiceImpl">
       <property name="compassKey" value="2pA91BqdgCK5Y1hsBDldqJlXOIjU1aUoMENcRFcM3jQ="/>
	   <property name="compassIV" value="vZ7SBlWYrTDtelEkMNY6TJlXOIjU1aUoMENcRFcM3jQ="/>	
       <property name="p12CertificateName" value="compasstobtmobiletest.stgeorge.com.au.p12" />
      <property name="p12encryptedCertPwd" value="2H6cCJ3KjX/qk8j0TLXpSJlXOIjU1aUoMENcRFcM3jQ=" />
      <property name="p12CertficateAliasName" value="compass" />
      <property name="encryptedSecretKey" value="Mclq22NOMo6FFrCbkxwUgWUxQtWEhg+hz3vLuvzLhyM="/>
    <property name="stgSecurityService">
            <ref local="stgSecurityServiceCompressDataImpl" />
    </property>
      <property name="requestParameters">
            <props>
                  <prop key="RootNode">Data</prop>
                  <prop key="Channel">online</prop>
                  
            </props>
      </property>
      <property name="encryptedFields">
            <list>
                  <value>GCISKey</value>
                  <!-- <value>Channel</value>
                  <value>ContactDetails</value>
                  <value>PreferredMethod</value>
                  <value>BSBNumber</value>
                  <value>AccountNumber</value>
                  <value>TransactionAmount</value>
                  <value>TransactionDate</value>
                  <value>PostingDate</value>
                  <value>Description</value>
                  <value>BankingMedium</value> -->
                  
            </list>
      </property>
      
</bean>

<bean id="debitCardDisputeJWTHelper"   class="au.com.stgeorge.ibank.util.JWTHelper">
               <property name="certificateName" value="compasstobtmobiletest.stgeorge.com.au.p12" />
               <property name="encryptedCertPwd" value="2H6cCJ3KjX/qk8j0TLXpSJlXOIjU1aUoMENcRFcM3jQ=" />
               <property name="algName" value="RS512" />
               <property name="encryptionDigestService">
               <ref local="debitCardDisputeEncryptionDigestService" />
    </property>
</bean>




<bean id="creditCardDisputeEncryptionDigestService" class="au.com.stgeorge.ibank.businessobject.impl.EncryptionDigestServiceImpl">
       <property name="compassKey" value="2pA91BqdgCK5Y1hsBDldqJlXOIjU1aUoMENcRFcM3jQ="/>
	   <property name="compassIV" value="vZ7SBlWYrTDtelEkMNY6TJlXOIjU1aUoMENcRFcM3jQ="/>	
       <property name="p12CertificateName" value="compasstobtmobiletest.stgeorge.com.au.p12" />
       <property name="p12encryptedCertPwd" value="2H6cCJ3KjX/qk8j0TLXpSJlXOIjU1aUoMENcRFcM3jQ=" />
       <property name="p12CertficateAliasName" value="compass" />
       <property name="encryptedSecretKey" value="Mclq22NOMo6FFrCbkxwUgWUxQtWEhg+hz3vLuvzLhyM="/>
    <property name="stgSecurityService">
            <ref local="stgSecurityServiceCompressDataImpl" />
    </property>
      <property name="requestParameters">
            <props>
                  <prop key="RootNode">Data</prop>
                  <prop key="Channel">online</prop>
                  
            </props>
      </property>
      <property name="encryptedFields">
            <list>
                  <value>GCISKey</value>
                  <value>CreditCardNumber</value>
                  <!-- <value>Channel</value>
                  <value>ContactDetails</value>
                  <value>PreferredMethod</value>
                  <value>BSBNumber</value>
                  <value>TransactionAmount</value>
                  <value>TransactionDate</value>
                  <value>PostingDate</value>
                  <value>Description</value>
                  <value>BankingMedium</value> -->
                  
            </list>
      </property>
      
</bean>

<bean id="creditCardDisputeJWTHelper"   class="au.com.stgeorge.ibank.util.JWTHelper">
               <property name="certificateName" value="compasstobtmobiletest.stgeorge.com.au.p12" />
               <property name="encryptedCertPwd" value="2H6cCJ3KjX/qk8j0TLXpSJlXOIjU1aUoMENcRFcM3jQ=" />
               <property name="algName" value="RS512" />
               <property name="encryptionDigestService">
               <ref local="creditCardDisputeEncryptionDigestService" />
    </property>
</bean>
<bean id="cshAppTrackerJWTHelper"   class="au.com.stgeorge.ibank.util.JWTHelper">
	  <property name="certificateName" value="compasstochs.test.stgeorge.com.au.p12" />
	  <property name="encryptedCertPwd" value="2H6cCJ3KjX/qk8j0TLXpSJlXOIjU1aUoMENcRFcM3jQ="/>
      <property name="algName" value="RS256" />
      <property name="pubCertificateName" value="compasstocsh.test.stgeorge.com.au.cer" />
      <property name="encryptionDigestService">
            <ref local="cshEncryptionDigestService" />
      </property>      
</bean>
<bean id="cshEncryptionDigestService" class="au.com.stgeorge.ibank.businessobject.impl.EncryptionDigestServiceImpl">
      <property name="p12CertificateName" value="compasstochs.test.stgeorge.com.au.p12" />
      <property name="p12encryptedCertPwd" value="2H6cCJ3KjX/qk8j0TLXpSJlXOIjU1aUoMENcRFcM3jQ=" />
      <property name="p12CertficateAliasName" value="compass" />
      <property name="encryptedSecretKey" value="Mclq22NOMo6FFrCbkxwUgWUxQtWEhg+hz3vLuvzLhyM="/>
      <property name="stgSecurityService">
            <ref local="stgSecurityServiceCompressDataImpl" />
      </property>
      <property name="encryptedFields">
            <list>
               <value>state</value>
		       <value>trackerId</value>
		       <value>sessionIndex</value>
		       <value>nonce</value>
            </list>
      </property>
</bean>
<bean id="fileshareSamlCert"   class="au.com.stgeorge.ibank.util.JWTHelper">
     <property name="certificateName" value="compasstofileshare.test.stgeorge.com.au.p12" />
     <property name="encryptedCertPwd" value="s4MVP9OfZEdcBlFbdRWJquFj8Y5pKOt0xdcKmXx9k1I3s9q9ImK4E+HDSA5TxvbW" />
     <property name="algName" value="RS512" />
     <property name="pubCertificateName" value="compasstofileshare.test.stgeorge.com.au.cer" />              
</bean>

<bean id="livePersonJWEHelper"   class="au.com.stgeorge.ibank.util.JWEHelper">
     <property name="pubCertificateName" value="lpsso2020.prod.cer" />
     <property name="alg" value="RSA-OAEP-256" />
     <property name="enc" value="A256GCM" />
     
</bean>

	<bean id="mgrpSamlCert"   class="au.com.stgeorge.ibank.util.JWTHelper">
	     <property name="certificateName" value="compasstomastercard.test.stgeorge.com.au.p12" />
	     <property name="encryptedCertPwd" value="YsN4bSfuI8pfPk6H6xo0ig==" />
	     <property name="algName" value="RS512" />
	     <property name="pubCertificateName" value="compasstomastercard.test.stgeorge.com.au.cer" />       
	     <property name="alias" value="compasstomastercardtest" />           
	</bean>
	
</beans>
