
<!DOCTYPE tiles-definitions PUBLIC
       "-//Apache Software Foundation//DTD Tiles Configuration 3.0//EN"
       "http://tiles.apache.org/dtds/tiles-config_3_0.dtd">
<tiles-definitions>

	<!-- Index page description  -->

	  <definition name="ibank3.mainLayout" template="/jsp/ibank3/common/mainLayout.jsp">
	      <put-attribute name="title"  value="TestPage"/>
	      <put-attribute name="header" value="/jsp/ibank3/common/header.jsp"/>
	      <put-attribute name="menu"   value="/jsp/ibank3/common/menu.jsp"/>
	      <put-attribute name="footer"   value="/jsp/ibank3/common/footer.jsp"/>
	    <put-attribute name="body"   value="/jsp/ibank3/views/jsp/hello.jsp"/>    
	  </definition>

	  <definition name="student" template="/jsp/ibank3/common/mainLayout.jsp">
	      <put-attribute name="title"  value="TestPage"/>
	      <put-attribute name="header" value="/jsp/ibank3/common/header.jsp"/>
	      <put-attribute name="menu"   value="/jsp/ibank3/common/menu.jsp"/>
	      <put-attribute name="footer"   value="/jsp/ibank3/common/footer.jsp"/>
	    <put-attribute name="body"   value="/jsp/ibank3/views/jsp/student.jsp"/>    
	  </definition>

	  <definition name="result" template="/jsp/ibank3/common/mainLayout.jsp">
	      <put-attribute name="title"  value="TestPage"/>
	      <put-attribute name="header" value="/jsp/ibank3/common/header.jsp"/>
	      <put-attribute name="menu"   value="/jsp/ibank3/common/menu.jsp"/>
	      <put-attribute name="footer"   value="/jsp/ibank3/common/footer.jsp"/>
	    <put-attribute name="body"   value="/jsp/ibank3/views/jsp/result.jsp"/>    
	  </definition>

	  
	   <definition name="ibank3.externalLinkLayout" template="/jsp/ibank3/common/externalLinkLayout.jsp">
	      <put-attribute name="title"  value="Template"/>
	      <put-attribute name="header" value="/jsp/ibank3/common/header.jsp"/>
	      <put-attribute name="menu"   value="/jsp/ibank3/common/menu.jsp"/>
	      <put-attribute name="body"   value="/jsp/ibank3/common/body.jsp"/>
	      <put-attribute name="footer"   value="/jsp/ibank3/common/footer.jsp"/>
	      <put-attribute name="menuOption" 		value="0" />
	  </definition>
	  
	  <definition name="ibank3.splashPageLayout" template="/jsp/ibank3/common/splashPageLayout.jsp">
	      <put-attribute name="title"  value="Template"/>
	      <put-attribute name="header" value="/jsp/ibank3/common/header.jsp"/>
	      <put-attribute name="menu"   value="/jsp/ibank3/common/menu.jsp"/>
	      <put-attribute name="body"   value="/jsp/ibank3/common/body.jsp"/>
	      <put-attribute name="footer"   value="/jsp/ibank3/common/footer.jsp"/>
	      <put-attribute name="menuOption" 		value="0" />
	  </definition>
	  
	  <definition name="ibank3.error.page" template="/jsp/ibank3/views/jsp/error/userError.jsp">  
	  </definition>
	  
	  <definition name="ibank3.accessDeny.page" template="/jsp/ibank3/views/jsp/error/accessDeny.jsp">  
	  </definition>
	  
	   <definition name="ibank3.redirectToLite" template="/jsp/ibank3/common/redirectToLite.jsp">  
	  </definition>
	  
	<definition name="ibank3.fileshareOpenPortal" template="/jsp/ibank3/views/jsp/customer/fileshareOpenPortal.jsp">
	</definition>  
	
	
	
	
		
</tiles-definitions>


