<?xml version="1.0" encoding="UTF-8" ?>
<!DOCTYPE tiles-definitions PUBLIC
	"-//Apache Software Foundation//DTD Tiles Configuration 3.0//EN"
	"http://tiles.apache.org/dtds/tiles-config_3_0.dtd">

<tiles-definitions>	
	 <!-- 18E1 : CRS product Ready splash page -->
	<definition name="ibank3.crsHardPromptSplash" extends="ibank3.externalLinkLayout">		
	  <put-attribute name="title" value="Provide Tax Residency"/>
	  <put-attribute name="body" value="/jsp/ibank3/views/jsp/customer/crs/crsHardPromptSplash.jsp" />
	  <put-attribute name="screenId" 		value="" />
	  <put-attribute name="menuOption" 		value="" />
	</definition>
	
	<definition name="ibank3.crsHardPromptInput" extends="ibank3.externalLinkLayout">		
	  <put-attribute name="title" value="Provide Tax Residency"/>
	  <put-attribute name="body" value="/jsp/ibank3/views/jsp/customer/crs/crsHardPromptSplashInput.jsp" />
	  <put-attribute name="screenId" 		value="" />
	  <put-attribute name="menuOption" 		value="" />
	</definition>
	
	<definition name="ibank3.crsProvideLaterReceipt" extends="ibank3.externalLinkLayout">		
	  <put-attribute name="title" value="Provide Tax Residency"/>
	  <put-attribute name="body" value="/jsp/ibank3/views/jsp/customer/crs/crsProvideLaterReceipt.jsp" />
	  <put-attribute name="screenId" 		value="" />
	  <put-attribute name="menuOption" 		value="" />
	</definition>
	
	<definition name="ibank3.crsHardPromptConfirmReceipt" extends="ibank3.externalLinkLayout">		
	  <put-attribute name="title" value="Provide Tax Residency"/>
	  <put-attribute name="body" value="/jsp/ibank3/views/jsp/customer/crs/crsHardPromptConfirmReceipt.jsp" />
	  <put-attribute name="screenId" 		value="" />
	  <put-attribute name="menuOption" 		value="" />
	</definition>
	
	<!-- 18E1 : CRS Maintenance Start -->
	
	<definition name="ibank3.crsMaintenanceUpdate" extends="ibank3.mainLayout">		
	  <put-attribute name="title" value="Tax Residency Information"/>
	  <put-attribute name="body" value="/jsp/ibank3/views/jsp/customer/crs/crsMaintenanceUpdate.jsp" />
	  <put-attribute name="helpMenu" 		value="MyInformation" />
	  <put-attribute name="helpFunction" 	value="taxidentificationinformation" />
	  <put-attribute name="helpSteps" 		value="" />
	  <put-attribute name="screenId" 		value="crsMaintenanceMain" />
	  <put-attribute name="menuOption" 		value="4" />	    
	</definition>
	
	<definition name="ibank3.crsMaintenanceView" extends="ibank3.mainLayout">		
	  <put-attribute name="title" value="Tax Residency Information"/>
	  <put-attribute name="body" value="/jsp/ibank3/views/jsp/customer/crs/crsMaintenanceView.jsp" />
	  <put-attribute name="helpMenu" 		value="MyInformation" />
	  <put-attribute name="helpFunction" 	value="taxidentificationinformation" />
	  <put-attribute name="helpSteps" 		value="" />
	  <put-attribute name="screenId" 		value="crsMaintenanceView" />
	  <put-attribute name="menuOption" 		value="4" />	    
	</definition>
	
	<definition name="ibank3.crsMaintenanceSecure" extends="ibank3.mainLayout">		
	  <put-attribute name="title" value="Tax Residency Information"/>
	  <put-attribute name="body" value="/jsp/ibank3/views/jsp/customer/crs/crsMaintenanceSecure.jsp" />
	  <put-attribute name="helpMenu" 		value="MyInformation" />
	  <put-attribute name="helpFunction" 	value="taxidentificationinformation" />
	  <put-attribute name="helpSteps" 		value="" />
	  <put-attribute name="screenId" 		value="crsMaintenanceSecure" />
	  <put-attribute name="menuOption" 		value="4" />	    
	</definition>
	
	<definition name="ibank3.crsMaintenanceSecureVerified" extends="ibank3.mainLayout">		
	  <put-attribute name="title" value="Tax Residency Information"/>
	  <put-attribute name="body" value="/jsp/ibank3/views/jsp/customer/crs/crsMaintenanceVerifySuccess.jsp" />
	  <put-attribute name="helpMenu" 		value="MyInformation" />
	  <put-attribute name="helpFunction" 	value="taxidentificationinformation" />
	  <put-attribute name="helpSteps" 		value="" />
	  <put-attribute name="screenId" 		value="crsMaintenanceSecure" />
	  <put-attribute name="menuOption" 		value="4" />	    
	</definition>
	
	<definition name="ibank3.crsMaintenanceGlobalByPass" extends="ibank3.mainLayout">		
	  <put-attribute name="title" value="Tax Residency Information"/>
	  <put-attribute name="body" value="/jsp/ibank3/views/jsp/customer/crs/crsGlobalByPassError.jsp" />
	  <put-attribute name="helpMenu" 		value="MyInformation" />
	  <put-attribute name="helpFunction" 	value="taxidentificationinformation" />
	  <put-attribute name="helpSteps" 		value="" />
	  <put-attribute name="screenId" 		value="crsMaintenanceSecure" />
	  <put-attribute name="menuOption" 		value="4" />	    
	</definition>
	
	
	<!-- 18E1 : CRS Maintenance End -->	
	<!-- 18E1 : Ecorrespondance Start-->
	
	<definition name="ibank3.eCorrSplash" extends="ibank3.externalLinkLayout">		
	  <put-attribute name="title" value="Ecorrespondance Splash"/>
	  <put-attribute name="body" value="/jsp/ibank3/views/jsp/customer/eCorrSplash.jsp" />
	  <put-attribute name="screenId" 		value="" />
	  <put-attribute name="menuOption" 		value="" />
	</definition>
	
	<!-- 18E1 : Ecorrespondance Start-->
	
	<definition name="ibank3.paymentHistoryView" extends="ibank3.mainLayout">		
	  <put-attribute name="title" value="Internet Payment Receipts"/>
	  <put-attribute name="body" value="/jsp/ibank3/views/jsp/customer/paymenthistory/viewPaymentHistory.jsp" />
	  <put-attribute name="whatNext" value="/jsp/common/whatNext.jsp" />
	  <put-attribute name="helpMenu" 		value="TransferandPayment" />
	  <put-attribute name="helpFunction" 	value="PaymentHistory" />
	  <put-attribute name="helpSteps" 	value="" />
	  <put-attribute name="screenId" 		value="intPaymentHistory" />
	  <put-attribute name="menuOption" 		value="1" />
	</definition>
	
	<definition name="ibank3.paymentHistoryDetails" extends="ibank3.mainLayout">		
	  <put-attribute name="title" value="Payment Receipt"/>
	  <put-attribute name="body" value="/jsp/ibank3/views/jsp/customer/paymenthistory/viewPaymentHistoryDetails.jsp" />
	  <put-attribute name="whatNext" value="/jsp/common/whatNext.jsp" />
	  <put-attribute name="helpMenu" 		value="TransferandPayment" />
	  <put-attribute name="helpFunction" 	value="PaymentHistory" />
	  <put-attribute name="helpSteps" 	value="" />
	  <put-attribute name="screenId" 		value="intPaymentHistory" />
	  <put-attribute name="menuOption" 		value="1" />	    
	</definition>
	
	<definition name="ibank3.safiChallenge" extends="ibank3.externalLinkLayout">		
	  <put-attribute name="title" value="Safi Challenge"/>
	  <put-attribute name="body" value="/jsp/ibank3/views/jsp/customer/safiChallenge.jsp" />
	  <put-attribute name="screenId" 		value="" />
	  <put-attribute name="menuOption" 		value="" />
	</definition>
	
	<definition name="ibank3.payToPayIdLandingPage" extends="ibank3.mainLayout">
	  <put-attribute name="title" value="Pay to PayID"/>
	  <put-attribute name="body" value="/jsp/ibank3/views/jsp/payid/payToPayId.jsp" />
	  <put-attribute name="helpMenu" 		value="TransferandPayment" />
	  <put-attribute name="helpFunction" 	value="PayToPayId" />
	  <put-attribute name="helpSteps" 	value="" />
	  <put-attribute name="screenId" 		value="intPayToPayId" />
	  <put-attribute name="menuOption" 		value="1" />
	</definition>
	
	<definition name="ibank3.payToPayIdReviewPage" extends="ibank3.mainLayout">
	  <put-attribute name="title" value="Pay to PayID"/>
	  <put-attribute name="body" value="/jsp/ibank3/views/jsp/payid/payToPayIdReview.jsp" />
	  <put-attribute name="helpMenu" 		value="TransferandPayment" />
	  <put-attribute name="helpFunction" 	value="PayToPayId" />
	  <put-attribute name="helpSteps" 	value="" />
	  <put-attribute name="screenId" 		value="intPayToPayId" />
	  <put-attribute name="menuOption" 		value="1" />
	</definition>
	
	<definition name="ibank3.payToPayIdReceiptPage" extends="ibank3.mainLayout">
	  <put-attribute name="title" value="Pay to PayID"/>
	  <put-attribute name="body" value="/jsp/ibank3/views/jsp/payid/payToPayIdReceipt.jsp" />
	  <put-attribute name="helpMenu" 		value="TransferandPayment" />
	  <put-attribute name="helpFunction" 	value="PayToPayId" />
	  <put-attribute name="helpSteps" 	value="" />
	  <put-attribute name="screenId" 		value="intPayToPayId" />
	  <put-attribute name="menuOption" 		value="1" />
	</definition>
	
	<definition name="ibank3.payToPayIdDuplicatePage" extends="ibank3.mainLayout">
	  <put-attribute name="title" value="Pay to PayID"/>
	  <put-attribute name="body" value="/jsp/ibank3/views/jsp/payid/payToPayIdDuplicate.jsp" />
	  <put-attribute name="helpMenu" 		value="TransferandPayment" />
	  <put-attribute name="helpFunction" 	value="PayToPayId" />
	  <put-attribute name="helpSteps" 	value="" />
	  <put-attribute name="screenId" 		value="intPayToPayId" />
	  <put-attribute name="menuOption" 		value="1" />
	</definition>
	
	<definition name="ibank3.payToPayIdNotAvailablePage" extends="ibank3.mainLayout">
	  <put-attribute name="title" value="Pay to PayID"/>
	  <put-attribute name="body" value="/jsp/ibank3/views/jsp/payid/payToPayIdNotAvailable.jsp" />
	  <put-attribute name="helpMenu" 		value="TransferandPayment" />
	  <put-attribute name="helpFunction" 	value="PayToPayId" />
	  <put-attribute name="helpSteps" 	value="" />
	  <put-attribute name="screenId" 		value="intPayToPayId" />
	  <put-attribute name="menuOption" 		value="1" />
	</definition>
	
	<definition name="ibank3.payToPayIdSafiDenyPage" extends="ibank3.mainLayout">
	  <put-attribute name="title" value="Pay to PayID"/>
	  <put-attribute name="body" value="/jsp/ibank3/views/jsp/payid/payToPayIdSafiDeny.jsp" />
	  <put-attribute name="helpMenu" 		value="TransferandPayment" />
	  <put-attribute name="helpFunction" 	value="PayToPayId" />
	  <put-attribute name="helpSteps" 	value="" />
	  <put-attribute name="screenId" 		value="intPayToPayId" />
	  <put-attribute name="menuOption" 		value="1" />
	</definition>

	<definition name="ibank3.managePayIdLandingPage" extends="ibank3.mainLayout">
	  <put-attribute name="title" value="PayID Settings"/>
	  <put-attribute name="body" value="/jsp/ibank3/views/jsp/payid/managePayId.jsp" />
	  <put-attribute name="helpMenu" 		value="TransferandPayment" />
	  <put-attribute name="helpFunction" 	value="PayIDRegistration" />
	  <put-attribute name="helpSteps" 	value="Details" />
	  <put-attribute name="screenId" 		value="intPayIdSettings" />
	  <put-attribute name="menuOption" 		value="1" />
	</definition>
	
	<definition name="ibank3.payIdCreationPage" extends="ibank3.mainLayout">
	  <put-attribute name="title" value="PayID Settings"/>
	  <put-attribute name="body" value="/jsp/ibank3/views/jsp/payid/managePayIdCreation.jsp" />
	  <put-attribute name="helpMenu" 		value="TransferandPayment" />
	  <put-attribute name="helpFunction" 	value="PayIDRegistration" />
	  <put-attribute name="helpSteps" 	value="Details" />
	  <put-attribute name="screenId" 		value="intPayIdSettings" />
	  <put-attribute name="menuOption" 		value="1" />
	</definition>
	
	<definition name="ibank3.payIdCreationPage.updateFlow" extends="ibank3.mainLayout">
	  <put-attribute name="title" value="PayID Settings"/>
	  <put-attribute name="body" value="/jsp/ibank3/views/jsp/payid/managePayIdCreation.jsp" />
	  <put-attribute name="helpMenu" 		value="TransferandPayment" />
	  <put-attribute name="helpFunction" 	value="PayID" />
	  <put-attribute name="helpSteps" 	value="Details" />
	  <put-attribute name="screenId" 		value="intPayIdSettings" />
	  <put-attribute name="menuOption" 		value="1" />
	</definition>
	
	<definition name="ibank3.updatePayIdSecurePage" extends="ibank3.mainLayout">
	  <put-attribute name="title" value="PayID Settings"/>
	  <put-attribute name="body" value="/jsp/ibank3/views/jsp/payid/updatePayIdSecure.jsp" />
	  <put-attribute name="helpMenu" 		value="TransferandPayment" />
	  <put-attribute name="helpFunction" 	value="PayID" />
	  <put-attribute name="helpSteps" 	value="Details" />
	  <put-attribute name="screenId" 		value="intPayIdSettings" />
	  <put-attribute name="menuOption" 		value="1" />
	</definition>
	
	<definition name="ibank3.payIdSettingsSecure" extends="ibank3.mainLayout">
       <put-attribute name="title" value="PayID Settings Secure Code"/>          
       <put-attribute name="body" value="/jsp/ibank3/views/jsp/payid/managePayIdSecure.jsp" />
       <put-attribute name="helpMenu" value="TransferandPayment" />
       <put-attribute name="helpFunction" value="PayIDRegistration" />
       <put-attribute name="helpSteps" value="Details" />
       <put-attribute name="screenId" value="intPayIdSettings" />
       <put-attribute name="menuOption" value="1" />
     </definition> 
		  
	<definition name="ibank3.managePayIdReceiptPage" extends="ibank3.mainLayout">
	  <put-attribute name="title" value="PayID Settings"/>
	  <put-attribute name="body" value="/jsp/ibank3/views/jsp/payid/managePayIdReceipt.jsp" />
	  <put-attribute name="helpMenu" 		value="TransferandPayment" />
	  <put-attribute name="helpFunction" 	value="PayIDRegistration" />
	  <put-attribute name="helpSteps" 	value="Details" />
	  <put-attribute name="screenId" 		value="intPayIdSettings" />
	  <put-attribute name="menuOption" 		value="1" />
	</definition>
	
	<definition name="ibank3.managePayIdReceiptPage.updateFlow" extends="ibank3.mainLayout">
	  <put-attribute name="title" value="PayID Settings"/>
	  <put-attribute name="body" value="/jsp/ibank3/views/jsp/payid/managePayIdReceipt.jsp" />
	  <put-attribute name="helpMenu" 		value="TransferandPayment" />
	  <put-attribute name="helpFunction" 	value="PayID" />
	  <put-attribute name="helpSteps" 	value="Details" />
	  <put-attribute name="screenId" 		value="intPayIdSettings" />
	  <put-attribute name="menuOption" 		value="1" />
	</definition>
	
	<definition name="ibank3.managePayIdErrorPage" extends="ibank3.mainLayout">
	  <put-attribute name="title" value="Manage PayId"/>
	  <put-attribute name="body" value="/jsp/ibank3/views/jsp/payid/managePayIdError.jsp" />
	  <put-attribute name="helpMenu" 		value="TransferandPayment" />
	  <put-attribute name="helpFunction" 	value="PayIDRegistration" />
	  <put-attribute name="helpSteps" 	value="Details" />
	  <put-attribute name="screenId" 		value="intPayToPayId" />
	  <put-attribute name="menuOption" 		value="1" />
	</definition>
	
	<definition name="ibank3.manageABNPayIdErrorPage" extends="ibank3.mainLayout">
	  <put-attribute name="title" value="Manage PayId"/>
	  <put-attribute name="body" value="/jsp/ibank3/views/jsp/payid/manageABNPayIdError.jsp" />
	  <put-attribute name="helpMenu" 		value="TransferandPayment" />
	  <put-attribute name="helpFunction" 	value="PayIDRegistration" />
	  <put-attribute name="helpSteps" 	value="Details" />
	  <put-attribute name="screenId" 		value="intPayToPayId" />
	  <put-attribute name="menuOption" 		value="1" />
	</definition>
	
	<definition name="ibank3.manageMobilePayIdErrorPage" extends="ibank3.mainLayout">
	  <put-attribute name="title" value="Manage PayId"/>
	  <put-attribute name="body" value="/jsp/ibank3/views/jsp/payid/manageMobilePayIdError.jsp" />
	  <put-attribute name="helpMenu" 		value="TransferandPayment" />
	  <put-attribute name="helpFunction" 	value="PayIDRegistration" />
	  <put-attribute name="helpSteps" 	value="Details" />
	  <put-attribute name="screenId" 		value="intPayToPayId" />
	  <put-attribute name="menuOption" 		value="1" />
	</definition>
		
	<definition name="ibank3.payToPayIdSecurePage" extends="ibank3.mainLayout">
	  <put-attribute name="title" value="Pay to PayID"/>
	  <put-attribute name="body" value="/jsp/ibank3/views/jsp/payid/payToPayIdSecure.jsp" />
	  <put-attribute name="helpMenu" 		value="TransferandPayment" />
	  <put-attribute name="helpFunction" 	value="PayToPayId" />
	  <put-attribute name="helpSteps" 	value="" />
	  <put-attribute name="screenId" 		value="intPayToPayId" />
	  <put-attribute name="menuOption" 		value="1" />
	</definition>
	
	<definition name="ibank3.payIdResolutionSecurePage" extends="ibank3.mainLayout">
	  <put-attribute name="title" value="Pay to PayID"/>
	  <put-attribute name="body" value="/jsp/ibank3/views/jsp/payid/payIdResolutionSecure.jsp" />
	  <put-attribute name="helpMenu" 		value="TransferandPayment" />
	  <put-attribute name="helpFunction" 	value="PayToPayId" />
	  <put-attribute name="helpSteps" 	value="" />
	  <put-attribute name="screenId" 		value="intPayToPayId" />
	  <put-attribute name="menuOption" 		value="1" />
	</definition>
	
	<definition name="ibank3.loanIncompleteAppl" extends="ibank3.externalLinkLayout">
  		<put-attribute name="title"  value="Close Session"/>  		
	  	<put-attribute name="body" value="/jsp/ibank3/views/jsp/customer/loanApplicationIncomplete.jsp" />
	  	<put-attribute name="screenId" 		value="" />
	 	<put-attribute name="menuOption" 		value="" />    
    </definition> 
    
	 <definition name="ibank3.viewLoanApplicationStatus.page" extends="ibank3.mainLayout">
	      <put-attribute name="title"  value="Application Details"/>
	      <put-attribute name="menuOption" 		value="0" />
	      	<put-attribute name="helpMenu" 		value="TransferandPayment" />
			<put-attribute name="helpFunction" 	value="TranHistory" />
			<put-attribute name="helpSteps" 	value="" />	      
	      <put-attribute name="body"   value="/jsp/ibank3/views/jsp/customer/loanApplicationStatus.jsp"/>      
	  </definition>
	  
	 <definition name="ibank3.viewLoanApplicationStatusVerify.page" extends="ibank3.mainLayout">
	      <put-attribute name="title"  value="Verify Information"/>
	      <put-attribute name="menuOption" 		value="0" />
	      	<put-attribute name="helpMenu" 		value="AccountInformation" />
			<put-attribute name="helpFunction" 	value="MyAccount" />
			<put-attribute name="helpSteps" 	value="Details" />	   
	      <put-attribute name="body"   value="/jsp/ibank3/views/jsp/customer/loanApplicationStatusVerify.jsp"/>      
	  </definition>
	  
	 <!-- 19E2 : SavingsOnboarding Start-->
	
	<definition name="ibank3.savingsOnboardingSplash" extends="ibank3.splashPageLayout">		
	  <put-attribute name="title" value="SavingsOnboarding Splash"/>
	  <put-attribute name="body" value="/jsp/ibank3/views/jsp/customer/savingsOnboarding/savingsOnboardingSplash.jsp" />
	  <put-attribute name="screenId" 		value="" />
	  <put-attribute name="menuOption" 		value="" />
	</definition>
	
	<definition name="ibank3.matrixMigrationSplash" extends="ibank3.splashPageLayout">		
	  <put-attribute name="title" value="MatrixMigration Splash"/>
	  <put-attribute name="body" value="/jsp/ibank3/views/jsp/customer/matrixMigrationSplash.jsp" />
	  <put-attribute name="screenId" 		value="" />
	  <put-attribute name="menuOption" 		value="" />
	</definition>
	
	<definition name="ibank3.emailBounceBackSplash" extends="ibank3.splashPageLayout">		
	  <put-attribute name="title" value="EmailBounceBack Splash"/>
	  <put-attribute name="body" value="/jsp/ibank3/views/jsp/customer/emailBounceBackSplash.jsp" />
	  <put-attribute name="screenId" 		value="" />
	  <put-attribute name="menuOption" 		value="" />
	</definition>
	
	<definition name="ibank3.emailBounceBackConfirmSplash" extends="ibank3.splashPageLayout">		
	  <put-attribute name="title" value="EmailBounceBack Splash"/>
	  <put-attribute name="body" value="/jsp/ibank3/views/jsp/customer/emailBounceBackConfirmSplash.jsp" />
	  <put-attribute name="screenId" 		value="" />
	  <put-attribute name="menuOption" 		value="" />
	</definition>
	
	<definition name="ibank3.emailUpdationSplash" extends="ibank3.splashPageLayout">		
	  <put-attribute name="title" value="Email Migration Splash"/>
	  <put-attribute name="body" value="/jsp/ibank3/views/jsp/customer/emailUpdationSplash.jsp" />
	  <put-attribute name="screenId" 		value="" />
	  <put-attribute name="menuOption" 		value="" />
	</definition>
	
	<definition name="ibank3.savingsOnboardingDDAUnavailable" extends="ibank3.mainLayout">		
	  <put-attribute name="title" value="System Unavailable"/>
	  <put-attribute name="body" value="/jsp/ibank3/views/jsp/customer/savingsOnboarding/ddaUnavailable.jsp" />
	  <put-attribute name="menuOption" 		value="1" />
	  <put-attribute name="helpMenu" 		value="TransferandPayment" />
	</definition>
	
	<definition name="ibank3.savingsOnboardingTransferFailed" extends="ibank3.splashPageLayout">		
	  <put-attribute name="title" value="SavingsOnboarding Transfer Failed"/>
	  <put-attribute name="body" value="/jsp/ibank3/views/jsp/customer/savingsOnboarding/transferFailed.jsp" />
	  <put-attribute name="screenId" 		value="" />
	  <put-attribute name="menuOption" 		value="1" />
	</definition>
	  
	<definition name="ibank3.savingsOnboardingError" extends="ibank3.splashPageLayout">		
	  <put-attribute name="title" value="SavingsOnboarding Error Page"/>
	  <put-attribute name="body" value="/jsp/ibank3/views/jsp/customer/savingsOnboarding/error.jsp" />
	  <put-attribute name="screenId" 		value="" />
	  <put-attribute name="menuOption" 		value="1" />
	</definition>
	
	<definition name="ibank3.savingsOnboardingBatchModeError" extends="ibank3.splashPageLayout">		
	  <put-attribute name="title" value="SavingsOnboarding Batch Mode Error Page"/>
	  <put-attribute name="body" value="/jsp/ibank3/views/jsp/customer/savingsOnboarding/batchModeError.jsp" />
	  <put-attribute name="screenId" 		value="" />
	  <put-attribute name="menuOption" 		value="1" />
	</definition>
	  
	<definition name="ibank3.savingsOnboardingSchSetup" extends="ibank3.splashPageLayout">		
	  <put-attribute name="title" value="SavingsOnboarding Set up schedule"/>
	  <put-attribute name="body" value="/jsp/ibank3/views/jsp/customer/savingsOnboarding/setupSchedule.jsp" />
	  <put-attribute name="screenId" 		value="" />
	  <put-attribute name="menuOption" 		value="1" />
	</definition>
	
	<definition name="ibank3.savingsOnboardingTransferReceipt" extends="ibank3.splashPageLayout">		
	  <put-attribute name="title" value="SavingsOnboarding Transfer Receipt"/>
	  <put-attribute name="body" value="/jsp/ibank3/views/jsp/customer/savingsOnboarding/transferReceipt.jsp" />
	  <put-attribute name="screenId" 		value="" />
	  <put-attribute name="menuOption" 		value="1" />
	</definition>
	
	<definition name="ibank3.savingsOnboardingTaxInformation" extends="ibank3.splashPageLayout">		
	  <put-attribute name="title" value="SavingsOnboarding Transfer Receipt"/>
	  <put-attribute name="body" value="/jsp/ibank3/views/jsp/customer/savingsOnboarding/taxFileNumber.jsp" />
	  <put-attribute name="screenId" 		value="" />
	  <put-attribute name="menuOption" 		value="1" />
	</definition>
	
	<definition name="ibank3.savingsOnboardingTermsAndConditions" extends="ibank3.splashPageLayout">		
	  <put-attribute name="title" value="SavingsOnboarding Transfer Receipt"/>
	  <put-attribute name="body" value="/jsp/ibank3/views/jsp/customer/savingsOnboarding/termsAndConditions.jsp" />
	  <put-attribute name="screenId" 		value="" />
	  <put-attribute name="menuOption" 		value="1" />
	</definition>
	
	<definition name="ibank3.savingsOnboardingDuplicateConfirm" extends="ibank3.splashPageLayout">
  		<put-attribute name="title"  value="SavingsOnboarding Duplicate Account"/>  		
      	<put-attribute name="body" value="/jsp/ibank3/views/jsp/customer/savingsOnboarding/savingsDuplicate.jsp" />
	  	<put-attribute name="screenId" 		value="" />
	  	<put-attribute name="menuOption" 		value="1" />
    </definition>
    
	<!-- SBGEXP-5152: Branch Selection for BSA -->
	<definition name="ibank3.savingsOnboardingBranchSelection" extends="ibank3.splashPageLayout">		
	  <put-attribute name="title" value="Branch Selection"/>
	  <put-attribute name="body" value="/jsp/ibank3/views/jsp/customer/savingsOnboarding/savingsBsaBranchSelection.jsp" />
	  <put-attribute name="screenId" 		value="" />
	  <put-attribute name="menuOption" 		value="" />
	</definition> 
	
	<!-- 19E2 : SavingsOnboarding End-->
	
	<!-- 19E3: Card Activation -->
	<definition name="ibank3.cardactivation.landing.page" extends="ibank3.mainLayout">		
	  <put-attribute name="title" value="Account Servicing"/>
	  <put-attribute name="body" value="/jsp/ibank3/views/jsp/customer/cardActivation.jsp" />
	  <put-attribute name="helpMenu" 		value="Maintenance" />
	  <put-attribute name="helpFunction" 	value="CardActivate" />
	  <put-attribute name="helpSteps" 	value="" />
	  <put-attribute name="screenId" 		value="cardActivation" />
	  <put-attribute name="menuOption" 		value="2" />	    
	</definition>
	
	<definition name="ibank3.cardactivation.cliconsent" extends="ibank3.mainLayout">		
	  <put-attribute name="title" value="Account Servicing"/>
	  <put-attribute name="body" value="/jsp/ibank3/views/jsp/customer/cardActivation.jsp" />
	  <put-attribute name="helpMenu" 		value="Maintenance" />
	  <put-attribute name="helpFunction" 	value="CardActivate" />
	  <put-attribute name="helpSteps" 	value="" />
	  <put-attribute name="screenId" 		value="cardActivation" />
	  <put-attribute name="menuOption" 		value="2" />	    
	</definition>
	<!-- 19E3: Card Activation -->
	
	<definition name="ibank3.manageTaxFileNumberPage" extends="ibank3.mainLayout">
	  <put-attribute name="title"  		value="My Information" />
  	  <put-attribute name="body" value="/jsp/ibank3/views/jsp/customer/taxFileNumber.jsp" />
	  <put-attribute name="helpMenu" 		value="MyInformation" />
	  <put-attribute name="helpFunction" 	value="taxFileNumber" />
	  <put-attribute name="helpSteps" 	value="" />
	  <put-attribute name="screenId" 		value="manageTFNSetting" />
	  <put-attribute name="menuOption" 		value="4" />    	      
    </definition>
    
    <definition name="ibank3.heldTaxFileNumberPage" extends="ibank3.mainLayout">
	  <put-attribute name="title"  		value="My Information" />
  	  <put-attribute name="body" value="/jsp/ibank3/views/jsp/customer/taxFileNumberHeldPage.jsp" />
	  <put-attribute name="helpMenu" 		value="MyInformation" />
	  <put-attribute name="helpFunction" 	value="taxFileNumber" />
	  <put-attribute name="helpSteps" 	value="" />
	  <put-attribute name="screenId" 		value="manageTFNSetting" />
	  <put-attribute name="menuOption" 		value="4" />    	      
    </definition>
    
    <definition name="ibank3.sessionReceipts" extends="ibank3.mainLayout">
	  <put-attribute name="title"  		value="Session Receipts" />
	  <put-attribute name="body"   		value="/jsp/ibank3/views/jsp/customer/sessionReceipts/viewSessionReceipts.jsp" />
	  <!-- <put-attribute name="whatNext" value="/jsp/common/whatNext.jsp" />
	   <put-attribute name="menu"   		value="payments.menu"/>
    <put-attribute name="helpMenu" 		value="TransferandPayment" />
	  <put-attribute name="helpFunction" 	value="SessionReceipts" />
	  <put-attribute name="helpSteps" 	value="" />
	  <put-attribute name="screenId" 		value="" />
	  <put-attribute name="menuOption" 		value="1" />  -->
	  
	  
	   <put-attribute name="whatNext" value="/jsp/common/whatNext.jsp" />
	  <put-attribute name="helpMenu" 		value="TransferandPayment" />
	  <put-attribute name="helpFunction" 	value="PaymentHistory" />
	  <put-attribute name="helpSteps" 	value="" />
	  <put-attribute name="screenId" 		value="intPaymentHistory" />
	  <put-attribute name="menuOption" 		value="1" />	
  	</definition>
    
    <definition name="ibank3.payIdRegistrationSplash" extends="ibank3.splashPageLayout">		
	  <put-attribute name="title" value="PayIdRegistration Splash"/>
	  <put-attribute name="body" value="/jsp/ibank3/views/jsp/payid/payIdRegistrationSplash.jsp" />
	  <put-attribute name="screenId" 		value="" />
	  <put-attribute name="menuOption" 		value="" />
	</definition>

	<definition name="ibank3.fileshareSecurePage" extends="ibank3.mainLayout">
	  <put-attribute name="title" value="Fileshare"/>
	  <put-attribute name="body" value="/jsp/ibank3/views/jsp/customer/fileshareSecure.jsp" />
	  <put-attribute name="menuOption" 		value="4" />
	</definition>        

	<definition name="ibank3.fileshareExternalPage" extends="ibank3.mainLayout">
	  <put-attribute name="title" value="Fileshare"/>
	  <put-attribute name="body" value="/jsp/ibank3/views/jsp/customer/fileshareExternalLink.jsp" />
	  <put-attribute name="menuOption" 		value="4" />
	</definition>    

	<definition name="ibank3.fileshareExternalErrorPage" extends="ibank3.mainLayout">
	  <put-attribute name="title" value="Fileshare"/>
	  <put-attribute name="body" value="/jsp/ibank3/views/jsp/customer/fileshareExternalError.jsp" />
	  <put-attribute name="menuOption" 		value="4" />
	</definition>  
	
	<definition name="ibank3.reactivateOnlineSecurePage" template="/jsp/ibank3/views/jsp/customer/reactivateOnlineSecurePage.jsp">
		<put-attribute name="title" value="Reactivate Online"/>  
	</definition>
	
			
	 <definition name="ibank3.ascendaLaunch" extends="ibank3.externalLinkLayout">		
	  <put-attribute name="title" value="My Offers and Benefits"/>
	  <put-attribute name="body" value="/jsp/ibank3/views/jsp/customer/ascendaLaunch.jsp" />
	  <put-attribute name="screenId" 		value="" />
	  <put-attribute name="menuOption" 		value="" />
	</definition>	
		
    <definition name="ibank3.ascendaError" extends="ibank3.mainLayout">        
      <put-attribute name="title" value="My Offers and Benefits"/>
      <put-attribute name="body" value="/jsp/ibank3/views/jsp/customer/ascendaError.jsp" />
      <put-attribute name="screenId"         value="" />
      <put-attribute name="menuOption"         value="" />
    </definition>
    
	<definition name="ibank3.oauthCallBack" template="/jsp/ibank3/views/jsp/customer/oauthCallback.jsp" >
	</definition>
	
	
	<definition name="ibank3.cardactivation.landing.page" extends="ibank3.mainLayout">		
	  <put-attribute name="title" value="Account Servicing"/>
	  <put-attribute name="body" value="/jsp/ibank3/views/jsp/customer/cardActivation.jsp" />
	  <put-attribute name="helpMenu" 		value="Maintenance" />
	  <put-attribute name="helpFunction" 	value="CardActivate" />
	  <put-attribute name="helpSteps" 	value="" />
	  <put-attribute name="screenId" 		value="cardActivation" />
	  <put-attribute name="menuOption" 		value="2" />	    
	</definition>
	
	
	<definition name="ibank3.viewContactDetails" extends="ibank3.mainLayout">		
	  <put-attribute name="title" value="My Information"/>
	  <put-attribute name="body" value="/jsp/ibank3/views/jsp/customer/viewContactDetails.jsp" />
	  <put-attribute name="helpMenu" 		value="MyInformation" />
	  <put-attribute name="helpFunction" 	value="ContactDetails" />
	  <put-attribute name="helpSteps" 	value="" />
	  <put-attribute name="screenId" 		value="viewContactDetails" />
	  <put-attribute name="menuOption" 		value="4" />	    
	</definition>
	
	<definition name="ibank3.editViewContactDetails" extends="ibank3.mainLayout">		
	  <put-attribute name="title" value="My Information"/>
	  <put-attribute name="body" value="/jsp/ibank3/views/jsp/customer/editContactDetails.jsp" />
	  <put-attribute name="helpMenu" 		value="MyInformation" />
	  <put-attribute name="helpFunction" 	value="ContactDetails" />
	  <put-attribute name="helpSteps" 	value="" />
	  <put-attribute name="screenId" 		value="editContactDetails" />
	  <put-attribute name="menuOption" 		value="4" />	    
	</definition>
	
	<definition name="ibank3.accountAlias" extends="ibank3.mainLayout">		
	  <put-attribute name="title" value="Rename &amp; Sort My Accounts"/>
	  <put-attribute name="body" value="/jsp/ibank3/views/jsp/customer/editAccountDisplay.jsp" />
	  <put-attribute name="helpMenu" 		value="AccountInformation" />
	  <put-attribute name="helpFunction" 	value="RenameSortMyAccounts" />
	  <put-attribute name="helpSteps" 	value="" />
	  <put-attribute name="screenId" 		value="accountAlias" />
	  <put-attribute name="menuOption" 		value="4" />	    
	</definition>
	
	
	<definition name="ibank3.editContactDetails.secure" extends="ibank3.mainLayout">		
	  <put-attribute name="title" value="My Information"/>
	  <put-attribute name="body" value="/jsp/ibank3/views/jsp/customer/editContactDetailsSecure.jsp" />
	  <put-attribute name="helpMenu" 		value="MyInformation" />
	  <put-attribute name="helpFunction" 	value="ContactDetails" />
	  <put-attribute name="helpSteps" 	value="" />
	  <put-attribute name="screenId" 		value="PaymentSecure" />
	  <put-attribute name="menuOption" 		value="4" />	    
	</definition>
	
	<definition name="ibank3.editContactDetails.accessDeny" extends="ibank3.mainLayout">		
	  <put-attribute name="title" value="My Information"/>
	  <put-attribute name="body" value="/jsp/ibank3/error/accessDeny.jsp" />
	  <put-attribute name="helpMenu" 		value="MyInformation" />
	  <put-attribute name="helpFunction" 	value="ContactDetails" />
	  <put-attribute name="helpSteps" 	value="Success" />
	  <put-attribute name="screenId" 		value="PaymentSecure" />
	  <put-attribute name="menuOption" 		value="4" />	    
	</definition>
	
	<definition name="ibank3.payIdTypeSelectionPage" extends="ibank3.mainLayout">
	  <put-attribute name="title" value="PayID Settings"/>
	  <put-attribute name="body" value="/jsp/ibank3/views/jsp/payid/manageMultiplePayIdSelection.jsp" />
	  <put-attribute name="helpMenu" 		value="TransferandPayment" />
	  <put-attribute name="helpFunction" 	value="PayIDRegistration" />
	  <put-attribute name="helpSteps" 	value="Details" />
	  <put-attribute name="screenId" 		value="intPayIdSettings" />
	  <put-attribute name="menuOption" 		value="1" />
	</definition>
	
	<definition name="ibank3.payIdDetailsListingPage" extends="ibank3.mainLayout">
	  <put-attribute name="title" value="PayID Details Listing"/>
	  <put-attribute name="body" value="/jsp/ibank3/views/jsp/payid/managePayIdDetailsListing.jsp" />
	  <put-attribute name="helpMenu" 		value="TransferandPayment" />
	  <put-attribute name="helpFunction" 	value="PayIDRegistration" />
	  <put-attribute name="helpSteps" 	value="Details" />
	  <put-attribute name="screenId" 		value="intPayIdSettings" />
	  <put-attribute name="menuOption" 		value="1" />
	</definition>

	<definition name="ibank3.fileshareError" extends="ibank3.mainLayout">
		<put-attribute name="title" value="Share Files"/>
		<put-attribute name="body" value="/jsp/ibank3/views/jsp/customer/fileshareError.jsp" />
		<put-attribute name="screenId"         value="" />
		<put-attribute name="menuOption"         value="" />
	</definition>

	<definition name="ibank3.mgrpError" extends="ibank3.mainLayout">
	<put-attribute name="title" value="Rewards Points"/>
	<put-attribute name="body" value="/jsp/ibank3/views/jsp/customer/mgrpError.jsp" />
	<put-attribute name="screenId"         value="" />
	<put-attribute name="menuOption"         value="" />
</definition>
	
	<!--  <definition name="ibank3.viewContactDetails.success" extends="ibank3.mainLayout">		
	  <put-attribute name="title" value="My Information"/>
	  <put-attribute name="body" value="/jsp/ibank3/views/jsp/customer/viewContactDetails.jsp" />
	  <put-attribute name="helpMenu" 		value="MyInformation" />
	  <put-attribute name="helpFunction" 	value="ContactDetails" />
	  <put-attribute name="helpSteps" 	value="" />
	  <put-attribute name="screenId" 		value="contactDetails" />
	  <put-attribute name="menuOption" 		value="4" />	    
	</definition>


	
	 <definition name="ibank2.emailUpdateSuccess.success" extends="ibank2.mainLayout">		
	  <put-attribute name="title" value="My Information"/>
	  <put-attribute name="body" value="/jsp/ibank2/customer/updateEmailSuccess.jsp" />
	  <put-attribute name="helpMenu" 		value="MyInformation" />
	  <put-attribute name="helpFunction" 	value="ContactDetails" />
	  <put-attribute name="helpSteps" 	value="Success" />
	  <put-attribute name="screenId" 		value="contactDetails" />
	  <put-attribute name="menuOption" 		value="4" />	    
	</definition>
	
	
	
	
	<definition name="ibank2.editContactDetails.suspendAccess" extends="ibank2.mainLayout">		
	  <put-attribute name="title" value="My Information"/>
	  <put-attribute name="body" value="/jsp/ibank2/error/userError.jsp" />
	  <put-attribute name="helpMenu" 		value="MyInformation" />
	  <put-attribute name="helpFunction" 	value="ContactDetails" />
	  <put-attribute name="helpSteps" 	value="Success" />
	  <put-attribute name="screenId" 		value="PaymentSecure" />
	  <put-attribute name="menuOption" 		value="4" />	    
	</definition>
	
	
	
	<definition name="ibank2.editContactDetails.accessDeny" extends="ibank2.mainLayout">		
	  <put-attribute name="title" value="My Information"/>
	  <put-attribute name="body" value="/jsp/ibank2/error/accessDeny.jsp" />
	  <put-attribute name="helpMenu" 		value="MyInformation" />
	  <put-attribute name="helpFunction" 	value="ContactDetails" />
	  <put-attribute name="helpSteps" 	value="Success" />
	  <put-attribute name="screenId" 		value="PaymentSecure" />
	  <put-attribute name="menuOption" 		value="4" />	    
	</definition>
	
	
	
	
	
	<definition name="ibank2.bt.viewContactDetails" extends="ibank2.mainLayout">		
	  <put-attribute name="title" value="Apply for BT Super for Life"/>
	  <put-attribute name="body" value="/jsp/ibank2/customer/viewBTContactDetails.jsp" />
	  <put-attribute name="helpMenu" 		value="NewAccounts" />
	  <put-attribute name="helpFunction" 	value="BTConfirm" />
	  <put-attribute name="helpSteps" 	value="Details" />
	  <put-attribute name="screenId" 		value="btFundTransferViewContact" />
	  <put-attribute name="menuOption" 		value="3" />	    
	</definition>
	
	<definition name="ibank2.bt.preApplValidationFail" extends="ibank2.mainLayout">
  		<put-attribute name="title"  value="Apply for BT Super for Life"/>  		
      	<put-attribute name="helpMenu" 		value="NewAccounts" />
		<put-attribute name="helpFunction" 	value="BTFullFailure" />
		<put-attribute name="helpSteps" 	value="Details" />
	    <put-attribute name="screenId" 		value="btFundTransferFailedPreVal" />
	    <put-attribute name="menuOption" 		value="3" />
	    <put-attribute name="body"   value="/jsp/ibank2/account/viewBTPreApplValidationFail.jsp"/>    
    </definition>
	
	<definition name="ibank2.hli.viewContactDetails" extends="ibank2.mainLayout">		
	  <put-attribute name="title" value="Apply for Home Loan Increase"/>
	  <put-attribute name="body" value="/jsp/ibank2/customer/viewHomeLoanIncreaseContactDetails.jsp" />
	  <put-attribute name="helpMenu" 		value="AccountInformation" />
	  <put-attribute name="helpFunction" 	value="HLSI" />
	  <put-attribute name="helpSteps" 	value="Details" />
	  <put-attribute name="screenId" 		value="" />
	  <put-attribute name="menuOption" 		value="2" />	    
	</definition>--> 
		    
</tiles-definitions>
