<?xml version="1.0" encoding="UTF-8" ?>
<!DOCTYPE tiles-definitions PUBLIC
	"-//Apache Software Foundation//DTD Tiles Configuration 3.0//EN"
	"http://tiles.apache.org/dtds/tiles-config_3_0.dtd">

<tiles-definitions>	

  	<definition name="ibank3.viewAccountPortfolio.page" extends="ibank3.mainLayout">
	      <put-attribute name="title"  value="Welcome"/>
	      <put-attribute name="menu"   value="/jsp/ibank3/common/dashboardMenu.jsp"/>
      	  <put-attribute name="helpMenu" 		value="AccountInformation" />
		  <put-attribute name="helpFunction" 	value="MyAccount" />
		  <put-attribute name="helpSteps" 	value="Details" />
	      <put-attribute name="screenId" 		value="" />
	      <put-attribute name="menuOption" 		value="0" />
	      <put-attribute name="body"   value="/jsp/ibank3/views/jsp/accounts/viewAccountPortfolio.jsp"/>      
	 </definition>
	  

	 <definition name="ibank3.bt.viewAccountPortfolio.page" extends="ibank3.mainLayout">
	      <put-attribute name="title"  value="Welcome"/>
	      <put-attribute name="menuOption" 		value="0" />
	      <put-attribute name="body"   value="/jsp/ibank3/views/jsp/accounts/viewBTAccountPortfolio.jsp"/>      
	</definition>
	
	 <definition name="ibank3.logonSimple.page">
	      <put-attribute name="body"   value="student.jsp"/>      
	</definition>
	  
	<definition name="ibank3.error" template="/jsp/ibank3/common/mainLayout.jsp">		
	  <put-attribute name="title" value=""/>
	  <put-attribute name="header" value="/jsp/ibank3/common/header.jsp"/>
	  <put-attribute name="menu"   value="/jsp/ibank3/common/menu.jsp"/>
	  <put-attribute name="body" value="/jsp/ibank3/views/jsp/error.jsp" />
	  <put-attribute name="footer"   value="/jsp/ibank3/common/footer.jsp"/>
	  <put-attribute name="menuOption" 		value="0" />
	</definition>
	
	
	<definition name="businessSaverDetails" template="/jsp/ibank3/common/mainLayout.jsp">		
	  <put-attribute name="title" value=""/>
	  <put-attribute name="header" value="/jsp/ibank3/common/header.jsp"/>
	  <put-attribute name="menu"   value="/jsp/ibank3/common/menu.jsp"/>
	  <put-attribute name="body" value="/jsp/ibank3/views/jsp/accounts/businessAccessSaverDetails.jsp" />
	  <put-attribute name="footer"   value="/jsp/ibank3/common/footer.jsp"/>
	  <put-attribute name="menuOption" 		value="3" />
	</definition>
	
	<definition name="businessFreedomDetails" template="/jsp/ibank3/common/mainLayout.jsp">		
	  <put-attribute name="title" value=""/>
	  <put-attribute name="header" value="/jsp/ibank3/common/header.jsp"/>
	  <put-attribute name="menu"   value="/jsp/ibank3/common/menu.jsp"/>
	  <put-attribute name="body" value="/jsp/ibank3/views/jsp/accounts/businessFreedomDetails.jsp" />
	  <put-attribute name="footer"   value="/jsp/ibank3/common/footer.jsp"/>
	  <put-attribute name="menuOption" 		value="3" />
	</definition>
	
	<definition name="setupBusinessFreedom" template="/jsp/ibank3/common/mainLayout.jsp">		
	  <put-attribute name="title" value=""/>
	  <put-attribute name="header" value="/jsp/ibank3/common/header.jsp"/>
	  <put-attribute name="menu"   value="/jsp/ibank3/common/menu.jsp"/>
	  <put-attribute name="body" value="/jsp/ibank3/views/jsp/accounts/businessFreedom.jsp" />
	  <put-attribute name="footer"   value="/jsp/ibank3/common/footer.jsp"/>
	  <put-attribute name="menuOption" 		value="3" />
	</definition>
	
	<definition name="setupBusinessFreedomSoleDirector" template="/jsp/ibank3/common/mainLayout.jsp">		
	  <put-attribute name="title" value=""/>
	  <put-attribute name="header" value="/jsp/ibank3/common/header.jsp"/>
	  <put-attribute name="menu"   value="/jsp/ibank3/common/menu.jsp"/>
	  <put-attribute name="body" value="/jsp/ibank3/views/jsp/accounts/businessFreedomSoleDirector.jsp" />
	  <put-attribute name="footer"   value="/jsp/ibank3/common/footer.jsp"/>
	  <put-attribute name="menuOption" 		value="3" />
	</definition>
	
	<definition name="setupBusinessSaver" template="/jsp/ibank3/common/mainLayout.jsp">		
	  <put-attribute name="title" value=""/>
	  <put-attribute name="header" value="/jsp/ibank3/common/header.jsp"/>
	  <put-attribute name="menu"   value="/jsp/ibank3/common/menu.jsp"/>
	  <put-attribute name="body" value="/jsp/ibank3/views/jsp/accounts/businessAccessSaver.jsp" />
	  <put-attribute name="footer"   value="/jsp/ibank3/common/footer.jsp"/>
	  <put-attribute name="menuOption" 		value="3" />
	</definition>
	
	<definition name="setupBusinessSaverSoleDirector" template="/jsp/ibank3/common/mainLayout.jsp">		
	  <put-attribute name="title" value=""/>
	  <put-attribute name="header" value="/jsp/ibank3/common/header.jsp"/>
	  <put-attribute name="menu"   value="/jsp/ibank3/common/menu.jsp"/>
	  <put-attribute name="body" value="/jsp/ibank3/views/jsp/accounts/businessAccessSaverSoleDirector.jsp" />
	  <put-attribute name="footer"   value="/jsp/ibank3/common/footer.jsp"/>
	  <put-attribute name="menuOption" 		value="3" />
	</definition>
	
	<definition name="openBusinessAccountReceipt" template="/jsp/ibank3/common/mainLayout.jsp">		
	  <put-attribute name="title" value=""/>
	  <put-attribute name="header" value="/jsp/ibank3/common/header.jsp"/>
	  <put-attribute name="menu"   value="/jsp/ibank3/common/menu.jsp"/>
	  <put-attribute name="body" value="/jsp/ibank3/views/jsp/accounts/businessAccountReceipt.jsp" />
	  <put-attribute name="footer"   value="/jsp/ibank3/common/footer.jsp"/>
	  <put-attribute name="menuOption" 		value="3" />
	</definition>
	
	<definition name="homeLoanInfo" template="/jsp/ibank3/common/mainLayout.jsp">		
	  <put-attribute name="title" value=""/>
	  <put-attribute name="header" value="/jsp/ibank3/common/header.jsp"/>
	  <put-attribute name="menu"   value="/jsp/ibank3/common/menu.jsp"/>
	  <put-attribute name="body" value="/jsp/ibank3/views/jsp/accounts/homeLoan.jsp" />
	  <put-attribute name="footer"   value="/jsp/ibank3/common/footer.jsp"/>
	  <put-attribute name="menuOption" 		value="3" />
	</definition>
	
	<definition name="homeLoanRedirect" template="/jsp/ibank3/views/jsp/accounts/homeLoanRedirect.jsp">		
	</definition>
	
	<definition name="offerReceipt" extends="ibank3.mainLayout">
  		<put-attribute name="title" value="My Invitations" />
		<put-attribute name="body" value="/jsp/ibank3/views/jsp/retention/retention_receipt.jsp" />
		<put-attribute name="menuOption" 		value="3" />	
		<put-attribute name="helpMenu" 		value="Products" />
	    <put-attribute name="helpFunction" 	value="landing" />
		<put-attribute name="helpSteps" 	    value="" />	
    </definition> 
    
    <definition name="offerReceiptError" extends="ibank3.mainLayout">
  		<put-attribute name="title"  value="My Invitations"/>  		
      	<put-attribute name="body" value="/jsp/ibank3/views/jsp/retention/retention_receipt_error.jsp" />
		<put-attribute name="menuOption" 		value="3" />	
		<put-attribute name="helpMenu" 		value="Products" />
	    <put-attribute name="helpFunction" 	value="landing" />
		<put-attribute name="helpSteps" 	    value="" />	
    </definition> 
    
    <definition name="ccAccountClosure" extends="ibank3.mainLayout">
  		<put-attribute name="title" value="Credit Card Closure" />
		<put-attribute name="body" value="/jsp/ibank3/views/jsp/accounts/ccclosure/ccAccountClosure.jsp" />
		<put-attribute name="menuOption" value="2" />	
		<put-attribute name="helpMenu" value="Maintenance" />
	    <put-attribute name="helpFunction" value="creditcardclosure" />
		<put-attribute name="helpSteps" value="ccclosure" />	
    </definition>
    
      <definition name="ccAccountClosureReceipt" extends="ibank3.mainLayout">
  		<put-attribute name="title" value="Credit Card Closure" />
		<put-attribute name="body" value="/jsp/ibank3/views/jsp/accounts/ccclosure/ccClosureReceipt.jsp" />
		<put-attribute name="menuOption" value="2" />	
		<put-attribute name="helpMenu" value="Maintenance" />
	    <put-attribute name="helpFunction" value="creditcardclosure" />
		<put-attribute name="helpSteps" value="ccclosure" />	
    </definition> 
    
    
     <definition name="ccAccountClosureConfirm" extends="ibank3.mainLayout">
  		<put-attribute name="title" value="Credit Card Closure" />
		<put-attribute name="body" value="/jsp/ibank3/views/jsp/accounts/ccclosure/ccClosureConfirmation.jsp" />
		<put-attribute name="menuOption" value="2" />	
		<put-attribute name="helpMenu" value="Maintenance" />
	    <put-attribute name="helpFunction" value="creditcardclosure" />
		<put-attribute name="helpSteps" value="ccclosure" />	
    </definition>    
    
     <definition name="ccAccountClosureSecure" extends="ibank3.mainLayout">
  		<put-attribute name="title" value="Credit Card Closure Secure Code"/>  		
      	<put-attribute name="body" value="/jsp/ibank3/views/jsp/accounts/ccclosure/ccAccountClosureSecure.jsp" />
		<put-attribute name="menuOption" value="2" />	
		<put-attribute name="helpMenu" value="Maintenance" />
	    <put-attribute name="helpFunction" value="creditcardclosure" />
		<put-attribute name="helpSteps" value="ccclosure" />	
    </definition> 

    <definition name="closeCCAccount" extends="ibank3.mainLayout">
		<put-attribute name="title"  		value="Close Account" />
		<put-attribute name="helpMenu" 		value="Maintenance" />
		<put-attribute name="helpFunction" 	value="creditcardclosure" />
		<put-attribute name="helpSteps" 	value="ccclosure" />
		<put-attribute name="screenId" 	value="" />
		<put-attribute name="menuOption" 		value="2" />	    
		<put-attribute name="body"   		value="/jsp/ibank3/views/jsp/accounts/ccclosure/closeAccount.jsp" />
  </definition>
  
   <definition name="CCClosure_Error" extends="ibank3.mainLayout">
		<put-attribute name="title"  		value="Close Account" />
		<put-attribute name="helpMenu" 		value="Maintenance" />
		<put-attribute name="helpFunction" 	value="creditcardclosure" />
		<put-attribute name="helpSteps" 	value="ccclosure" />
		<put-attribute name="screenId" 	value="" />
		<put-attribute name="menuOption" 		value="2" />	    
		<put-attribute name="body"   		value="/jsp/ibank3/views/jsp/accounts/ccclosure/ccclosure_error.jsp" />
  </definition>
 <definition name="ccDisputeTandC" extends="ibank3.mainLayout">
   		<put-attribute name="title"  value="Account Servicing"/>
      	<put-attribute name="helpMenu" 		value="Maintenance" />
		<put-attribute name="helpFunction" 	value="Chargeback" />
		<put-attribute name="helpSteps" 	value="ImpInfo" />
	    <put-attribute name="screenId" 		value="" />
	    <put-attribute name="menuOption" 		value="1" />
	    <put-attribute name="body"   value="/jsp/ibank3/views/jsp/accounts/ccDisputeTandC.jsp"/>
  </definition>

   <definition name="ccDisputeTranxSelection" extends="ibank3.mainLayout">
   		<put-attribute name="title"  value="Account Servicing"/>
      	<put-attribute name="helpMenu" 		value="Maintenance" />
		<put-attribute name="helpFunction" 	value="Chargeback" />
		<put-attribute name="helpSteps" 	value="SelectTran" />
	    <put-attribute name="screenId" 		value="" />
	    <put-attribute name="menuOption" 		value="1" />
	    <put-attribute name="body"   value="/jsp/ibank3/views/jsp/accounts/ccDisputeTranxSelection.jsp"/>
  </definition>

  <definition name="ccDisputeTransactionList" extends="ibank3.mainLayout">
   		<put-attribute name="title"  value="Account Servicing"/>
      	<put-attribute name="helpMenu" 		value="Maintenance" />
		<put-attribute name="helpFunction" 	value="Chargeback" />
		<put-attribute name="helpSteps" 	value="EnterReason" />
	    <put-attribute name="screenId" 		value="transList" />
	    <put-attribute name="menuOption" 		value="1" />
	    <put-attribute name="body"   value="/jsp/ibank3/views/jsp/accounts/transactionDetails.jsp"/>
  </definition>
  
  <definition name="ccDisputeTransactionConfirm" extends="ibank3.mainLayout">
   		<put-attribute name="title"  value="Account Servicing"/>
      	<put-attribute name="helpMenu" 		value="Maintenance" />
		<put-attribute name="helpFunction" 	value="Chargeback" />
		<put-attribute name="helpSteps" 	value="Confirm" />
	    <put-attribute name="screenId" 		value="transConfirm" />
	    <put-attribute name="menuOption" 		value="1" />
	    <put-attribute name="body"   value="/jsp/ibank3/views/jsp/accounts/ccDisputeTransactionConfirm.jsp"/>
  </definition>
   
  	  <definition name="ibank3.dda.hisa.acct.open" extends="ibank3.mainLayout">
  		<put-attribute name="title"  value="Open New Accounts"/>  		
      	<put-attribute name="helpMenu" 		value="NewAccounts" />
		<put-attribute name="helpFunction" 	value="OpenNewAccount" />
		<put-attribute name="helpSteps" 	value="WorkingAcct" />
	    <put-attribute name="screenId" 		value="WorkingAcct" />
	    <put-attribute name="menuOption" 		value="3" />
	    <put-attribute name="body"   value="/jsp/ibank3/views/jsp/accounts/hisaWorkAcctOpen.jsp"/>  	    
    </definition>
    
    <definition name="ibank3.dda.duplicate.actopen" extends="ibank3.mainLayout">
  		<put-attribute name="title"  value="Open New Accounts"/>  		
      	<put-attribute name="helpMenu" 		value="NewAccounts" />
		<put-attribute name="helpFunction" 	value="OpenNewAccount" />
		<put-attribute name="helpSteps" 	value="Details" />
	    <put-attribute name="screenId" 		value="ddaDupConfirm" />
	    <put-attribute name="menuOption" 		value="3" />
	    <put-attribute name="body"   value="/jsp/ibank3/views/jsp/accounts/duplicateAcctOpeningReq.jsp"/>    
    </definition>
    
    
    	<definition name="ibank3.open.new.dda.receipt" extends="ibank3.mainLayout">
  		<put-attribute name="title"  value="Open New Accounts"/>  		
      	<put-attribute name="helpMenu" 		value="NewAccounts" />
		<put-attribute name="helpFunction" 	value="OpenNewAccount" />
		<put-attribute name="helpSteps" 	value="Receipt" />
	    <put-attribute name="screenId" 		value="ddaReceipt" />
	    <put-attribute name="menuOption" 		value="3" />
	    <put-attribute name="body"   value="/jsp/ibank3/views/jsp/accounts/openNewDDAReceipt.jsp"/>    
    </definition>
    	
    	<definition name="ibank3.dda.acct.open" extends="ibank3.mainLayout">
  		<put-attribute name="title"  value="Open New Accounts"/>  		
      	<put-attribute name="helpMenu" 		value="NewAccounts" />
		<put-attribute name="helpFunction" 	value="OpenNewAccount" />
		<put-attribute name="helpSteps" 	value="TandC" />
	    <put-attribute name="screenId" 		value="fsra" />
	    <put-attribute name="menuOption" 		value="3" />
	    <put-attribute name="body"   value="/jsp/ibank3/views/jsp/accounts/openAccount.jsp"/>    
    </definition>
    	
 
	<definition name="crossSell" extends="ibank3.mainLayout">
  		<put-attribute name="title"  value="Open New Accounts"/>  		
      	<put-attribute name="helpMenu" 		value="NewAccounts" />
		<put-attribute name="helpFunction" 	value="OpenNewAccount" />
		<put-attribute name="helpSteps" 	value="Select" />
	    <put-attribute name="screenId" 		value="openAccount" />
	    <put-attribute name="menuOption" 		value="3" />
	    <put-attribute name="body"   value="/jsp/ibank3/views/jsp/accounts/crossSellReceipt.jsp"/> 
    </definition> 
    
    	<definition name="crossSellDuplicateConfirm" extends="ibank3.mainLayout">
  		<put-attribute name="title"  value="Open New Accounts"/>  		
      	<put-attribute name="helpMenu" 		value="NewAccounts" />
		<put-attribute name="helpFunction" 	value="OpenNewAccount" />
		<put-attribute name="helpSteps" 	value="Select" />
	    <put-attribute name="screenId" 		value="openAccount" />
	    <put-attribute name="menuOption" 		value="3" />
	    <put-attribute name="body"   value="/jsp/ibank3/views/jsp/accounts/crossSellduplicateAcctOpeningReq.jsp"/> 
    </definition> 
    
<definition name="crossSellSystemUnavaialble" extends="ibank3.mainLayout">
  		<put-attribute name="title"  value="Open New Accounts"/>  		
      	<put-attribute name="helpMenu" 		value="NewAccounts" />
		<put-attribute name="helpFunction" 	value="OpenNewAccount" />
		<put-attribute name="helpSteps" 	value="Select" />
	    <put-attribute name="screenId" 		value="openAccount" />
	    <put-attribute name="menuOption" 		value="3" />
	    <put-attribute name="body"   value="/jsp/ibank3/views/jsp/accounts/crossSellSystemUnavailable.jsp"/> 
    </definition> 
  <definition name="ibank3.acct.open.error" extends="ibank3.mainLayout">
  		<put-attribute name="title"  value="Open New Accounts"/>  		
         <put-attribute name="menuOption" 		value="3" />
	    <put-attribute name="body"   value="/jsp/ibank3/error/accountError.jsp"/>    
    </definition> 
    
      <definition name="ibank3.cppOfferDetailsScreen" extends="ibank3.mainLayout">
	      <put-attribute name="title"  value="ActivateBonusInterest"/>
      	  <put-attribute name="helpMenu" 		value="AccountInformation" />
		  <put-attribute name="helpFunction" 	value="MyAccount" />
		  <put-attribute name="helpSteps" 	value="Details" />
	      <put-attribute name="screenId" 		value="" />
	      <put-attribute name="menuOption" 		value="0" />
	      <put-attribute name="body"   value="/jsp/ibank3/views/jsp/accounts/cpp/offerDetails.jsp"/>      
	 </definition>
	 
	 <definition name="ibank3.cppOfferDetailsErrorScreen" extends="ibank3.mainLayout">
	      <put-attribute name="title"  value="ActivateBonusInterest"/>
      	  <put-attribute name="helpMenu" 		value="AccountInformation" />
		  <put-attribute name="helpFunction" 	value="MyAccount" />
		  <put-attribute name="helpSteps" 	value="Details" />
	      <put-attribute name="screenId" 		value="" />
	      <put-attribute name="menuOption" 		value="0" />
	      <put-attribute name="body"   value="/jsp/ibank3/views/jsp/accounts/cpp/offerDetailsError.jsp"/>      
	 </definition>

    <definition name="viewDirectDebits" extends="ibank3.mainLayout">
		<put-attribute name="title"  		value="View Direct Debits" />
		<put-attribute name="helpMenu" 		value="viewDirectDebits" />
		<put-attribute name="helpFunction" 	value="viewDirectDebits" />
		<put-attribute name="helpSteps" 	value="viewDirectDebits" />
		<put-attribute name="screenId" 	value="" />
		<put-attribute name="menuOption" 		value="2" />	    
		<put-attribute name="body"   		value="/jsp/ibank3/views/jsp/accounts/viewDirectDebits.jsp" />
  </definition>
  
  <!-- 19E3 Online Pin (Struts to Spring) -->
  <definition name="ibank3.onlinePin.eligibleCards.screen" extends="ibank3.mainLayout">		
	  <put-attribute name="title" value="Account Servicing"/>
	  <put-attribute name="body" value="/jsp/ibank3/views/jsp/accounts/onlinePinEligibleCard.jsp" />
	  <put-attribute name="screenId" 		value="changeCardPin" />
	  <put-attribute name="menuOption" 		value="2" />  
	  <put-attribute name="helpMenu" 		value="Maintenance" />
	  <put-attribute name="helpFunction" 	value="ChangeCardPIN" />
	  <put-attribute name="helpSteps" 	value="" />
	</definition>
	
	<definition name="ibank3.onlinePin.2FA.screen" extends="ibank3.mainLayout">		
	  <put-attribute name="title" value="Account Servicing"/>
	  <put-attribute name="body" value="/jsp/ibank3/views/jsp/accounts/onlinePin2FA.jsp" />
	  <put-attribute name="screenId" 		value="changeCardPin" />
	  <put-attribute name="menuOption" 		value="2" />   
	  <put-attribute name="helpMenu" 		value="Maintenance" />
	  <put-attribute name="helpFunction" 	value="ChangeCardPIN" />
	  <put-attribute name="helpSteps" 	value="" />
	</definition>
	
	<definition name="ibank3.onlinePin.error.screen" extends="ibank3.mainLayout">		
	  <put-attribute name="title" value="Account Servicing"/>
	  <put-attribute name="body" value="/jsp/ibank3/views/jsp/accounts/onlinePinError.jsp" />
	  <put-attribute name="screenId" 		value="changeCardPin" />
	  <put-attribute name="menuOption" 		value="2" />   
	  <put-attribute name="helpMenu" 		value="Maintenance" />
	  <put-attribute name="helpFunction" 	value="ChangeCardPIN" />
	  <put-attribute name="helpSteps" 	value="" />
	</definition>
	
	<definition name="ibank3.onlinePin.onlinePinConfirm.screen" extends="ibank3.mainLayout">		
	  <put-attribute name="title" value="Account Servicing"/>
	  <put-attribute name="body" value="/jsp/ibank3/views/jsp/accounts/onlinePinConfirm.jsp" />
	  <put-attribute name="screenId" 		value="changeCardPin" />
	  <put-attribute name="menuOption" 		value="2" />   
	  <put-attribute name="helpMenu" 		value="Maintenance" />
	  <put-attribute name="helpFunction" 	value="ChangeCardPIN" />
	  <put-attribute name="helpSteps" 	value="" />
	</definition>
	
	<definition name="ibank3.onlinePin.onlinePinChange.screen" extends="ibank3.mainLayout">		
	  <put-attribute name="title" value="Account Servicing"/>
	  <put-attribute name="body" value="/jsp/ibank3/views/jsp/accounts/onlinePinChange.jsp" />
	  <put-attribute name="screenId" 		value="changeCardPin" />
	  <put-attribute name="menuOption" 		value="2" />  
      <put-attribute name="helpMenu" 		value="Maintenance" />
      <put-attribute name="helpFunction" 	value="ChangeCardPIN" />
	  <put-attribute name="helpSteps" 	value="" />
	</definition>
	
	<!-- 19E3 Online Pin (Struts to Spring) -->

	<definition name="viewDirectDebitTransactions" extends="ibank3.mainLayout">
		<put-attribute name="title"  		value="View Direct Debit Transactions" />
		<put-attribute name="helpMenu" 		value="viewDirectDebits" />
		<put-attribute name="helpFunction" 	value="viewDirectDebits" />
		<put-attribute name="helpSteps" 	value="viewDirectDebits" />
		<put-attribute name="screenId" 	value="" />
		<put-attribute name="menuOption" 		value="2" />	    
		<put-attribute name="body"   		value="/jsp/ibank3/views/jsp/accounts/viewDirectDebitTransactions.jsp" />
	</definition>
  
   <definition name="eContractSecure" extends="ibank3.mainLayout">
  		<put-attribute name="title" value="E Contract Secure Code"/>  		
      	<put-attribute name="body" value="/jsp/ibank3/views/jsp/customer/zoom/eContractApplicationSecure.jsp" />
		<put-attribute name="menuOption" value="2" />	
    	<put-attribute name="helpMenu" value="AccountInformation" />
		<put-attribute name="helpFunction" value="MyAccount" />
    	<put-attribute name="helpSteps" value="Details" />
    </definition> 
    
    <definition name="ibank3.globalWalletDetailsPage" extends="ibank3.mainLayout">
	  <put-attribute name="title"  		value="Global Wallet" />
  	  <put-attribute name="body" value="/jsp/ibank3/views/jsp/accounts/globalWallet/gwAccountDetails.jsp" />
	  <put-attribute name="helpMenu" 		value="TransferandPayment" />	  
	  <put-attribute name="helpSteps" 	value="" />	  
	  <put-attribute name="menuOption" 		value="0" />    	      
    </definition>

	<definition name="setGlobalWalletPinBranchPackRedirect" template="/jsp/ibank3/views/jsp/accounts/globalWallet/gwSetPinRedirect.jsp" />		

	<definition name="ibank3.onlineSetPin.error.screen" extends="ibank3.mainLayout">		
	  <put-attribute name="title" value="Account Servicing"/>
	  <put-attribute name="body" value="/jsp/ibank3/views/jsp/accounts/onlineSetPinError.jsp" />
	  <put-attribute name="screenId" 		value="changeCardPin" />
	  <put-attribute name="menuOption" 		value="2" />   
	  <put-attribute name="helpMenu" 		value="Maintenance" />
	  <put-attribute name="helpFunction" 	value="ChangeCardPIN" />
	  <put-attribute name="helpSteps" 	value="" />
	</definition>
	
	<definition name="fixedHomeLoanForm" template="/jsp/ibank3/common/mainLayout.jsp">
	  <put-attribute name="title" value=""/>
	  <put-attribute name="header" value="/jsp/ibank3/common/header.jsp"/>
	  <put-attribute name="menu"   value="/jsp/ibank3/common/menu.jsp"/>
	  <put-attribute name="body" value="/jsp/ibank3/views/jsp/accounts/fixedhomeloan/fixedHomeLoanForm.jsp" />
	  <put-attribute name="footer"   value="/jsp/ibank3/common/footer.jsp"/>
	  <put-attribute name="menuOption" 		value="0" />
	</definition>
	
		
	<!-- for Review Page -->
	<definition name="fixedHomeLoanReview" template="/jsp/ibank3/common/mainLayout.jsp">
	  <put-attribute name="title" value=""/>
	  <put-attribute name="header" value="/jsp/ibank3/common/header.jsp"/>
	  <put-attribute name="menu"   value="/jsp/ibank3/common/menu.jsp"/>
	  <put-attribute name="body" value="/jsp/ibank3/views/jsp/accounts/fixedhomeloan/fixedHomeLoanReview.jsp" />
	  <put-attribute name="footer"   value="/jsp/ibank3/common/footer.jsp"/>
	  <put-attribute name="menuOption" 		value="0" />
	</definition>

	<!-- for Confirmation Page -->
	<definition name="fixedHomeLoanConfirmation" template="/jsp/ibank3/common/mainLayout.jsp">
	  <put-attribute name="title" value=""/>
	  <put-attribute name="header" value="/jsp/ibank3/common/header.jsp"/>
	  <put-attribute name="menu"   value="/jsp/ibank3/common/menu.jsp"/>
	  <put-attribute name="body" value="/jsp/ibank3/views/jsp/accounts/fixedhomeloan/fixedHomeLoanConfirmation.jsp" />
	  <put-attribute name="footer"   value="/jsp/ibank3/common/footer.jsp"/>
	  <put-attribute name="menuOption" 		value="0" />
	</definition>
	
	<!-- for Variable Page -->
	<definition name="fixedHomeLoanVariable" template="/jsp/ibank3/common/mainLayout.jsp">
	  <put-attribute name="title" value=""/>
	  <put-attribute name="header" value="/jsp/ibank3/common/header.jsp"/>
	  <put-attribute name="menu"   value="/jsp/ibank3/common/menu.jsp"/>
	  <put-attribute name="body" value="/jsp/ibank3/views/jsp/accounts/fixedhomeloan/fixedHomeLoanVariable.jsp" />
	  <put-attribute name="footer"   value="/jsp/ibank3/common/footer.jsp"/>
	  <put-attribute name="menuOption" 		value="0" />
	</definition>
	
	<definition name="fixedHomeLoanGenericError" template="/jsp/ibank3/common/mainLayout.jsp">
	  <put-attribute name="title" value=""/>
	  <put-attribute name="header" value="/jsp/ibank3/common/header.jsp"/>
	  <put-attribute name="menu"   value="/jsp/ibank3/common/menu.jsp"/>
	  <put-attribute name="body" value="/jsp/ibank3/views/jsp/accounts/fixedhomeloan/fixedHomeLoanGenericError.jsp" />
	  <put-attribute name="footer"   value="/jsp/ibank3/common/footer.jsp"/>
	  <put-attribute name="menuOption" 		value="0" />
	</definition>

	<definition name="ibank3.globalWalletConvertCurrency" extends="ibank3.mainLayout">
	  <put-attribute name="title"  		value="Global Wallet" />
  	  <put-attribute name="body" value="/jsp/ibank3/views/jsp/accounts/globalWallet/convertCurrency.jsp" />
	  <put-attribute name="helpMenu" 		value="TransferandPayment" />	  
	  <put-attribute name="helpSteps" 	value="" />	  
	  <put-attribute name="menuOption" 		value="0" />    	      
    </definition>
    
    <definition name="ibank3.convertCurrencyTransferReceipt" extends="ibank3.mainLayout">
	  <put-attribute name="title"  		value="Global Wallet" />
  	  <put-attribute name="body" value="/jsp/ibank3/views/jsp/accounts/globalWallet/convertCurrencyTransferReceipt.jsp" />
	  <put-attribute name="helpMenu" 		value="TransferandPayment" />	  
	  <put-attribute name="helpSteps" 	value="" />	  
	  <put-attribute name="menuOption" 		value="0" />    	      
    </definition>


	<definition name="ibank3.mgrpExternalErrorPage" extends="ibank3.mainLayout">
	  <put-attribute name="title" value="MGRP"/>
	  <put-attribute name="body" value="/jsp/ibank3/views/jsp/accounts/mgrp/mgrpExternalError.jsp" />
	  <put-attribute name="menuOption" 		value="4" />
	</definition>  

	<definition name="ibank3.mgrpSecurePage" extends="ibank3.mainLayout">
	  <put-attribute name="title" value="MGRP"/>
	  <put-attribute name="body" value="/jsp/ibank3/views/jsp/accounts/mgrp/mgrpSecure.jsp" />
	  <put-attribute name="menuOption" 		value="4" />
	</definition>        

	<definition name="ibank3.mgrpExternalPage" extends="ibank3.mainLayout">
	  <put-attribute name="title" value="MGRP"/>
	  <put-attribute name="body" value="/jsp/ibank3/views/jsp/accounts/mgrp/mgrpExternalLink.jsp" />
	  <put-attribute name="menuOption" 		value="4" />
	</definition>    

	<definition name="ibank3.mgrpExternalErrorPage" extends="ibank3.mainLayout">
	  <put-attribute name="title" value="MGRP"/>
	  <put-attribute name="body" value="/jsp/ibank3/views/jsp/accounts/mgrp/mgrpExternalError.jsp" />
	  <put-attribute name="menuOption" 		value="4" />
	</definition>  
	
	<definition name="ibank3.mgrpOpenPortal" template="/jsp/ibank3/views/jsp/accounts/mgrp/mgrpOpenPortal.jsp">
	</definition>

			
	<definition name="ibank3.contactUsLandingPage" extends="ibank3.mainLayout">
	      <put-attribute name="menuOption" 		value="0" />
	      <put-attribute name="body"   value="/jsp/ibank3/views/jsp/contactus/contactUs.jsp"/>      
	 </definition>
	 
	 <definition name="ibank3.planAndPayInstalment" extends="ibank3.mainLayout">
   		<put-attribute name="title"  value="Plan and Pay Instalment"/>
      	<put-attribute name="helpMenu" 		value="Maintenance" />
		<put-attribute name="helpFunction" 	value="PlanAndPay" />
		<put-attribute name="helpSteps" 	value="PlanAndPay" />
	    <put-attribute name="screenId" 		value="" />
	    <put-attribute name="menuOption" 		value="2" />
	    <put-attribute name="body"   value="/jsp/ibank3/views/jsp/accounts/planAndPayInstalment.jsp"/>
  </definition>
  
  <definition name="cardAutoPay" extends="ibank3.mainLayout">
   		<put-attribute name="title"  value="Auto Pay Eligible Cards"/>
      	<put-attribute name="helpMenu" 		value="Maintenance" />
		<put-attribute name="helpFunction" 	value="CardAutoPay" />
		<put-attribute name="helpSteps" 	value="CardAutoPay" />
	    <put-attribute name="screenId" 		value="" />
	    <put-attribute name="menuOption" 		value="2" />
	    <put-attribute name="body"   value="/jsp/ibank3/views/jsp/accounts/autoPayEligibleCard.jsp"/>
  </definition>
  
  <definition name="ibank3.listDefaultSchedulePayments" extends="ibank3.mainLayout">		
	  <put-attribute name="title" value="Scheduled Payments"/>
	  <put-attribute name="body" value="/jsp/ibank3/views/jsp/payment/scheduledPaymentsView.jsp" />
	 <put-attribute name="helpMenu" 		value="TransferandPayment" />	  
	  <put-attribute name="helpSteps" 	value="" />	  
	  <put-attribute name="menuOption" 		value="1" />      
	</definition>
	
	<definition name="ibank3.listExpiredSchedulePayments" extends="ibank3.mainLayout">		
	  <put-attribute name="title" value="Scheduled Payments"/>
	  <put-attribute name="body" value="/jsp/ibank3/views/jsp/payment/scheduledPaymentsExpiredView.jsp" />
	 <put-attribute name="helpMenu" 		value="TransferandPayment" />	  
	  <put-attribute name="helpSteps" 	value="" />	  
	  <put-attribute name="menuOption" 		value="1" />      
	</definition>
	
	<definition name="ibank3.editSchedulePayments" extends="ibank3.mainLayout">		
	  <put-attribute name="title" value="Scheduled Payments"/>
	  <put-attribute name="body" value="/jsp/ibank3/views/jsp/payment/scheduledPaymentEdit.jsp" />
	 <put-attribute name="helpMenu" 		value="TransferandPayment" />	  
	  <put-attribute name="helpSteps" 	value="" />	  
	  <put-attribute name="menuOption" 		value="1" />      
	</definition>	    
	
	<definition name="ibank3.scheduledPaymentConfirm" extends="ibank3.mainLayout">		
	  <put-attribute name="title" value="Scheduled Payments"/>
	  <put-attribute name="body" value="/jsp/ibank3/views/jsp/payment/scheduledPaymentConfirm.jsp" />
	 <put-attribute name="helpMenu" 		value="TransferandPayment" />	  
	  <put-attribute name="helpSteps" 	value="" />	  
	  <put-attribute name="menuOption" 		value="1" />      
	</definition>
	
	
	<definition name="ibank3.scheduledDetails" extends="ibank3.mainLayout">		
	  <put-attribute name="title" value="Scheduled Payments"/>
	  <put-attribute name="body" value="/jsp/ibank3/views/jsp/payment/scheduledPaymentEdit.jsp" />
	 <put-attribute name="helpMenu" 		value="TransferandPayment" />	  
	  <put-attribute name="helpSteps" 	value="" />	  
	  <put-attribute name="menuOption" 		value="1" />  
	</definition>
	

	<definition name="ibank3.scheduledBPayConfirm" extends="ibank3.mainLayout">		
	  <put-attribute name="title" value="Scheduled Payments"/>
	  <put-attribute name="body" value="/jsp/ibank3/views/jsp/payment/scheduledBPayConfirm.jsp" />
	 <put-attribute name="helpMenu" 		value="TransferandPayment" />	  
	  <put-attribute name="helpSteps" 	value="" />	  
	  <put-attribute name="menuOption" 		value="1" />      
	</definition>

	<definition name="ibank3.scheduledPaymentDeleteConfirm" extends="ibank3.mainLayout">
		<put-attribute name="title" value="Scheduled Payments"/>
		<put-attribute name="body" value="/jsp/ibank3/views/jsp/payment/scheduledPaymentDeleteConfirm.jsp" />
		<put-attribute name="helpMenu" 		value="TransferandPayment" />
		<put-attribute name="helpFunction" 	value="Schedule" />
		<put-attribute name="helpSteps" 	value="DeleteConfirm" />
		<put-attribute name="menuOption" 		value="1" />
	</definition>

	<definition name="ibank3.schedulePaymentIbankSecure" extends="ibank3.mainLayout">
		<put-attribute name="title" value="Scheduled Payments"/>
		<put-attribute name="body" value="/jsp/ibank3/views/jsp/payment/scheduledPaymentTPSecure.jsp" />
		<put-attribute name="helpMenu" 		value="TransferandPayment" />
		<put-attribute name="helpFunction" 	value="Schedule" />
		<put-attribute name="helpSteps" 	value="" />
		<put-attribute name="menuOption" 		value="1" />
	</definition>

	<definition name="ibank3.schedulePaymentScheduledReceipt" extends="ibank3.mainLayout">
		<put-attribute name="title" value="Scheduled Payments"/>
		<put-attribute name="body" value="/jsp/ibank3/views/jsp/payment/scheduledReceipt.jsp" />
		<put-attribute name="helpMenu" 		value="TransferandPayment" />
		<put-attribute name="helpFunction" 	value="Schedule" />
		<put-attribute name="helpSteps" 	value="" />
		<put-attribute name="menuOption" 		value="1" />
	</definition>

	<definition name="ibank3.schedulePaymentIbankBPaySecure" extends="ibank3.mainLayout">
		<put-attribute name="title" value="Scheduled Payments"/>
		<put-attribute name="body" value="/jsp/ibank3/views/jsp/payment/scheduledPaymentBPaySecure.jsp" />
		<put-attribute name="helpMenu" 		value="TransferandPayment" />
		<put-attribute name="helpFunction" 	value="Schedule" />
		<put-attribute name="helpSteps" 	value="" />
		<put-attribute name="menuOption" 		value="1" />
	</definition>

	<definition name="ibank3.listSuspendedSchedulePayments" extends="ibank3.mainLayout">
	  <put-attribute name="title" value="Scheduled Payments"/>
	  <put-attribute name="body" value="/jsp/ibank3/views/jsp/payment/scheduledPaymentSuspended.jsp" />
	  <put-attribute name="helpMenu" 		value="TransferandPayment" />	  
	  <put-attribute name="helpSteps" 	value="" />	  
	  <put-attribute name="menuOption" 		value="1" />
	</definition>
			    
</tiles-definitions>

 