<?xml version="1.0" encoding="UTF-8"?>
<beans xmlns="http://www.springframework.org/schema/beans" 
				xmlns:xsi="http://www.w3.org/2001/XMLSchema-instance"
				xmlns:p="http://www.springframework.org/schema/p" 
				xmlns:sws="http://www.springframework.org/schema/web-services"
    			xmlns:oxm="http://www.springframework.org/schema/oxm"
				xmlns:util="http://www.springframework.org/schema/util"
       			xsi:schemaLocation=
       				"http://www.springframework.org/schema/beans 
       				http://www.springframework.org/schema/beans/spring-beans-3.0.xsd
       	 			http://www.springframework.org/schema/web-services
       				http://www.springframework.org/schema/web-services/web-services-2.0.xsd
       				http://www.springframework.org/schema/oxm 
       				http://www.springframework.org/schema/oxm/spring-oxm-1.5.xsd
					http://www.springframework.org/schema/util
					http://www.springframework.org/schema/util/spring-util-2.0.xsd">
		
	<bean id="safiService" class="au.com.stgeorge.ibank.safi.businessobject.SafiServiceImpl">
		<property name="safiWebServiceTemplate" ref="safiWebServiceTemplate" />
		<property name="j2cSafiCallerAliasName" value="safiCallerAlias" />
		<property name="perfLogger">
			<ref bean="perfLogger" />
		</property>
	</bean>	
	<bean id="safiWebServiceTemplate" class="org.springframework.ws.client.core.WebServiceTemplate">
		<constructor-arg ref="safiMessageFactory" />
		<property name="marshaller" ref="safiJAXbMarshaller" />
		<property name="unmarshaller" ref="safiJAXbMarshaller" />
		<!-- <property name="defaultUri" value="https://aaopapp02-sit2-olb.rcc.nsw.westpac.com.au/AdaptiveAuthentication/services/AdaptiveAuthentication/" /> -->
		<!-- <property name="defaultUri" value="https://AU2004STE526-aaopapp02.estestau.wbctestau.westpac.com.au/AdaptiveAuthentication/services/AdaptiveAuthentication/" /> -->
		 <property name="defaultUri" value="https://AU2004STE479-aaopapp02.estestau.wbctestau.westpac.com.au/AdaptiveAuthentication/services/AdaptiveAuthentication/" />
		<!-- <property name="defaultUri" value="https://aaopapp02-sit2-olb.rcc.nsw.westpac.com.au/AdaptiveAuthentication/services/AdaptiveAuthentication/" /> -->
		<property name="messageSender">
			<ref bean="safiMessageSender" />
		</property>
	</bean>	
	
	<!-- 	Uncomment below 2 beans and comment above two beans to connect online reg and efinance to SAFI1	 -->	
	<!-- bean id="safiService" class="au.com.stgeorge.ibank.safi.businessobject.SafiServiceImpl">
		<property name="safiWebServiceTemplate" ref="safiWebServiceTemplate" />
		<property name="j2cSafiCallerAliasName" value="safiCallerOnlineRegAlias" />
		<property name="perfLogger">
			<ref bean="perfLogger" />
		</property>
	</bean-->	
	<!-- bean id="safiWebServiceTemplate" class="org.springframework.ws.client.core.WebServiceTemplate">
		<constructor-arg ref="safiMessageFactory" />
		<property name="marshaller" ref="safiJAXbMarshaller" />
		<property name="unmarshaller" ref="safiJAXbMarshaller" />
		<property name="defaultUri" value="https://aaopapp02-sit2-olb.rcc.nsw.westpac.com.au/AdaptiveAuthentication/services/AdaptiveAuthentication/" />
		<property name="messageSender">
			<ref bean="safiMessageSender" />
		</property>
	</bean-->
		

	<bean id="safiMessageFactory" class="org.springframework.ws.soap.saaj.SaajSoapMessageFactory">
		<property name="soapVersion">
			<util:constant static-field="org.springframework.ws.soap.SoapVersion.SOAP_11" />
		</property>
	</bean>
	
	<bean id="safiJAXbMarshaller" class="org.springframework.oxm.jaxb.Jaxb2Marshaller">
		<property name="contextPaths">
			<list>
				<value>au.com.rsa.ps.permexemption</value>
				<value>au.com.rsa.ps.securid</value>
				<value>au.com.rsa.ps.smsotp</value>
				<value>au.com.rsa.ps.tempexemption</value>
				<value>au.com.rsa.ps.token</value>
				<value>com.rsa.csd.externalmethod1.ws</value>
				<value>com.rsa.csd.externalmethod2.ws</value>
				<value>com.rsa.csd.externalmethod3.ws</value>
				<value>com.rsa.csd.kba.ws</value>
				<value>com.rsa.csd.oobbio.ws</value>
				<value>com.rsa.csd.oobgen.ws</value>
				<value>com.rsa.csd.oobsms.ws</value>
				<value>com.rsa.csd.otpmobileapp.ws</value>
				<value>com.rsa.csd.trx</value>
				<value>com.rsa.csd.ws</value>
			</list>
		</property>  
	</bean> 	
	
	<bean id="safiMessageSender" scope="prototype"  class="org.springframework.ws.transport.http.HttpComponentsMessageSender"> 
        <property name="httpClient">
			<bean factory-bean="safi2WebSphereSSLContextFactory" factory-method="getHttpClient"/>
		</property>
		<property name="connectionTimeout" value="12000"/>
		<property name="readTimeout" value="12000"/>
	</bean> 
	
	<bean id="safiWebSphereSSLContextFactory" scope="prototype" class="au.com.westpac.jcx.reference.websphere.security.WebSphereSSLContextFactory">
		<constructor-arg type="java.lang.String" value="safidev"/>
	</bean>		
	
	<bean id="safi2Service" class="au.com.stgeorge.ibank.safi.businessobject.Safi2ServiceImpl">
		<property name="safi2WebServiceTemplate" ref="safi2WebServiceTemplate" />
		<property name="j2cSafiCallerAliasName" value="safiCallerAlias" />
		<property name="perfLogger">
		<ref bean="perfLogger" />
		</property>
		<property name="ibankRefreshParams" ref="ibankRefreshParams" />
	</bean>
		
	<bean id="safi2WebServiceTemplate" class="org.springframework.ws.client.core.WebServiceTemplate">
		<constructor-arg ref="safiMessageFactory" />
		<property name="marshaller" ref="safiJAXbMarshaller" />
		<property name="unmarshaller" ref="safiJAXbMarshaller" />
		<!-- <property name="defaultUri" value="https://aaopapp02-sit1-olb.rcc.nsw.westpac.com.au/AdaptiveAuthentication/services/AdaptiveAuthentication/" /> -->
		<!--<property name="defaultUri" value="https://aaopapp02-sit2-olb.rcc.nsw.westpac.com.au/AdaptiveAuthentication/services/AdaptiveAuthentication/" />-->
		<!-- <property name="defaultUri" value="https://AU2004STE526-aaopapp02.estestau.wbctestau.westpac.com.au/AdaptiveAuthentication/services/AdaptiveAuthentication/" /> -->
		<property name="defaultUri" value="https://AU2004STE479-aaopapp02.estestau.wbctestau.westpac.com.au/AdaptiveAuthentication/services/AdaptiveAuthentication/" />
		
		<property name="messageSender">
			<ref bean="safi2MessageSender" />
		</property>
	</bean>	
	
	<bean id="safi2MessageSender" scope="prototype"  class="org.springframework.ws.transport.http.HttpComponentsMessageSender"> 
        <property name="httpClient">
			<bean factory-bean="safi2WebSphereSSLContextFactory" factory-method="getHttpClient"/>
		</property>
		<property name="connectionTimeout" value="1000"/>
		<property name="readTimeout" value="3000"/>
	</bean> 
	
	<bean id="safi2WebSphereSSLContextFactory" scope="prototype" class="au.com.stgeorge.ibank.safi.businessobject.WebSphereSSLContextTimeoutFactory">
		<constructor-arg type="java.lang.String" value="safidev"/>
		<property name="maxConnection" value="20"/>
        <property name="maxConnectionPerRoute" value="20"/>
	</bean>	
	
</beans>