<?xml version="1.0" encoding="UTF-8"?>
<beans default-init-method="init"
  xmlns="http://www.springframework.org/schema/beans"
       xmlns:xsi="http://www.w3.org/2001/XMLSchema-instance"
       xmlns:aop="http://www.springframework.org/schema/aop"
       xmlns:tx="http://www.springframework.org/schema/tx"
       xmlns:flow="http://www.springframework.org/schema/webflow-config"
     xmlns:jee="http://www.springframework.org/schema/jee"
       xmlns:util="http://www.springframework.org/schema/util"
	   xmlns:context="http://www.springframework.org/schema/context"
	   xmlns:mvc="http://www.springframework.org/schema/mvc"
       xsi:schemaLocation="
           http://www.springframework.org/schema/beans
           http://www.springframework.org/schema/beans/spring-beans-3.0.xsd
       http://www.springframework.org/schema/jee 
           http://www.springframework.org/schema/jee/spring-jee-3.0.xsd
           http://www.springframework.org/schema/util 
           http://www.springframework.org/schema/util/spring-util-3.0.xsd
          http://www.springframework.org/schema/context 
        http://www.springframework.org/schema/context/spring-context-3.0.xsd
        http://www.springframework.org/schema/mvc
        http://www.springframework.org/schema/mvc/spring-mvc-3.0.xsd">

	<context:component-scan base-package="au.com.stgeorge.ibank.service.controller" />

	<mvc:annotation-driven />

  <bean id="simplifiedLogonDao"   class="au.com.stgeorge.ibank.service.dao.impl.SimplifiedLogonDaoImpl">
    <property name="dataSource">
      <ref bean="messageCentreDB"/>
    </property>
  </bean>

  <bean id="simplifiedLogonArchiveDao"   class="au.com.stgeorge.ibank.service.dao.impl.SimplifiedLogonArchiveDaoImpl">
    <property name="dataSource">
      <ref bean="messageCentreDB"/>
    </property>
  </bean>


  <bean id="custDeviceDao"   class="au.com.stgeorge.ibank.service.dao.impl.CustDeviceDaoImpl">
    <property name="dataSource">
      <ref bean="messageCentreDB"/>
    </property>
  </bean>

  <bean id="custServiceDao"   class="au.com.stgeorge.ibank.service.dao.impl.CustServiceDaoImpl">
    <property name="dataSource">
      <ref bean="messageCentreDB"/>
    </property>
  </bean>

  <bean id="custServiceRegistrationArchiveDao"   class="au.com.stgeorge.ibank.service.dao.impl.CustServiceRegistrationArchiveDaoImpl">
    <property name="dataSource">
      <ref bean="messageCentreDB"/>
    </property>
  </bean>

  <bean id="custServiceRegistrationDao"   class="au.com.stgeorge.ibank.service.dao.impl.CustServiceRegistrationDaoImpl">
    <property name="dataSource">
      <ref bean="messageCentreDB"/>
    </property>
  </bean>

  <bean id="moneyMtrArchiveDao"   class="au.com.stgeorge.ibank.service.dao.impl.MoneyMtrArchiveDaoImpl">
    <property name="dataSource">
      <ref bean="messageCentreDB"/>
    </property>
  </bean>

  <bean id="moneyMtrDao"   class="au.com.stgeorge.ibank.service.dao.impl.MoneyMtrDaoImpl">
    <property name="dataSource">
      <ref bean="messageCentreDB"/>
    </property>
  </bean>

  <bean id="registrationTokenDao"   class="au.com.stgeorge.ibank.service.dao.impl.RegistrationTokenDaoImpl">
    <property name="dataSource">
      <ref bean="messageCentreDB"/>
    </property>
  </bean>

  <bean id="custServiceSearchDao"   class="au.com.stgeorge.ibank.service.dao.impl.CustServiceSearchDaoImpl">
    <property name="dataSource">
      <ref bean="messageCentreDB"/>
    </property>
  </bean>

   <bean id="wsAcctService"   class="au.com.stgeorge.ibank.service.businessobject.AccountServiceImpl">
    <property name="custServiceDao">
      <ref bean="custServiceDao"/>
    </property>
    <property name="wmqiService">
      <ref bean="wmqiService"/>
    </property>
	<property name="registrationTokenDao">
      <ref bean="registrationTokenDao"/>
    </property>
	<property name="moneyMtrDao">
      <ref bean="moneyMtrDao"/>
    </property>
	<property name="custServiceSearchDao">
      <ref bean="custServiceSearchDao"/>
    </property>
	<property name="custServiceRegistrationDao">
      <ref bean="custServiceRegistrationDao"/>
    </property>
    <property name="moneyMtrArchiveDao">
      <ref bean="moneyMtrArchiveDao"/>
    </property>
	<property name="tokenExpiryDays" value="30"/>
  </bean>

  <bean id="wsRegServiceTarget"   class="au.com.stgeorge.ibank.service.businessobject.RegistrationServiceImpl">
    <property name="registrationTokenDao">
      <ref bean="registrationTokenDao"/>
    </property>
    <property name="custServiceSearchDao">
      <ref bean="custServiceSearchDao"/>
    </property>
    <property name="custServiceRegistrationDao">
      <ref bean="custServiceRegistrationDao"/>
    </property>
    <property name="custDeviceDao">
      <ref bean="custDeviceDao"/>
    </property>
    <property name="moneyMtrDao">
      <ref bean="moneyMtrDao"/>
    </property>
    <property name="custServiceDao">
      <ref bean="custServiceDao"/>
    </property>
    <property name="custServiceRegistrationArchiveDao">
      <ref bean="custServiceRegistrationArchiveDao"/>
    </property>
    <property name="moneyMtrArchiveDao">
      <ref bean="moneyMtrArchiveDao"/>
    </property>
    <property name="tokenExpiryDays" value="30"/>
  </bean>

   <bean id="simplifiedLogonService"   class="au.com.stgeorge.ibank.service.businessobject.SimplifiedLogonServiceImpl">
		<property name="simplifiedLogonDao">
			<ref bean="simplifiedLogonDao"/>
		</property>
		<property name="simplifiedLogonArchiveDao">
			 <ref bean="simplifiedLogonArchiveDao"/>
		</property>
		<property name="authenticationService">
			 <ref bean="authenticationService"/>
		</property>
  </bean>
  
  
	<bean id="transactionManagerSQL" class="org.springframework.jdbc.datasource.DataSourceTransactionManager">
		<property name="dataSource">
			<ref bean="messageCentreDB"/>
		</property>
	</bean>  

  <bean id="wsRegService" class="org.springframework.transaction.interceptor.TransactionProxyFactoryBean">
    <property name="target">
      <ref bean="wsRegServiceTarget" />
    </property>
    <property name="transactionManager">
      <ref bean="transactionManagerSQL" />
    </property>

	<property name="transactionAttributes">
		<props>
			<prop key="register">PROPAGATION_REQUIRED</prop>
			<prop key="deregister">PROPAGATION_REQUIRED,timeout_1</prop>			
			<prop key="autoDeregister">PROPAGATION_REQUIRED,timeout_1</prop>		
		</props>
	</property>
  </bean>

	<bean id="serverNameToOriginMap" class="org.springframework.beans.factory.config.MapFactoryBean">
		<property name="sourceMap">
			<map>
				<entry>
					<key><value>e2eibank.banksa.com.au</value></key>
					<value>BSAS</value>
				</entry>
				<entry>
					<key><value>e2eibank.bankofmelbourne.com.au</value></key>
					<value>BOMS</value>
				</entry>  
				<entry>
					<key><value>e2eibank.stgeorge.com.au</value></key>
					<value>STGS</value>
				</entry>  
			</map>
		</property>
	</bean>

	<bean id="smpLgnSrvNameToOriginMap" class="org.springframework.beans.factory.config.MapFactoryBean">
		<property name="sourceMap">
			<map>
				<entry>
					<key><value>e2eibank.banksa.com.au</value></key>
					<value>BSAM</value>
				</entry>
				<entry>
					<key><value>e2eibank.bankofmelbourne.com.au</value></key>
					<value>BOMM</value>
				</entry>   
				<entry>
					<key><value>e2eibank.stgeorge.com.au</value></key>
					<value>STGM</value>
				</entry>  
			</map>
		</property>
	</bean>

	<bean id="originResolver" class="au.com.stgeorge.ibank.service.util.OriginResolverImpl">
		<property name="serverNameToOriginMap" ref="serverNameToOriginMap"/>
		<property name="smpLgnSrvNameToOriginMap" ref="smpLgnSrvNameToOriginMap"/>
		<property name="contextPath" value="services"/>
	</bean>
	
	<bean id="webServiceHelper" class="au.com.stgeorge.ibank.service.helper.WebServiceHelper"></bean>

</beans>
