<origin-list>
<!--
An origin is determined by matching all its elements.  An origin can have all, some, or one of its elements specified.  One or more of request
elements can be specified.  All elements of an origin are:

<origin name="originName">
	<context-root path="contextPath"/>
	<server name="serverName"/>
	<parameter-list>
		<parameter name="name1" value="value1"/>
	</parameter-list>
</origin>

Example:
	<origin name="STG">
		<context-root path="InternetBanking"/>
	</origin>
	
	<origin name="BSA">
		<server name="www.bsa.com.au"/>
	</origin>	
	
	<origin name="Staff">
		<parameter-list>
			<parameter name="brand" value="staff"/>
			<parameter name="app" value="direct"/>
		</parameter-list>
	</origin>		
	
	Any combination of the above.
	
NOTE: It is non-deterministic if an element is found in two or more origins.  That is, the following case should be avoided:
	<origin name="BSA">
		<server name="www.bsa.com.au"/>
	</origin>	
	
	<origin name="Staff">
		<server name="www.bsa.com.au"/>
		<parameter-list>
			<parameter name="brand" value="staff"/>
			<parameter name="app" value="direct"/>
		</parameter-list>
				<ipaddress addr="10.0.88.159,127.0.0.1"/>
		
	</origin>
-->

     <origin name="ProxyIPs">
     		<ipaddress addr="203.16.39.200,166.120.203.200,166.120.202.200,166.120.202.203,166.120.203.203,166.120.202.204,166.120.202.205,166.120.203.204,166.120.203.205,10.51.16.221,10.51.5.241,203.24.1.138,203.24.1.139,203.24.1.136,203.24.1.137,203.24.7.8,203.24.7.9,203.10.111.39,203.10.111.38"/>	
     </origin>	
	<origin name="ASG">
		<context-root path="ibank"/>
		<server name="ibankingecash.stgeorge.com.au"/> 
		<parameter-list>
			<parameter name="origin" value="asg"/>
		</parameter-list>
	</origin>
	
	
	<origin name="STG">
		<context-root path="ibank"/>
		<server name="ibanking.stgeorge.com.au"/>
		<parameter-list>
			<parameter name="origin" value="stg"/>
		</parameter-list>
	</origin>

	
	<origin name="BSA">
		<context-root path="ibank"/>
		<server name="ibanking.banksa.com.au"/>
		<parameter-list>
			<parameter name="origin" value="bsa"/>
		</parameter-list>
	</origin>
	
	<origin name="BOM">
		<context-root path="ibank"/>
		<server name="ibanking.bankofmelbourne.com.au"/>
		<parameter-list>
			<parameter name="origin" value="bom"/>
		</parameter-list>
	</origin>
	
	
	<!-- Test farms origin resolver  start -->
	
	<origin name="STG">
		<context-root path="ibank"/>
		<server name="ibank1test.stgeorge.com.au"/>
		<parameter-list>
			<parameter name="origin" value="stg"/>
		</parameter-list>
	</origin>

	<origin name="BSA">
		<context-root path="ibank"/>
		<server name="ibank1test.banksa.com.au"/>
		<parameter-list>
			<parameter name="origin" value="bsa"/>
		</parameter-list>
	</origin>
	
	<origin name="BOM">
		<context-root path="ibank"/>
		<server name="ibank1test.bankofmelbourne.com.au"/>
		<parameter-list>
			<parameter name="origin" value="bom"/>
		</parameter-list>
	</origin>
	
	<!-- Test farms origin resolver  end -->

	
</origin-list>
