<?xml version="1.0" encoding="UTF-8"?>
<!DOCTYPE struts-config PUBLIC "-//Apache Software Foundation//DTD Struts Configuration 1.3//EN"
                               "http://jakarta.apache.org/struts/dtds/struts-config_1_3.dtd">

<struts-config>

	<!-- Form Beans -->
	<form-beans>

		<!-- View Account Details Action Form -->
		<form-bean name="accountDetailForm" type="au.com.stgeorge.ibank.view.account.ViewAccountDetailsForm" />
		
		<!-- Third Party Form -->
		<form-bean name="thirdPartyForm" type="au.com.stgeorge.ibank.view.account.ThirdPartyForm" />

		<!-- Edit Third Party Form -->
		<form-bean name="editThirdPartyForm" type="au.com.stgeorge.ibank.view.account.EditThirdPartyForm" />

		<!-- Add Third Party Form -->
		<form-bean name="addThirdPartyForm" type="au.com.stgeorge.ibank.view.account.AddThirdPartyForm" />

		<!-- Delete Third Party Form -->
		<form-bean name="deleteThirdPartyForm" type="au.com.stgeorge.ibank.view.account.DeleteThirdPartyForm" />

		<!-- Delete BPay Account Form -->
		<form-bean name="deleteBPayForm" type="au.com.stgeorge.ibank.view.account.DeleteBPayAccountForm" />

		<!-- Group Form -->
		<form-bean name="groupForm" type="au.com.stgeorge.ibank.view.account.GroupForm" />

		<!-- New Term Deposit Form -->
		<form-bean name="newTermDepositForm" type="au.com.stgeorge.ibank.view.account.OpenTermDepositForm" />

		<!-- New Account Form -->
		<form-bean name="newDDAForm" type="au.com.stgeorge.ibank.view.account.OpenNewAccountForm" />

		<!-- Renew Term deposit Form -->
		<form-bean name="renewTermDepositForm" type="au.com.stgeorge.ibank.view.account.RenewTermDepositForm" />

    <!-- Session Receipts form-->
		<form-bean name="sessionReceiptsForm" type="au.com.stgeorge.ibank.view.customer.SessionReceiptsForm" />

		<!--Umbrella -->
		<form-bean name="pfolioLimitsForm" type="au.com.stgeorge.ibank.view.account.UmbrellaLimitsForm" />
		<!--Online Cheque Deposit-->
		<form-bean name="onlineChequeForm" type="au.com.stgeorge.ibank.view.account.OnlineChequeForm" />
		<!--Margin Lending-->
		<form-bean name="marginLendingForm" type="au.com.stgeorge.ibank.view.account.MarginLendingForm" />
		<!--Financial Years's Interest-->
		<form-bean name="financialYearInterestForm" type="au.com.stgeorge.ibank.view.account.FinancialYearInterestForm" />
		<!--Packaging-->
		<form-bean name="packagingForm" type="au.com.stgeorge.ibank.view.account.PackagingForm" />
		
		<form-bean name="bpayBillForm" type="au.com.stgeorge.ibank.view.account.BPayBillerForm" />
		<form-bean name="creditLimitIncForm" type="au.com.stgeorge.ibank.view.account.CreditLimitIncreaseForm" />
		<form-bean name="ccDisputeForm" type="au.com.stgeorge.ibank.view.account.CcDisputeForm" />
		<form-bean name="beneficiaryListForm" type="au.com.stgeorge.ibank.view.account.BeneficiaryListForm" />
		
		<form-bean name="lostCardsForm" type="au.com.stgeorge.ibank.view.account.LostCardsForm" />
		<form-bean name="amplifyCreditCardForm" type="au.com.stgeorge.ibank.view.account.AmplifyCreditCardForm" />
		
	</form-beans>

	<!-- Action Mappings -->
	<action-mappings>
	
<!--  MAINTAIN SENSE SAVINGS TARGET (10R1) -->
      <!--  maintain sense savings target -->
       <action path="/maintainSavingsTarget" scope="request" validate="false" name="accountDetailForm" 
		        type="au.com.stgeorge.ibank.controller.account.MaintainSavingsTargetAction" 
				parameter="method">
           <forward name="default"
		        path="account.maintainSavTarget.tile"></forward>
		   <forward name="success"
		        path="account.maintainSavTarget.tile"></forward>
		   <forward name="multirequests"
		        path="account.maintainSavTarget.multi.tile"></forward>
		   <forward name="cancel"
		        path="landingPage.do?method=processLandingPage&amp;source=maintenance"></forward>
		   <forward name="accountdetails" path="viewAccountDetails.do"></forward>
        </action>

<!--  END MAINTAIN SENSE SAVINGS TARGET -->

<!-- VIEW ACCOUNT DETAILS (UCA-001) -->
		<!-- view account details -->
		<action path="/viewAccountDetails" validate="false" name="accountDetailForm" scope="request"
			input="ibank.userError" type="au.com.stgeorge.ibank.controller.account.ViewAccountDetailsAction">
			<forward name="success" path="account.details.tile"></forward>
			<!-- Not used : forward name="loansuccess" path="account.details.tileII"></forward-->
			<forward name="failure" path="viewAccountPortfolio.html" redirect="true"></forward>
			<!-- Transaction History Redesign changes start -->
			<forward name="accountdetails" path="viewAccountDetails.do"></forward>
			<!-- changes end -->
			<!-- CR-7 My accounts redesign-->
			<forward name="transactionhistory" path="viewTransactionHistory.do?source=viewTransactions"></forward>
			<forward name="default" path="account.details.tile"></forward>
			<forward name="senseSNS" path="account.maintainSavTarget.tile"></forward>
			<forward name="impNotes" path="creditcard.productTransferInfo.tile"></forward>
			<forward name="tdaAccntPayInst" path="tda.account.inst"></forward>
		</action>
<!-- END VIEW ACCOUNT DETAILS (UCA-001) -->

<!-- OPEN NEW ACCOUNT (UCA-002) -->
         <!-- new DDA account initial page -->
         <action path="/newAccountOpen" validate="false" name="newDDAForm" scope="request" 
			input="ibank.userError" parameter="method" type="au.com.stgeorge.ibank.controller.account.openNewAccountTypeAction">
			<forward name="success" path="open.new.account.select"></forward>
			<forward name="everydayAccounts" path="open.new.account.everyday"></forward>
			<forward name="everydayAccountsNew" path="open.new.account.everyday.repositioning"></forward>
			<forward name="investmentAccounts" path="open.new.account.investment"></forward>
			<forward name="investmentAccountsNew" path="open.new.account.investment.repositioning"></forward>
			<forward name="savingAccounts" path="open.new.account.saving"></forward>
			<forward name="savingAccountsNew" path="open.new.account.saving.repositioning"></forward>
			<forward name="creditcard" path="open.new.account.creditcard"></forward>
			<forward name="personalLoans" path="open.new.account.personalloan"></forward>
			<forward name="marginlending" path="open.new.account.marginlending"></forward>			
			<forward name="btAccounts" path="ibank.bt.productOverview"></forward> 
			<forward name="homeLoan" path="open.new.account.homeloan"></forward> 
			<forward name="directshares" path="open.new.account.directshares"></forward>
			<forward name="noAccess" path="acct.open.error"></forward>
		</action>
    
		<!-- new DDA account initial page -->
		<action path="/newDDADetails" validate="false" name="newDDAForm" scope="request"
			input="ibank.userError" parameter="method" type="au.com.stgeorge.ibank.controller.account.OpenNewAccountSelectAction">
			<forward name="fsranews" path="dda.FSRA.news"></forward>
			<forward name="directsaver" path ="open.new.account.directsaver" />
			<forward name="everyDayAccountsError" path ="newAccountOpen.do?method=processEverydayAccounts" />
			<forward name="savingsAccountsError" path ="newAccountOpen.do?method=processSavingAccounts" />
			<forward name="investmentAccountsError" path ="newAccountOpen.do?method=processInvestmentAccounts" />
			<forward name="selectWorkingAcct" path="hisa.select.workingacct"></forward>
			<forward name="diysuper" path="dda.diysuper.info"></forward>
			<forward name="noAccess" path="acct.open.error"></forward>
		</action>

		<action path="/openNewDDADetails" validate="false" name="newDDAForm" scope="request"
			input="ibank.userError" parameter="method"  type="au.com.stgeorge.ibank.controller.account.OpenNewAccountSelectAction">
			<forward name="success" path="dda.details.options"></forward>
			<forward name="default" path="landingPage.do?method=processLandingPage&amp;source=newAccounts"></forward>
			<forward name="failure" path="dda.FSRA.news"></forward>
		</action>

		<!-- new account confirm and save page -->
		<action path="/newDDASave" validate="false" name="newDDAForm" scope="request"
			input="ibank.userError" parameter="method" type="au.com.stgeorge.ibank.controller.account.OpenNewAccountSaveAction">
			<forward name="success" path="dda.new.receipt"></forward>
			<forward name="default" path="dda.new.confirm"></forward>
			<forward name="failure" path="dda.details.options"></forward>
			<forward name="landingPage" path="landingPage.do?method=processLandingPage&amp;source=newAccounts"></forward>
			<forward name="previous" path="dda.FSRA.news"></forward>
			<forward name="duplicateConfirm" path="dda.duplicate.confirm"></forward>			
			<forward name="senseReceipt" path="dda.new.sensereceipt"></forward>	
			<forward name="defaultRegion" path="selectRegionBranch.do?method=processDefault"></forward>
			<forward name="setup" path="dda.workingacct.details"></forward>
			<forward name="hisaWorkAcctReceipt" path="dda.new.hisaWorkAcctReceipt"></forward>
		</action>
		
		<action path="/selectRegionBranch" validate="false" name="newDDAForm" scope="request"
		     input="ibank.userError" type="au.com.stgeorge.ibank.controller.account.SelectRegionBranchAction" parameter="method">
		     <forward name="default" path="new.account.defaultregion"></forward>
             <forward name="locatebranch" path="new.account.defaultregion"></forward>
             <forward name="previousFrmConfirm" path="new.account.defaultregion"></forward>
             <!-- DDA Account -->
             <forward name="confirmDDA" path="dda.new.confirm"></forward>
		     <forward name="previousDDAActDet" path="dda.details.options"></forward>
			 <forward name="previousWorkActDet" path="dda.workingacct.details"></forward>
		     <!-- TDA Account -->
		     <forward name="confirmTDA" path="openTermDeposit.do?method=processSelectedRegionBranch"></forward>
		     <forward name="previousTDAActDet"  path="openTermDeposit.do?method=processPreviousToNewTDAInstructions"></forward>
	   </action>

<!-- OPEN NEW ACCOUNT (UCA-002) -->

<!-- VIEW TRANSACTION HISTORY (UCA-017) && EXPORT TRANSACTIONS (UCA-005) -->
		<!-- view financial history page -->
		<action path="/viewTransactionHistory" validate="false" name="accountDetailForm" scope="request"
			input="account.details.options" type="au.com.stgeorge.ibank.controller.account.ViewTransactionHistoryAction">
			<forward name="default" path="account.details.options"></forward>
			<forward name="success" path="account.transaction.history"></forward>
			<!-- 		 CR-7 My accounts redesign
			<forward name="myaccount" path="viewAccountPortfolio.html"></forward>

			<forward name="accountdetails" path="viewAccountDetails.do"></forward>
			-->
			<forward name="accountdetails" path="viewAccountDetails.do"></forward>
			<forward name="transactionhistory" path="viewTransactionHistory.do?source=viewTransactions"></forward>
			
		</action>

		<!-- view financial history options page -->
		<action path="/viewTransactionHistoryOptions"
			type="au.com.stgeorge.ibank.controller.account.ViewTransactionHistoryAction" name="accountDetailForm" scope="request"
			validate="false">
			<forward name="default" path="account.details.options"></forward>
			<forward name="success" path="account.details.options"></forward>
			
		</action>
<!-- END VIEW TRANSACTION HISTORY (UCA-017) && EXPORT TRANSACTIONS (UCA-005) -->

<!-- OPEN TERM DEPOSIT (UCA-006) -->
		 <!--  10R3 Term deposit refactoring changes -->
        <!-- new term deposit  -->
		<action path="/openTermDeposit" validate="false" name="newTermDepositForm" scope="request"
			input="ibank.userError" parameter="method" type="au.com.stgeorge.ibank.controller.account.OpenTermDepositAction">
			<forward name="default" path="termdep.open.details"></forward>
			<forward name="success" path="termdep.open.details"></forward>
			<forward name="landingPage" path="landingPage.do?method=processLandingPage&amp;source=newAccounts"></forward>
			<forward name="tdaTNC" path="termdep.open.tnc"></forward>
			<forward name="tdaOptions" path="termdep.open.options"></forward>
			<forward name="tdaInterestInstructions" path="termdep.open.interest.details"></forward>
			<forward name="confirm" path="termdep.open.confirm"></forward>
			<forward name="defaultRegion" path="selectRegionBranch.do?method=processDefault&amp;screenId=CDATDA"></forward>
			<forward name="openTDA" path="termdep.open.receipt"></forward>
			<forward name="viewAcctPortfolio" path="viewAccountPortfolio.do?newPage=1&amp;method=processMyAccounts"></forward>
			<forward name="duplicateTDConfirm" path="tda.duplicate.confirm"></forward>
			<forward name="investmentAccountsError" path="newAccountOpen.do?method=processInvestmentAccounts"></forward>
			<forward name="noAccess" path="acct.open.error"></forward>
		</action>
	       
        <action path="/renewTermDeposit" validate="false" name="renewTermDepositForm" scope="request" 
			input="ibank.userError" parameter="method" type="au.com.stgeorge.ibank.controller.account.RenewTermDepositAction">
			<forward name="default" path="termdep.renew.select"></forward>
			<forward name="success" path="termdep.renew.selectinterest"></forward>
			<forward name="tdaTNC" path="termdep.renew.tnc"></forward>
			<forward name="tdaOptions" path="termdep.renew.details"></forward>
			<forward name="confirm" path="termdep.renew.confirm"></forward>
			<forward name="renewTDA" path="termdep.renew.receipt"></forward>
			<forward name="landingPage" path="landingPage.do?method=processLandingPage&amp;source=maintenance"></forward>
			<forward name="defaultInterestInstructions" path="termdep.maintain.instructions"></forward>
			<forward name="confirmInterestInstructions" path="termdep.confirm.instructions"></forward>
			<forward name="maintainTDA" path="termdep.maintain.receipt"></forward>
			<forward name="specialOffer" path="eLeads.do?method=performDisplayLeads"></forward>
			<forward name="viewAcctPortfolio" path="viewAccountPortfolio.do?newPage=1&amp;method=processMyAccounts"></forward>
		</action>
 <!--  10R3 Term deposit refactoring changes -->
 
<!-- ADD THIRD PARTY (UCA-008) -->
<!-- GET THIRD PARTY LIST -->
		<!-- third party initial page -->
		<action path="/getThirdPartyList" validate="false" name="thirdPartyForm" scope="request" parameter="method" 
			input="ibank.userError" type="au.com.stgeorge.ibank.controller.account.ThirdPartyAction">
			<forward name="default" path="thirdparty.list"></forward>
		</action>
		
<!-- GET THIRD PARTY DETAILS -->
		<!-- third party initial page -->
		<action path="/getThirdPartyDetails" validate="false" name="thirdPartyForm" scope="request" parameter="method"
			input="ibank.userError" type="au.com.stgeorge.ibank.controller.account.ThirdPartyAction">
			<forward name="success" path="thirdparty.details"></forward>
			<forward name="delete" path="thirdparty.delete"></forward>
			<forward name="confirm" path="thirdparty.delete"></forward>
			<forward name="default" path="thirdparty.list"></forward>
		</action>

<!-- THIRD PARTY TRANSFER -->
		<!-- third party transfer page -->
		<action path="/transferToThirdParty" validate="false" name="thirdPartyForm" scope="request" parameter="method" 
			input="ibank.userError" type="au.com.stgeorge.ibank.controller.account.ThirdPartyAction">
			<forward name="success" path="processPrePopulatedTPTransfer.do?newPage=1&amp;method=processPrePopulatedTPTransfer"></forward>
		</action>
		
		<!-- Add third party initial page -->
		<action path="/addThirdParty" validate="false" name="thirdPartyForm" scope="request" parameter="method"
			input="ibank.userError" type="au.com.stgeorge.ibank.controller.account.ThirdPartyAction">
			<forward name="add" path="thirdparty.add"></forward>
			<forward name="default" path="thirdparty.list"></forward>
			<forward name="ibankSecure" path="thirdparty.add.secureCode"></forward>
			<forward name="suspendAccess" path="userError.do"></forward>
			<forward name="success" path="thirdparty.add.confirm"></forward>
			<forward name="cancel" path="landingPage.do?method=processLandingPage&amp;source=maintenance"/>
		</action>

<!-- END ADD THIRD PARTY (UCA-008) -->
		<action path="/increaseThirdParty" validate="false" name="thirdPartyForm" scope="request" parameter="method"
			input="ibank.userError" type="au.com.stgeorge.ibank.controller.account.ThirdPartyAction">
			<forward name="success" path="thirdparty.increase"></forward>
		</action>

<!-- EDIT THIRD PARTY (UCA-009) -->
		<!-- edit third party initial page -->
		<!--action path="/editThirdPartySelect" validate="false" name="editThirdPartyForm" scope="request"
			input="ibank.userError" type="au.com.stgeorge.ibank.controller.account.EditThirdPartySelectAction">
			<forward name="success" path="thirdparty.edit"></forward>
		</action-->

		<!-- edit third party modify page -->
		<!-- action path="/editThirdPartyModify" validate="false" name="editThirdPartyForm" scope="request"
			input="ibank.userError" type="au.com.stgeorge.ibank.controller.account.EditThirdPartyModifyAction">
			<forward name="success" path="thirdparty.edit"></forward>
			<forward name="default" path="thirdparty.increase"></forward>
		</action-->

		<!-- edit third party confirm page -->
		<!-- action path="/editThirdPartyConfirm" validate="false" name="editThirdPartyForm" scope="request"
			input="ibank.userError" type="au.com.stgeorge.ibank.controller.account.EditThirdPartyConfirmAction">
			<forward name="success" path="thirdparty.edit.confirm"></forward>
			<forward name="failure" path="thirdparty.edit"></forward>
		</action-->

		<!-- edit third party save page -->
		<!-- action path="/editThirdPartySave" validate="false" name="editThirdPartyForm" scope="request"
			input="ibank.userError" type="au.com.stgeorge.ibank.controller.account.EditThirdPartySaveAction">
			<forward name="success" path="thirdparty.edit.confirm"></forward>
			<forward name="failure" path="thirdparty.edit.confirm"></forward>
		</action-->
<!-- END EDIT THIRD PARTY (UCA-009) -->

<!-- DELETE THIRD PARTY (UCA-011) -->
		<!-- delete third party select page -->
		<action path="/deleteThirdPartySelect" validate="false" name="deleteThirdPartyForm" scope="request"
			input="ibank.userError" type="au.com.stgeorge.ibank.controller.account.DeleteThirdPartySelectAction">
			<forward name="success" path="thirdparty.delete"></forward>
			<forward name="failure" path="thirdparty.delete"></forward>
		</action>

		<!-- delete third party delete page -->
		<action path="/deleteThirdPartyDelete" validate="false" name="deleteThirdPartyForm" scope="request"
			input="ibank.userError" type="au.com.stgeorge.ibank.controller.account.DeleteThirdPartyDeleteAction">
			<forward name="success" path="thirdparty.delete.success"></forward>
			<forward name="failure" path="thirdparty.delete"></forward>
			<forward name="cancel" path="landingPage.do?method=processLandingPage&amp;source=maintenance"/>
		</action>
<!-- END DELETE THIRD PARTY (UCA-011) -->

<!-- DELETE BPAY ACCOUNT (UCA-015) -->
		<!-- delete bpay select page -->
		<action path="/deleteBPaySelect" validate="false" name="deleteBPayForm" scope="request"
			input="ibank.userError" type="au.com.stgeorge.ibank.controller.account.DeleteBPayAccountSelectAction">
			<forward name="success" path="bpay.delete"></forward>
			<forward name="failure" path="bpay.delete"></forward>
		</action>

		<!-- delete bpay delete page -->
		<action path="/deleteBPayDelete" validate="false" name="deleteBPayForm" scope="request"
			input="ibank.userError" type="au.com.stgeorge.ibank.controller.account.DeleteBPayAccountDeleteAction">
			<forward name="success" path="bpay.delete.success"></forward>
			<forward name="failure" path="bpay.delete"></forward>
			<forward name="cancel" path="landingPage.do?method=processLandingPage&amp;source=maintenance"/>
		</action>
<!-- END DELETE BPAY ACCOUNT (UCA-015) -->

		<action path="/bpayBiller" validate="false" name="bpayBillForm" scope="request"
			input="ibank.userError" parameter="method" type="au.com.stgeorge.ibank.controller.account.BPayBillerAction">
			<forward name="bpayBillerList"	path="account.bpay.bpayBillerList.tile"/>
			<forward name="bpayBillerDetails"	path="account.bpay.bpayBillerDetails.tile"/>
			<forward name="addBpayBiller"	path="account.bpay.addBpayBiller.tile"/>
			<forward name="addBpayBillerConfirm"	path="account.bpay.addBpayBillerConfirm.tile"/>
			<forward name="deleteBpayBillerConfirm"	path="account.bpay.deleteBpayBillerConfirm.tile"/>
			<forward name="ibankBPaySecure" 			path="account.bpay.securecode.tile"/>
			<forward name="suspendAccess" path="userError.do"/>
			<forward name="defaultPayBiller"	path="/bpay.do?method=processDefaultPayBpayBiller&amp;newPage=1"/>	
			<forward name="registerBpayView"	path="/registerBiller.do"/>		
		</action>		
	

<!-- VIEW ACCOUNT PORTFOLIO (UCA-016) -->
		<!-- view account portfolio -->
		<action path="/viewAccountPortfolio" validate="false" name="accountDetailForm" scope="request" 
			input="ibank.userError" type="au.com.stgeorge.ibank.controller.account.ViewAccountPortfolioAction"
			parameter="method">
			<forward name="success" path="account.portfolio.tile"></forward>
			<forward name="accountdetails" path="viewAccountDetails.do"></forward>
			<!-- changes 			 CR-7 My accounts redesign
			<forward name="transactionhistory" path="viewTransactionHistory.do?source=viewTransactions"></forward>
			-->
			<forward name="modifyschedule" path="scheduledPayments.do?method=processSchedules"></forward>
			<forward name="default" path="viewAccountPortfolio.html" redirect="true"></forward>
			<forward name="requestMLMerge" path="marginLending.do?method=performMLRequestMerge"></forward>
			<forward name="processLogonType" path="processLogonType.do?method=processDefault"> </forward>
			<forward name="btacctpage" path="ibank.bt.accountDetails"></forward>
			<forward name="impNotes" path="creditcard.productTransferInfo.tile"></forward>
		</action>
<!-- END VIEW ACCOUNT PORTFOLIO (UCA-016) -->

<!-- Report Lost/Stolen Card-->
		
		<action path="/reportLostCard" validate="false" name="lostCardsForm" scope="request"
			input="ibank.userError" type="au.com.stgeorge.ibank.controller.account.LostCardsAction"
			parameter="method">
			<forward name="lostCardSelect" path="lost.card.select.tile"></forward>
			<forward name="continueToDetails" path="lost.card.details.tile"></forward>
			<forward name="continueToConfirm" path="lost.card.confirm.tile"></forward>
			<forward name="continueToReceipt" path="lost.card.receipt.tile"></forward>
			<forward name="lostCardError" path="lost.card.background.system.error"></forward>
		</action>
<!-- END VIEW ACCOUNT PORTFOLIO (UCA-016) -->




       <!-- view account portfolio -->
		<action path="/loanViewAccountPortfolio" validate="false" name="accountDetailForm" scope="request"
			input="ibank.userError" type="au.com.stgeorge.ibank.controller.account.ViewAccountPortfolioAction"
			parameter="method">
			<forward name="success" path="account.portfolio.tileII"></forward>
			<forward name="accountdetails" path="viewAccountDetails.do"></forward>
			<forward name="transactionhistory" path="viewTransactionHistory.do"></forward>
			<forward name="modifyschedule" path="scheduledPayments.do?method=processSchedules"></forward>
<!--			<forward name="default" path="viewAccountPortfolio.html"></forward>-->
			<forward name="default" path="s2/AccountPortfolio_processMyAccounts.do"></forward>
		</action>

<!-- Start Increase my credit limit UC 5574436 -->

		<action path="/incMyCreditLimitViewAccountPortfolio" validate="false" name="accountDetailForm" scope="request"
			input="ibank.userError" type="au.com.stgeorge.ibank.controller.account.ViewAccountPortfolioAction">
			<forward name="success" path="account.increaseMyCRLimit"></forward>
		</action>
<!-- End Increase my credit limit UC 5574436 -->

<!-- CREATE GROUP (UCA-012) -->
		<action path="/addGroupEdit" validate="false" name="groupForm" scope="request" 
			input="ibank.userError" type="au.com.stgeorge.ibank.controller.account.AddGroupEditAction">
			<forward name="success" path="group.add.edit"/>
		</action>

		<action path="/addGroupSave" validate="false" name="groupForm" scope="request"
			input="ibank.userError" type="au.com.stgeorge.ibank.controller.account.AddGroupSaveAction">
			<forward name="success" path="group.add.edit"/>
			<forward name="cancel" path="landingPage.do?method=processLandingPage&amp;source=groupPayemnts"/>
		</action>
<!-- END CREATE GROUP (UCA-012) -->


<!-- EDIT GROUP (UCA-013) -->
		<action path="/editGroupSelect" validate="false" name="groupForm" scope="request" 
			input="ibank.userError" type="au.com.stgeorge.ibank.controller.account.EditGroupSelectAction">
			<forward name="success" path="group.edit.select"/>
		</action>

		<action path="/editGroupEdit" validate="false" name="groupForm" scope="request"
			input="ibank.userError" type="au.com.stgeorge.ibank.controller.account.EditGroupEditAction">
			<forward name="success" path="group.edit.edit"/>
			<forward name="failure" path="group.edit.select"/>
			<forward name="cancel" path="landingPage.do?method=processLandingPage&amp;source=groupPayemnts"/>
		</action>

		<action path="/editGroupSave" validate="false" name="groupForm" scope="request"
			input="ibank.userError" type="au.com.stgeorge.ibank.controller.account.EditGroupSaveAction">
			<forward name="success" path="group.edit.edit"/>
			<forward name="cancel" path="landingPage.do?method=processLandingPage&amp;source=groupPayemnts"/>
		</action>
<!-- END EDIT GROUP (UCA-013) -->

<!-- DELETE GROUP (UCA-014) -->
		<action path="/deleteGroupSelect" validate="false" name="groupForm" scope="request" 
			input="ibank.userError" type="au.com.stgeorge.ibank.controller.account.DeleteGroupSelectAction">
			<forward name="success" path="group.delete.select"/>
		</action>

		<action path="/deleteGroupDelete" validate="false" name="groupForm" scope="request"
			input="ibank.userError" type="au.com.stgeorge.ibank.controller.account.DeleteGroupDeleteAction">
			<forward name="success" path="group.delete.select"/>
			<forward name="cancel" path="landingPage.do?method=processLandingPage&amp;source=groupPayemnts"/>
		</action>
<!-- END DELETE GROUP (UCA-014) -->


    <action path="/viewSessionReceipts"
            type="au.com.stgeorge.ibank.controller.customer.SessionReceiptsAction"
		        name="sessionReceiptsForm"
				
		        scope="request">
	    <forward name="success" path="ibank.sessionReceipts"/>
      <forward name="failure" path="ibank.userError"/>
    </action>


	<!--Umbrella-->
	<action path="/pfolioLimits" validate="false" name="pfolioLimitsForm" scope="request" parameter="method"
		input="ibank.userError" type="au.com.stgeorge.ibank.controller.account.UmbrellaLimitsAction">
		<forward name="success" path="account.selectUmbrella"/>
		<forward name="changeUmbLimits" path="account.changeUmbLimits"/>
		<forward name="maintLandingPage" path="landingPage.do?method=processLandingPage&amp;source=maintenance"/>
		<forward name="failure" path="account.selectUmbrella"/>
	</action>

	<!--OCD-->
	<action path="/onlineChequeDeposit" validate="false" name="onlineChequeForm" scope="request" parameter="method"
		input="ibank.userError" type="au.com.stgeorge.ibank.controller.account.OnlineChequeAction">
		<forward name="chequeDeposit" path="account.chequeDeposit"/>
		<forward name="enterChequeDetails" path="account.enterChequeDetails"/>
		<forward name="confirmChequeDetails" path="account.confirmChequeDetails"/>
		<forward name="onlineChequeDetails" path="account.onlineChequeDetails"/>
		<forward name="onlineChequeReceipt" path="account.onlineChequeReceipt"/>
		<forward name="chequeDepositSlip" path="account.chequeDepositSlip"/>
		<forward name="outstandingDeposits" path="account.outstandingDeposits"/>
		<forward name="chequeLandingPage" path="landingPage.do?method=processLandingPage&amp;source=chqServices"/>
		<forward name="ocdEnvelope" path="account.ocdEnvelope"/>
		<forward name="failure" path="account.chequeDeposit"/>
	</action>
	
	<!--Margin Lending-->
	<action path="/marginLending" validate="false" name="marginLendingForm" scope="request" parameter="method"
		input="ibank.userError" type="au.com.stgeorge.ibank.controller.account.MarginLendingAction">
		<forward name="requestMLMerge" path="account.requestMLMerge"/>
		<forward name="returnToAccounts" path="viewAccountPortfolio.html" redirect="true"/>
		<forward name="enterMLDetails" path="account.enterMLDetails"/>
		<forward name="maintLandingPage" path="landingPage.do?method=processLandingPage&amp;source=maintenance"/>
		<forward name="mlRequestConfirm" path="account.mlRequestConfirm"/>
	</action>
	
	<!--Financial Years's Interest-->
	<action path="/financialYearInterest" validate="false" name="financialYearInterestForm" scope="request" parameter="method"
		input="ibank.userError" type="au.com.stgeorge.ibank.controller.account.FinancialYearInterestAction">
		<forward name="success" path="account.financialYearInterest"/>
	</action>
	
	<!--Get Package List -->
	<action path="/getPackageList" validate="false" name="packagingForm" scope="request" parameter="method"
		input="ibank.userError" type="au.com.stgeorge.ibank.controller.account.PackagingAction">
		<forward name="default" path="account.packageList"/>
		<forward name="success" path="account.packageDetails"/>
		<forward name="failure" path="account.packageList"/>
	</action>
	
		<!--Get Package List -->
	<action path="/getPackageDetails" validate="false" name="packagingForm" scope="request" parameter="method"
		input="ibank.userError" type="au.com.stgeorge.ibank.controller.account.PackagingAction">
		<forward name="success" path="account.packageDetails"/>
		<forward name="failure" path="account.packageList"/>
	</action>
	<!--  Credit Limit Increase -->
	<action path="/creditLimitInc" validate="false" name="creditLimitIncForm" scope="request" 
		input="ibank.userError" parameter="method" type="au.com.stgeorge.ibank.controller.account.IncCreditLimitAction">
		<forward name="default" path="account.incCreditLimit"/>
		<forward name="accountdetails" path="accountDetails.action" redirect="true" />
		<forward name="success" path="account.incCreditLimtReceipt"/>
		<forward name="failure" path="account.incCreditLimit"/>
		<forward name="maintainCLI" path="account.maintainCLI"/> 
		<forward name="confirmCLI" path="account.confirmCLI"/>
		<forward name="cliCapturedYes" path="account.CLICapturedYes"/>
		<forward name="cliCapturedNo" path="account.CLICapturedNo"/>
		<forward name="incCreditLimitTAndC" path="account.incCreditLimitTAndC"/>
		<forward name="captureCLIConsent" path="account.captureCLIConsent"/>
		<forward name="externalLink" path="externalLink.do?method=processExternalLink&amp;linkType=ACE|Account|Increase My Credit Limit Triad|Credit Card"/> 
		<forward name="externalLinkNonTriad" path="externalLink.do?method=processExternalLink&amp;linkType=ACE|Account|Increase My Credit Limit|Credit Card"/>
	</action>


   <action path="/btProcessNewApplication" validate="false" name="baseForm"  
	scope="request" input="ibank.userError" type="au.com.stgeorge.ibank.controller.account.BTNewApplicationAction"
	parameter="method">
		<forward name="success" path="ibank.btNewApplication"></forward>
		<forward name="failure" path="editContactDetails.do"></forward>  
		<!--  forward name="btProductOverview" path="ibank.bt.productOverview" />  -->
		<forward name="btProductOverview" path="newAccountOpen.do?method=processBTAccounts" />
    	<forward name="btPreApplValidationFail" path="ibank.bt.preApplValidationFail" />
    	<forward name="btEditContactdtls" path="editContactDetailsForBT_showContactDetails.action" redirect="true"/>
    	<forward name="btViewContactdtls" path="editContactDetailsForBT_viewContactDetails.action" redirect="true"/>
   </action>
   
   	<action path="/btSpecialOffer"
        		type="au.com.stgeorge.ibank.controller.IBankForwardAction"
	        name="baseForm" 
	        scope="request">
		<forward name="success" path="btProcessNewApplication.do?method=preValidateBTNewApplicationDtls"/>
	</action>
   
   
   <action path="/loanRedraw"
        type="au.com.stgeorge.ibank.controller.IBankForwardAction"
		name="baseForm" 
		
		scope="request">
		<forward name="success" path="account.maintenance.loanRedraw"/>
	</action>
 	
   <action path="/disputeCCTrans" validate="false" name="ccDisputeForm"  
	scope="request" input="ibank.userError" type="au.com.stgeorge.ibank.controller.account.CcDisputeAction"
	parameter="method">
		<forward name="default" path="ibank.ccDisputeTandC"></forward>
		<forward name="tranxSelection" path="ibank.ccTranxSelection"></forward>
		<forward name="tranxList" path="ibank.tranxList"></forward>
		<forward name="tranxConfirm" path="ibank.tranxConfirm"></forward>
		<forward name="tranxReceipt" path="ibank.tranxReceipt"></forward>
   </action>
	<action path="/beneficiaryList" validate="false" name="beneficiaryListForm"  
	scope="request" input="ibank.userError" type="au.com.stgeorge.ibank.controller.account.BeneficiaryListAction"
	parameter="method">
		<forward name="default" path="beneficiaries.list"></forward>
		<forward name="details" path="beneficiaries.details"></forward>
		<forward name="delete" path="beneficiaries.delete"></forward>
	</action>
    <!-- HLI Changes :start -->
   <action path="/homeLoanIncrease" validate="false" name="accountDetailForm" 
	scope="request" input="ibank.userError" type="au.com.stgeorge.ibank.controller.account.HomeLoanIncreaseAction"
	parameter="method">
	   	<forward name="homeloanIncreaseViewContactdtls" path="editContactDetailsHLI_showContactDetails.action?newPage=1" redirect="true"/>
		<forward name="accountdetails" path="viewAccountDetails.do"></forward>
		<forward name="homeLoanIncrease" path="ibank.homeloan.OAFLink"></forward>
		<forward name="homeloanIncreaseCLASWeb" path="homeLoanExternalLink.do?method=processHLIApplRequest&amp;source=acctDetails"></forward>
		<forward name="failure" path="ibank.userError"/>		
   </action>
      <!-- HLI Changes  : end -->
      
   <action path="/amplifyCreditCard" validate="false" name="amplifyCreditCardForm" 
	scope="request" input="ibank.userError" type="au.com.stgeorge.ibank.controller.account.AmplifyCreditCardAction"
	parameter="method">
	   	<forward name="success" path="externalLink.do?method=processExternalLink" />
	   	<forward name="failure" path="newAccountOpen.do?method=processCreditCards"/>
   </action>   
	</action-mappings>

</struts-config>