<?xml version="1.0" encoding="UTF-8"?>
<!DOCTYPE struts-config PUBLIC "-//Apache Software Foundation//DTD Struts Configuration 1.3//EN"
                               "http://jakarta.apache.org/struts/dtds/struts-config_1_3.dtd">

<struts-config>

	<!-- Form Beans -->
	<form-beans>
		<!-- Preferences Form -->
		<form-bean name="accountAliasForm" type="au.com.stgeorge.ibank.view.customer.AccountAliasForm" />
	</form-beans>

	<!-- Action Mappings -->
 <action-mappings>
	   <action path="/getAccountAlias" 
             type="au.com.stgeorge.ibank.controller.customer.AccountAliasAction"
		         name="accountAliasForm" 
		         scope="request">
  	    <forward name="success" path="ibank.accountAlias"/>
	      <forward name="failure" path="ibank.userError"/>
     </action>
     <action path="/updateAccountAlias" 
             type="au.com.stgeorge.ibank.controller.customer.AccountAliasAction"
		         name="accountAliasForm" 
		         scope="request"
             validate ="false"
             input="ibank.accountAlias" >
      	<forward name="success" path="ibank.accountAlias"/>
      	<forward name="failure" path="ibank.accountAlias"/>
      	<forward name="landingPage" path="myInformationLanding.action" redirect="true"/>
      </action>
	</action-mappings>
	
</struts-config>