<?xml version="1.0" encoding="UTF-8"?>
<!DOCTYPE struts-config PUBLIC "-//Apache Software Foundation//DTD Struts Configuration 1.3//EN"
                               "http://jakarta.apache.org/struts/dtds/struts-config_1_3.dtd">

<struts-config>

	<!-- Form Beans -->
	<form-beans>

		<form-bean name="smsAlertApplicationForm" 
		           type="au.com.stgeorge.ibank.view.sms.SMSAlertApplicationForm" />
		           
		<form-bean name="maintainSMSAlertsForm" 
		           type="au.com.stgeorge.ibank.view.sms.MaintainSMSAlertsForm" />
		           
		<form-bean name="smsAlertsBillingForm" 
		           type="au.com.stgeorge.ibank.view.sms.SMSAlertsBillingForm" />
		           
		<form-bean name="smsAlertsHistoryForm" 
		           type="au.com.stgeorge.ibank.view.sms.SMSAlertsHistoryForm" />
	</form-beans>

	<!-- Action Mappings -->
	<action-mappings>
		           
		<!-- Apply SMS Alert Action -->
			<action path="/applySMSAlert" validate="false"  scope="request" name="smsAlertApplicationForm" 
			type="au.com.stgeorge.ibank.controller.sms.SMSAlertsApplicationAction">
	  	    <forward name="defaultApply" path="ibank.smsApply"></forward>
	  	    <forward name="smsTNC" path="ibank.smsTNC"></forward>
	  	    <forward name="submitApply" path="ibank.smsApplyConfirm"></forward>
	  	    <forward name="confirmApply" path="ibank.smsApplyReceipt"></forward>
	  	    <forward name="backApply" path="ibank.smsApply"></forward>
	  	    <forward name="smsRegistered" path="/maintainAlerts.do"></forward>
	  	    
	  	    <forward name="defaultMaintain" path="ibank.smsApplyConfirm"></forward> 
	  	    <forward name="editMaintain" path="ibank.smsMaintainApply"></forward>
	  	    <forward name="submitMaintain" path="ibank.smsApplyConfirm"></forward>
	  	    <forward name="confirmMaintain" path="ibank.smsMaintainReceipt"></forward>
	  	    <forward name="backMaintain" path="ibank.smsMaintainApply"></forward>
	  	    
	  	    <forward name="defaultDeactivate" path="ibank.smsDeactivateConfirm"></forward>
	  	    <forward name="confirmDeactivate" path="ibank.smsDeactivateReceipt"></forward>
	  	    
		    <forward name="failure" path="/jsp/error/userError.jsp"></forward>
		    <forward name="smsUnavailable" path="ibank.smsUnavailable"></forward>
		    <forward name="cancel" path="viewAccountPortfolio.html" redirect="true"></forward>
		    <forward name="cancelDeactivate" path="applySMSAlert.do?actionType=Apply"></forward>
		    <forward name="cancelMaintainAlerts" path="/maintainAlerts.do"></forward>
		</action>
		
		<!-- Create SMS Alert Action -->
		<action path="/createAlerts" validate="false"  scope="request" name="maintainSMSAlertsForm"
			type="au.com.stgeorge.ibank.controller.sms.CreateAlertsAction" >
	  	    <forward name="default" path="ibank.createAlert"></forward>
	  	    <forward name="defaultBalALert" path="ibank.createBalAlert"></forward>
	  	    <forward name="defaultWithALert" path="ibank.createWithAlert"></forward>
	  	    <forward name="defaultDepALert" path="ibank.createDepAlert"></forward>
	  	    <forward name="defaultLowBalALert" path="ibank.createLowBalAlert"></forward>
	  	    <forward name="defaultHighBalALert" path="ibank.createHighBalAlert"></forward>
	  	    <forward name="smsNotRegistered" path="ibank.createAlert"></forward>
	  	    <forward name="confirm" path="ibank.confirmCreateAlert"></forward> 
			<forward name="confirmBalALert" path="ibank.confirmBalAlert"></forward>
			<forward name="confirmWithALert" path="ibank.confirmWithAlert"></forward>
			<forward name="confirmDepALert" path="ibank.confirmDepAlert"></forward>
			<forward name="confirmLowBalALert" path="ibank.confirmLowBalAlert"></forward>
			<forward name="confirmHighBalALert" path="ibank.confirmHighBalALert"></forward>	  	    
	  	    <forward name="success" path="ibank.maintainAlertReceipt"></forward>

<forward name="successBalALert" path="ibank.maintainBalAlertReceipt"></forward>
<forward name="successWithALert" path="ibank.maintainWithAlertReceipt"></forward>
<forward name="successDepALert" path="ibank.maintainDepAlertReceipt"></forward>
<forward name="successLowBalALert" path="ibank.maintainLowBalAlertReceipt"></forward>
<forward name="successHighBalALert" path="ibank.maintainHighBalAlertReceipt"></forward>

			<forward name="failure" path="/jsp/error/userError.jsp"></forward>
			<forward name="cancel" path="applySMSAlert.do?actionType=Apply"></forward>
		</action>
		
		<!--View/Modify/Delete i.e Maintain SMS Alert Action -->
		<action path="/maintainAlerts" validate="false"  scope="request" name="maintainSMSAlertsForm"
			type="au.com.stgeorge.ibank.controller.sms.MaintainSMSAlertsAction">
	  	    <forward name="default" path="ibank.listSMSAlerts"></forward>
	  	    <forward name="modify" path="ibank.maintainAlert"></forward>
	  	    <forward name="processModify" path="ibank.confirmMaintainAlert"></forward>
	  	    <forward name="confirm" path="ibank.maintainAlertReceipt"></forward>
	  	    <forward name="delete" path="ibank.confirmMaintainAlert"></forward>
	  	    <forward name="success" path="ibank.maintainAlertReceipt"></forward>
			<forward name="failure" path="/jsp/error/userError.jsp"></forward>
		</action>
		
		<!-- SMS Alert History Action -->
		<action path="/smsAlertsHistory" validate="false"  scope="request" name="smsAlertsHistoryForm" 
			type="au.com.stgeorge.ibank.controller.sms.SMSAlertsHistoryAction">
	  	    <forward name="default" path="ibank.smsAlertsHistory"></forward>
	  	    <forward name="smsNotRegistered" path="ibank.smsAlertsHistory"></forward>
			<forward name="failure" path="/jsp/error/userError.jsp"></forward>
		</action>

		<!-- SMS Alert Billing Info Action -->
		
		<action path="/smsAlertBillingInfo" type="au.com.stgeorge.ibank.controller.sms.SMSAlertsBillingAction" name="smsAlertsBillingForm" scope="request" validate="false" >
			<forward name="default" path="ibank.smsAlertsBillingInfo">
			</forward>
		</action>
		
		<action path="/alertsTnC" type="au.com.stgeorge.ibank.controller.IBankForwardAction" name="baseForm" scope="request">
			<forward name="success" path="ibank2.smsTnC"></forward>
		</action>
		
	 </action-mappings>

</struts-config>