<?xml version="1.0" encoding="UTF-8"?>
<!DOCTYPE struts-config PUBLIC "-//Apache Software Foundation//DTD Struts Configuration 1.3//EN"
                               "http://jakarta.apache.org/struts/dtds/struts-config_1_3.dtd">

<struts-config>

	<!-- Form Beans -->
	<form-beans>
		<!-- Preferences Form -->
		<form-bean name="preferenceForm" type="au.com.stgeorge.ibank.view.customer.PreferenceForm" />
		<!-- <form-bean name="accountIconForm" type="au.com.stgeorge.ibank.view.customer.AccountIconForm"></form-bean> -->
	</form-beans>

	<!-- Action Mappings -->
	<action-mappings>
	    
		<action path="/getPreferences" type="au.com.stgeorge.ibank.controller.customer.PreferencesAction" name="preferenceForm" scope="request" validate="false" input="ibank.preferences">
			<forward name="success" path="ibank.preferences" />
			<forward name="failure" path="ibank.userError" />
			
		</action>
		<action path="/updatePreferences" type="au.com.stgeorge.ibank.controller.customer.PreferencesAction" name="preferenceForm" input="ibank.preferences" validate="false" scope="request">
			<forward name="success" path="ibank.preferences" />
			<forward name="failure" path="ibank.preferences" />
			<forward name="cancel" path="myInformationLanding.action" redirect="true"/>
		</action>
		
		<!-- <action path="/accountIcon" 
			type="au.com.stgeorge.ibank.controller.customer.AccountIconAction" 
			name="accountIconForm" 
			validate="false" 
			scope="request">
			<forward name="default"		path="preferences.changeAccountIcon.tile" />
			<forward name="submit"		path="preferences.changeAccountIcon.tile" />
		</action> -->

	</action-mappings>
</struts-config>