<?xml version="1.0" encoding="UTF-8"?>
<!DOCTYPE struts-config PUBLIC "-//Apache Software Foundation//DTD Struts Configuration 1.3//EN"
                               "http://jakarta.apache.org/struts/dtds/struts-config_1_3.dtd">

<struts-config>

	<!-- Form Beans -->
	<form-beans>

		<!-- Order Cheque Action Form -->
		<form-bean name="orderChequeCopyForm" type="au.com.stgeorge.ibank.view.tools.OrderChequeCopyForm" />

		<!-- Search Cheque Action Form -->
		<form-bean name="searchChequeForm" type="au.com.stgeorge.ibank.view.tools.SearchChequeForm" />

		<!-- Stop Cheque Payment Action Form -->
		<form-bean name="stopChequePaymentForm" type="au.com.stgeorge.ibank.view.tools.StopChequePaymentForm" />
		<form-bean name="orderAccountStatementForm" type="au.com.stgeorge.ibank.view.tools.OrderAccountStatementForm"/>
		<form-bean name="stopStatementForm" type="au.com.stgeorge.ibank.view.tools.StopStatementForm"/>
	</form-beans>

	<!-- Action Mappings -->
	<action-mappings>

		<!-- Order Cheque Copy Action -->
		<action path="/orderChequeCopy" validate="false" input="tools.cheque.order.tile" scope="request" name="orderChequeCopyForm"
			type="au.com.stgeorge.ibank.controller.tools.OrderChequeCopyAction" >
	
			<forward name="default" path="tools.cheque.order.tile"></forward>
			<forward name="confirm" path="tools.cheque.orderConfirm.tile"></forward>
			<forward name="receipt" path="tools.cheque.orderReceipt.tile"></forward>
			<forward name="cancel" path="landingPage.do?method=processLandingPage&amp;source=chqServices"></forward>
		</action>

		<!-- View Stopped Cheque Action -->
		<action path="/viewStoppedCheques" scope="request" name="stopChequePaymentForm"
			type="au.com.stgeorge.ibank.controller.tools.ViewStoppedChequesAction" validate="false">

			<forward name="default" path="tools.cheque.stopPayment.tile"></forward>
			<forward name="success" path="tools.cheque.stopped.tile"></forward>
			<forward name="back" path="stopChequePayment.do?newPage=1"></forward> 
			<forward name="cancel" path="landingPage.do?method=processLandingPage&amp;source=chqServices"></forward>
		</action>


		<!-- Search Cheque Action -->
		<action path="/searchCheque" scope="request" name="searchChequeForm" 
			type="au.com.stgeorge.ibank.controller.tools.SearchChequeAction" validate="false">
			<forward name="default" path="tools.cheque.search.tile"></forward>
			<forward name="cancel" path="landingPage.do?method=processLandingPage&amp;source=chqServices"></forward>
		</action>


		<!-- Stop Cheque Payment Action -->
		<action path="/stopChequePayment" scope="request" name="stopChequePaymentForm" 
			type="au.com.stgeorge.ibank.controller.tools.StopChequePaymentAction" validate="false">
			<forward name="default" path="tools.cheque.stopPayment.tile"></forward>
			<forward name="cancel" path="landingPage.do?method=processLandingPage&amp;source=chqServices"></forward>
		</action>
		
		<!-- Stop Cheque Payment Save Action -->
		<action path="/stopChequePaymentSave" scope="request" name="stopChequePaymentForm"
			type="au.com.stgeorge.ibank.controller.tools.StopChequePaymentSaveAction" validate="false">
			<forward name="default" path="tools.cheque.stopPaymentConfirm.tile"></forward>
			<forward name="viewall" path="viewStoppedCheques.do"></forward>
			<forward name="failure" path="tools.cheque.stopPayment.tile"></forward>
			<forward name="success" path="tools.cheque.stopPaymentSuccess.tile"></forward>
			<forward name="cancel" path="landingPage.do?method=processLandingPage&amp;source=chqServices"></forward>
		</action>

		<!-- My Accounts -->
		<action path="/orderAccountStatement" type="au.com.stgeorge.ibank.controller.tools.OrderAccountStatementAction"
			name="orderAccountStatementForm" scope="request" validate="false" input="account.orderacctstatement.tile" >
			<forward name="default" path="account.orderacctstatement.tile"></forward>
			<forward name="confirm" path="account.orderacctstatement.success.tile"></forward>
			<forward name="success" path="account.orderacctstatement.confirm.tile"></forward>
			<forward name="cancel" path="viewAccountPortfolio.html" redirect="true"></forward>
			<forward name="defaultMyStmt" path="myStmt.orderacctstatement.tile"></forward>
			<forward name="confirmMyStmt" path="myStmt.orderacctstatement.success.tile"></forward>
			<forward name="successMyStmt" path="myStmt.orderacctstatement.confirm.tile"></forward>			
		</action>
		
		<action path="/viewMyStatement" validate="false" name="orderAccountStatementForm" scope="request" 
			input="ibank.userError" parameter="method" type="au.com.stgeorge.ibank.controller.tools.ViewMyStatementAction">
			<forward name="default" path="account.viewMyStatement"/>
			<forward name="singleStmt" path="viewMyStatement.do?method=processStatement&amp;newPage=1&amp;index=0"/>
			<forward name="success" path="account.listMyStatement"/>
			<forward name="cancel" path="viewAccountPortfolio.html" redirect="true"></forward>
			<forward name="failure" path="userError.do"></forward>
		</action>

		<!-- External Link Action -->
		<action path="/btExternalLinkAction"
				parameter="method"
         		type="au.com.stgeorge.ibank.controller.BTExternalLinkAction"
		        name="externalLinkForm" 
		        scope="request">
			<forward name="failure" path="./jsp/error/404.jsp"/>
			<forward name="loadBTExtPageURL" path="./jsp/customer/loadBTExtPage.jsp"/>
			<forward name="btExternalPage" path="ibank.bt.externalLink"/>
			<forward name="success" path="ibank.externalLink"/>
		</action>
		<action path="/stopMyStatement" validate="false" name="stopStatementForm" scope="request"  
			input="account.stopMyStatement" parameter="method" type="au.com.stgeorge.ibank.controller.tools.StopPaperStatementAction">
			<forward name="success" path="account.stopMyStatement"/>
			<forward name="confirm" path="account.confirmSuppression"/>
			<forward name="noSuppression" path="account.noSuppression"/>
			<forward name="suppressionDone" path="account.accountSuppression"/>
			<forward name="receipt" path="account.accountReceipt"/>
			<forward name="updateContact" path="editContactDetails_showContactDetails.action" redirect="true"></forward>
			<forward name="cancel" path="viewAccountPortfolio.html" redirect="true"></forward>
			<forward name="failure" path="userError.do"></forward>
		</action>
	<action path="/calculators"
        type="au.com.stgeorge.ibank.controller.IBankForwardAction"
		name="baseForm" 
		scope="request">
		<forward name="success" path="tools.calculators"/>
	</action>
	<!-- HLI Changes  :start -->
	<action path="/homeLoanExternalLink"
			parameter="method"
       		type="au.com.stgeorge.ibank.controller.HomeLoanExternalLinkAction"
	        name="externalLinkForm" 
	        scope="request">
		<forward name="failure" path="./jsp/error/404.jsp"/>
		<forward name="HLSIExternalPage" path="ibank.homeloan.externalLink"/>
	</action>
	<!-- HLI Changes  : end	 -->
	
	<!-- FLX EV Verify Changes  :start -->
	<action path="/evVerifyExternalLink"
			parameter="method"
       		type="au.com.stgeorge.ibank.controller.EVExternalLinkAction"
	        name="externalLinkForm" 
	        scope="request">
		<forward name="failure" path="./jsp/error/404.jsp"/>
		<forward name="evExternalPage" path="ibank.ev.externalLink"/>
	</action>
	<!-- HLI Changes  : end	 -->
	
	</action-mappings>

</struts-config>