<?xml version="1.0" encoding="UTF-8"?>
<!DOCTYPE struts-config PUBLIC "-//Apache Software Foundation//DTD Struts Configuration 1.3//EN"
                               "http://jakarta.apache.org/struts/dtds/struts-config_1_3.dtd">

<struts-config>

	<!-- Form Beans -->
	<form-beans>
		<form-bean name="registerBillerForm" type="au.com.stgeorge.ibank.view.ebp.RegisterBillerForm"/>
		<form-bean name="cancelBpayBillerForm" type="au.com.stgeorge.ibank.view.ebp.CancelBpayBillerForm"/>
		<form-bean name="viewBillSummariesForm" type="au.com.stgeorge.ibank.view.ebp.ViewBillSummariesForm"/>
		<form-bean name="bpayBillerOptionsForm" type="au.com.stgeorge.ibank.view.ebp.BpayBillerOptionsForm"/>
		<form-bean name="viewRegisteredBillersForm" type="au.com.stgeorge.ibank.view.ebp.ViewRegisteredBillersForm"/>
	</form-beans>


	<!-- Action Mappings -->
	<action-mappings>
		<!-- Register Biller -->
	<action path="/registerBiller" 
			scope="request" 
			validate="false"
			input="ebp.registerBiller.menu.tile"
			name="registerBillerForm"		
			type="au.com.stgeorge.ibank.controller.ebp.RegisterBillerAction">
			
			<forward name="default"         	path="ebp.registerBiller.menu.tile"/>
			<forward name="detail" 				path="ebp.registerBiller.detail.tile"/>
			<forward name="confirm"    			path="ebp.registerBiller.confirm.tile"/>
			<forward name="confirmbpay"    		path="viewRegisteredBillers.do"/>
			<forward name="registration"    	path="registerBPayView.do"/>
			<forward name="landingPage"         path="landingPage.do?method=processLandingPage&amp;source=bpayview"/>
			<forward name="registerBiller"      path="ebp.registerBiller.menu.tile" redirect ="true"/>
			<forward name="failure"    	        path= "userError.do" />
			<forward name="billSummaries"    	path= "billSummaries.do"/>
		</action>

		<!-- Cancel Biller -->
		<action path="/cancelBiller" 
			scope="request" 
			name="cancelBpayBillerForm"		
			type="au.com.stgeorge.ibank.controller.ebp.CancelBpayBillerAction">
            <forward name="default"         	path="ebp.cancelBiller.tile"/>
			<forward name="confirm"    			path="ebp.cancelBiller.confirm.tile"/>
			<forward name="confirmbpay"    		path="viewRegisteredBillers.do"/>
			<forward name="registration"    	path="registerBPayView.do"/>
			<forward name="termsAndConditions"  path="ebp.cancelBiller.TnC.tile"/>
		 	<forward name="failure"    	      path= "userError.do" />
			<forward name="landingPage"         path="landingPage.do?method=processLandingPage&amp;source=bpayview"/>
		</action>

		<!-- View Bill Summaries -->
		<action path="/billSummaries" 
			scope="request" 
			name="viewBillSummariesForm"
			type="au.com.stgeorge.ibank.controller.ebp.ViewBillSummariesAction">

			<forward name="success"         	path="ebp.billSummaries.tile"/>
		 	<forward name="registration"    	path="registerBPayView.do"/>
			<forward name="termsAndConditions"  path="ebp.billSummaries.TnC.tile"/>
		 	<forward name="failure"    	      path= "userError.do"/>
			<forward name="landingPage"         path="landingPage.do?method=processLandingPage&amp;source=bpayview"/>
			<forward name="registration"    	path= "registerBPayView.do"/>
		</action>

		<!-- Set BPay View Options Summaries -->
		<action path="/bpayViewOptions" 
			scope="request" 
			name="bpayBillerOptionsForm"
			type="au.com.stgeorge.ibank.controller.ebp.BpayBillerOptionsAction">

			<forward name="success"         	path="ebp.setEBPOptions.tile"/>
			<forward name="registration"    	path="registerBPayView.do"/>
			<forward name="termsAndConditions"  path="ebp.setBPayOptions.TnC.tile"/>
			<forward name="registeredBillers"    	path="viewRegisteredBillers.do"/>
			<forward name="failure"    	      path= "userError.do" />
			<forward name="landingPage"         path="landingPage.do?method=processLandingPage&amp;source=bpayview"/>
		</action>

		<!-- View Registered Billers -->
		<action path="/viewRegisteredBillers" 
			scope="request" 
			name="viewRegisteredBillersForm"
			type="au.com.stgeorge.ibank.controller.ebp.ViewRegisteredBillersAction">

			<forward name="success"         	path="ebp.viewRegisteredBillers.tile"/>
			<forward name="registration"    	path="registerBPayView.do"/>
			<forward name="failure"    	      path= "userError.do"/>
			<forward name="landingPage"         path="landingPage.do?method=processLandingPage&amp;source=bpayview"/>
		</action>

		<!-- Register for BPay View -->
		<action path="/registerBPayView" 
			scope="request" 
			name="registerBillerForm" 
			type="au.com.stgeorge.ibank.controller.ebp.RegisterBpayViewAction">

			<forward name="default"         	path="ebp.registerBPayView.tile"/>
			<forward name="termsAndConditions"	path="ebp.registerBPayView.TnC.tile" redirect ="true" />
			<forward name="failure"    			path="ebp.registerBPayView.fail.tile"/>
			<forward name="registerBiller"         	path="ebp.registerBiller.menu.tile" redirect ="true"/>
			<forward name="landingPage"         path="landingPage.do?method=processLandingPage&amp;source=bpayview"/>
			<!--forward name="registerBiller"    	path="registerBiller.do" redirect ="true"/-->
		</action>
	
	  <!-- BPay Bill -->
		<action path="/EBPay" 
			scope="request"  
			name="payBpayBillForm" 
			validate="false" 
			parameter="method"
			type="au.com.stgeorge.ibank.controller.payment.PayEBPBpayBillAction">

			<forward name="default"         	path="ebp.EBPay.tile"/>
			<forward name="detail" 				    path="ebp.EBPay.detail.tile"/>
			<forward name="payConfirm"    		path="ebp.EBPay.confirm.tile"/>
			<forward name="payReceipt"			  path="ebp.EBPay.receipt.tile"/>
			<forward name="billSummaries"			path="billSummaries.do"/>
			<forward name="listAccounts"			path="ebp.EBPay.listAccounts.tile"/>
			<forward name="schedule"			    path="ebp.EBPay.schedule.tile"/>
	  	<forward name="scheduleConfirm"		path="ebp.EBPay.scheduleConfirm.tile"/>
	  	<forward name="scheduleReceipt"		path="ebp.EBPay.scheduleReceipt.tile"/>
			<forward name="paymentHistory"	    path="paymentHistory.do"></forward>
			<forward name="landingPage"         path="landingPage.do?method=processLandingPage&amp;source=bpayview"/>
			<forward name="duplicate" 				path="ebp.EBPay.duplicate.tile"/>
		</action>

		<action path="/importantInformation" 
			scope="request"
			name="baseForm" 
			type="au.com.stgeorge.ibank.controller.IBankForwardAction">
		  <forward name="failure" path="ibank.registerBPayViewPopup"/>
			<forward name="success" path="ibank.registerBPayViewPopup"/>
		</action>
		
		<!-- View Bpay Bill details -->
		<action path="/bpayBillDetail" 
		  		scope="request" 
		  		name="viewBillSummariesForm"
       			type="au.com.stgeorge.ibank.controller.ebp.ViewBpayBillDetailsAction">
	    	<forward name="success" path="/jsp/ebp/viewBpayBill.jsp"/>
		</action>
		

	</action-mappings> 
	
</struts-config>