<?xml version="1.0" encoding="UTF-8"?>
<!DOCTYPE struts-config PUBLIC "-//Apache Software Foundation//DTD Struts Configuration 1.3//EN"
                               "http://jakarta.apache.org/struts/dtds/struts-config_1_3.dtd">

<struts-config>

	<!-- Form Beans -->
	<form-beans>

		<!-- Account Transfer Action Form -->
		<form-bean name="accountTransferForm" type="au.com.stgeorge.ibank.view.payment.AccountTransferForm"/>

		<!-- Pay BPAY Biller Form -->
		<form-bean name="payBpayBillForm" type="au.com.stgeorge.ibank.view.payment.PayBpayBillForm"/>

		<!-- Scheduled Payments Form -->
		<form-bean name="scheduledPaymentsForm" type="au.com.stgeorge.ibank.view.payment.ScheduledPaymentsForm"/>

		<!-- Payment History Form -->
		<form-bean name="paymentHistoryForm" type="au.com.stgeorge.ibank.view.payment.PaymentHistoryForm"/>

		<!-- Edit Periodical Payments Form -->
		<form-bean name="periodicalPaymentForm" type="au.com.stgeorge.ibank.view.payment.PeriodicalPaymentForm"/>
		<form-bean name="bankChequeOrderForm" type="au.com.stgeorge.ibank.view.payment.BankChequeOrderForm">
		</form-bean>
		<form-bean name="bankChequeCancelForm" type="au.com.stgeorge.ibank.view.payment.BankChequeCancelForm">
		</form-bean>
		
		<!-- Telegraphic Transfer Form -->
		<form-bean name="ttRequestForm" type="au.com.stgeorge.ibank.view.payment.TTRequestForm">
		</form-bean>
		
		<!-- Telegraphic Transfer Cancel Trace Form -->
		<form-bean name="ttTraceCancelForm" type="au.com.stgeorge.ibank.view.payment.TTTraceCancelForm">
		</form-bean>

		<!-- Credit Card Balance Transfer Form-->
		<form-bean name="ccBalanceTransferForm" type="au.com.stgeorge.ibank.view.payment.CCBalanceTransferForm">
		</form-bean>

	</form-beans>

	<!-- Action Mappings -->
	<action-mappings>

		<!-- Account Transfer -->
		<action path="/accountTransfer" 
			scope="request" 
			name="accountTransferForm" 
			validate="false" 
			input="payment.transfer.tile" 
			parameter="method"
			
			type="au.com.stgeorge.ibank.controller.payment.AccountTransferAction">

			<forward name="default"            path="payment.transfer.tile"></forward>
			<forward name="groupDefault"       path="payment.transfer.groupDefault.tile"></forward>
			<forward name="tpDefault"          path="payment.transfer.tpDefault.tile"></forward>
			<forward name="tpDefaultSecure"          path="payment.transfer.tpDefaultSecure.tile"></forward>
			<forward name="ccDefault"          path="payment.transfer.ccDefault.tile"></forward>
			<forward name="dsDefault"          path="payment.transfer.dsDefault.tile"></forward>
			<forward name="transferContinue"   path="payment.accountII.transfer.tile"></forward>
			<forward name="dsTransferContinue"   path="payment.accountII.dsTransfer.tile"></forward>
			<forward name="creditCardTransfer" path="payment.transfer.creditcard.tile"></forward>
			<forward name="thirdPartyTransferSecure" path="payment.transfer.thirdpartySecure.tile"></forward>
			<forward name="prepopTPTransferSecure" path="payment.transfer.prepopTPSecure.tile" />
			<forward name="transferConfirm"    path="payment.transfer.confirm1.tile"></forward>
			<forward name="tpTransferConfirm"    path="payment.transfer.tpConfirm1.tile"></forward>
			<forward name="ibankSecure"    path="payment.transfer.tpSecure.tile"></forward>
			<forward name="suspendAccess" path="userError.do"></forward>
			<forward name="ccTransferConfirm"    path="payment.transfer.ccConfirm1.tile"></forward>
			<forward name="dsTransferConfirm"    path="payment.transfer.dsConfirm1.tile"></forward>			
			<forward name="transferReceipt"    path="payment.transfer.receipt1.tile"></forward>
			<forward name="ccTransferReceipt"    path="payment.transfer.ccReceipt1.tile"></forward>
			<forward name="tpTransferReceipt"    path="payment.transfer.tpReceipt1.tile"></forward>
			<forward name="dsTransferReceipt"    path="payment.transfer.dsReceipt1.tile"></forward>
			<forward name="duplicatePayment"   path="payment.transfer.duplicate.tile"></forward>
			<forward name="landingPage"        path="paymentsLanding.action" redirect="true"></forward>
			<forward name="scheduledPaymentCreateFrequency" path="payment.transfer.schedulePaymentCreateFrequency.tile"></forward>			
			<forward name="DSscheduledPaymentCreateFrequency" path="payment.transfer.dsSchedulePaymentCreateFrequency.tile"></forward>			
			<forward name="CCscheduledPaymentCreateFrequency" path="payment.transfer.ccSchedulePaymentCreateFrequency.tile"></forward>			
			<forward name="TPscheduledPaymentCreateFrequency" path="payment.transfer.tpSchedulePaymentCreateFrequency.tile"></forward>			
			<forward name="scheduledPaymentCreateConfirm" 	path="payment.transfer.schedulePaymentCreateConfirm.tile"></forward>			
			<forward name="dsScheduledPaymentCreateConfirm" 	path="payment.transfer.dsSchedulePaymentCreateConfirm.tile"></forward>			
			<forward name="scheduleConfirm"    path="payment.transfer.confirm2.tile"></forward>
			<forward name="scheduleReceipt"    path="payment.transfer.receipt2.tile"></forward>
			<forward name="DSscheduleReceipt"    path="payment.transfer.dsreceipt2.tile"></forward>
			<forward name="CCscheduleReceipt"    path="payment.transfer.ccreceipt2.tile"></forward>
			<forward name="TPscheduleReceipt"    path="payment.transfer.tpreceipt2.tile"></forward>
			<forward name="groupMenuDetails"   path="payment.transfer.groupMenu.tile"></forward>
			<forward name="groupDetails"       path="payment.transfer.group.tile"></forward>
			<forward name="groupSchedule"      path="payment.group.transfer.schedule.tile"></forward>
			<forward name="groupScheduleReceipt"   path="payment.group.transfer.receipt2.tile"></forward>
			<forward name="groupConfirmSecure"       path="payment.transfer.confirm3.secure.tile"></forward>
			<forward name="groupMenuConfirmSecure"   path="payment.groupMenu.transfer.confirm3.secure.tile"></forward>
			<forward name="groupSecure"   path="payment.transfer.group.secure.tile"></forward>
			<forward name="createSchPaymentLanding" path="/landingPage.do?method=processLandingPage&amp;source=createSchedule&amp;newPage=1" redirect="true"></forward>			
			<forward name="listSchPaymentPage" path="/scheduledPaymentsView.do?method=listDefaultSchedulePayments" redirect="true"></forward>
			<forward name="thirdpartylandingPage"        path="getThirdPartyList.do?method=getThirdPartiesList"></forward>
			<forward name="transferToBt" path="btAccountTransfer.do?method=processContinueBTTransfer"> 			
			</forward>
			<!--<forward name="schedule"    	   path="payment.transfer.schedule.tile"></forward>
			<forward name="scheduleConfirm"    path="payment.transfer.confirm2.tile"></forward>
			<forward name="scheduleReceipt"    path="payment.transfer.receipt2.tile"></forward>
			<forward name="groupDefault"       			path="payment.group.transfer.tile"></forward>
			<forward name="groupMenuDetails"       		path="payment.transfer.groupMenu.tile"></forward>
			-->   

		</action>
		
		 <!--  third party transfer page 
  --> 
		<action path="/processPrePopulatedTPTransfer" validate="false" name="accountTransferForm" scope="request" parameter="method" input="ibank.userError" type="au.com.stgeorge.ibank.controller.payment.AccountTransferAction">
  			<forward name="confirm" path="payment.transfer.prepopthirdparty.tile" /> 
  			<forward name="confirmSecure" path="payment.transfer.prepopTPSecure.tile"/>
  		</action>

		<!-- BPay Bill -->
		<action path="/bpay" 
			scope="request" 
			name="payBpayBillForm" 
			validate="false" 
			parameter="method"
			
			type="au.com.stgeorge.ibank.controller.payment.PayBpayBillAction">

			<forward name="default"         	path="payment.bpay.tile"/>
			<forward name="defaultSecure"         	path="payment.bpay.default.secure.tile"/>
			<forward name="detail" 				path="payment.bpay.detail.tile"/>
			<forward name="landingPage"        path="paymentsLanding.action" redirect="true"></forward>
			<forward name="payConfirm"    		path="payment.bpay.confirm1.tile"/>
			<forward name="scheduleConfirm"		path="payment.bpay.confirm1.tile"/>
			<forward name="payReceipt"			path="payment.bpay.receipt1.tile"/>
			<forward name="scheduleReceipt"		path="payment.bpay.receipt2.tile"/>
			<forward name="paymentHistory"	    path="paymentHistory.do"></forward>
			<forward name="duplicateBpay"		path="payment.bpay.duplicate.tile"/>
			<forward name="bPayCreateFrequency"	path="payment.bpay.frequency.tile"/>
			<forward name="ibankBPaySecure"     path="payment.bpay.secure.tile"></forward>
			<forward name="ibankSecure"    		path="payment.bpay.secure.tile"></forward>
			<forward name="suspendAccess" path="userError.do"></forward>
			
			<forward name="createSchPaymentLanding" path="/landingPage.do?method=processLandingPage&amp;source=createSchedule&amp;newPage=1" redirect="true"></forward>
			<forward name="listSchPaymentPage" path="/scheduledPaymentsView.do?method=listDefaultSchedulePayments" redirect="true"></forward>
			<forward name="payBPayBiller"	path="payment.bpay.payBPayBiller.tile"/>
			<forward name="bpayBillerList"	path="/bpayBiller.do?method=performGetBpayBillerList" redirect="true"/>
		</action>
		
		<action path="/bpayPaymentHistory" validate="false" name="paymentHistoryForm" scope="request"
			input="ibank.userError" parameter="method" type="au.com.stgeorge.ibank.controller.account.BPayBillerAction">
			<forward name="viewBpayPaymentHistory"	path="payment.bpay.viewBpayPaymentHistory.tile"/>
		</action>			
		
		<!-- Scheduled Payments -->
		<action path="/scheduledPaymentsView" 
			scope="request" 
			name="scheduledPaymentsForm" 
			validate="false" 
			parameter="method"
			
			type="au.com.stgeorge.ibank.controller.payment.ScheduledPaymentsAction">

			<forward name="default"							path="payment.account.scheduledPayments.tile"></forward>
			<forward name="scheduledPaymentEdit"			path="payment.scheduledPayments.edit.tile"></forward>
			<!-- forward name="scheduledBPayEdit"				path="payment.scheduledPayments.bpay.edit.tile"></forward-->
			<forward name="scheduledDetails"				path="payment.scheduledPayments.details.tile"></forward>
			<forward name="scheduledPaymentConfirm"			path="payment.scheduledPayments.confirm.tile"></forward>
			<forward name="scheduledBPayConfirm"			path="payment.scheduledPayments.bpay.confirm.tile"></forward>
			<forward name="scheduledReceipt"				path="payment.scheduledPayments.receipt.tile"></forward>
			<forward name="scheduledPaymentDeleteConfirm"	path="payment.scheduledPayments.delete.confirm.tile"></forward>
			<forward name="landingPageSpring"       		path="scheduledPaymentsView.html?action=delete" redirect="true"></forward>
			<forward name="suspendedScheduledPayment"       path="payment.scheduledPayments.suspended.tile"></forward>			
			<forward name="ibankSecure" 					path="payment.scheduledPayments.tpSecure.tile"></forward>
			<forward name="ibankBPaySecure" 				path="payment.scheduledPayments.bpaySecure.tile"></forward>
			<forward name="suspendAccess" 					path="userError.do" ></forward>
			<!-- <forward name="landingPage"       				path="/landingPage.do?method=processLandingPage&amp;source=createSchedule&amp;newPage=1" redirect="true"></forward> 14E1 commented -->
			<forward name="landingPage"       				path="/scheduledPaymentsView.do?method=listDefaultSchedulePayments" redirect="true"></forward><!-- 14E1 added Schedule payment list screen -->
			<forward name="success"							path="viewAccountPortfolio.html" redirect="true"></forward>
			<forward name="expiredSchedule"					path="payment.scheduledPayments.expired.details.tile"></forward>
			<forward name="viewExpiredSchedule"				path="payment.scheduledPayment.expired.details.tile"></forward>		
			
		</action>
		
		<!-- Payment History -->
		<action path="/paymentHistory"
				scope="request"
				name="paymentHistoryForm"
				validate="false"
				input="payment.viewPaymentHistory.tile"
				parameter="method"
				
				type="au.com.stgeorge.ibank.controller.payment.PaymentHistoryAction">

				<forward name="default" 			path="payment.viewPaymentHistory.tile"></forward>
				<forward name="resubmitPayment" 	path="accountTransfer.do"></forward>
				<forward name="resubmitCreditCard" 	path="accountTransfer.do?creditCardDefault=1"></forward>
				<forward name="resubmitBPay" 		path="bpay.do"></forward>
				<forward name="resubmitBPayView" 	path="EBPay.do"></forward>
				<forward name="paymentDetails" 		path="payment.viewPaymentHistoryDetails.tile"></forward>
				<forward name="bpayPaymentHistory" 	path="bpayPaymentHistory.do?newPage=1&amp;method=searchBPayPaymentHistory"></forward>

		</action>

		<!-- Edit Periodical Payment -->
		<action path="/periodicalPayment"
				scope="request"
				name="periodicalPaymentForm"
				
				type="au.com.stgeorge.ibank.controller.payment.PeriodicalPaymentAction" validate="false">
				
				<forward name="default" 		path="payment.periodicalPayment.tile"></forward>
				<forward name="edit" 			path="payment.periodicalPayment.edit.tile"></forward>
				<forward name="changeConfirm" 	path="payment.periodicalPayment.changeConfirm.tile"></forward>
				<forward name="deleteConfirm" 	path="payment.periodicalPayment.deleteConfirm.tile"></forward>
				<forward name="cancel" 	path="landingPage.do?method=processLandingPage&amp;source=maintenance"></forward>
		</action>
		
		<!-- Order Bank Cheque -->
		<action path="/orderBankCheque" type="au.com.stgeorge.ibank.controller.payment.BankChequeOrderAction"  
		   name="bankChequeOrderForm" scope="request" validate="false">
			<forward name="eChequeconfirm" path="payment.bankcheque.order.confirm.tile">
			</forward>
			<forward name="eChequedefault" path="payment.bankcheque.order.tile">
			</forward>
			<forward name="eChequereceipt" path="payment.bankcheque.order.receipt.tile">
			</forward>
			<forward name="eChequecancel" path="landingPage.do?method=processLandingPage&amp;source=chqServices">
			</forward>
			<forward name="eChequeDuplicate" path="payment.bankcheque.order.duplicate.tile">
			</forward>
			<forward name="iChequeconfirm" path="payment.bankicheque.order.confirm.tile">
			</forward>
			<forward name="iChequedefault" path="payment.bankicheque.order.tile">
			</forward>
			<forward name="iChequereceipt" path="payment.bankicheque.order.receipt.tile">
			</forward>
			<forward name="iChequecancel" path="landingPage.do?method=processLandingPage&amp;source=chqServices">
			</forward>
		</action>
		<action path="/cancelBankCheque" type="au.com.stgeorge.ibank.controller.payment.BankChequeCancelAction"  
		   name="bankChequeCancelForm" scope="request" validate="false" input="payment.bankcheque.cancel.tile">
			<forward name="eChequesuccess" path="payment.bankcheque.cancel.confirm.tile">
			</forward>
			<forward name="eChequedefault" path="payment.bankcheque.cancel.tile">
			</forward>
			<forward name="eChequecancel" path="landingPage.do?method=processLandingPage&amp;source=chqServices">
			</forward>
			<forward name="iChequesuccess" path="payment.bankicheque.cancel.confirm.tile">
			</forward>
			<forward name="iChequedefault" path="payment.bankicheque.cancel.tile">
			</forward>
			<forward name="iChequecancel" path="landingPage.do?method=processLandingPage&amp;source=chqServices">
			</forward>
		</action>
		
		<!-- Request Telegraphic Transfer -->
		<action path="/requestTT" type="au.com.stgeorge.ibank.controller.payment.TTRequestAction" parameter="method" 
		  input="payment.telegraphicTransfer.requestTT.tile" name="ttRequestForm" scope="request" validate="false">
	  	    <forward name="register" path="payment.telegraphicTransfer.register"></forward>
  	        <forward name="ibankSecure" path="payment.telegraphicTransfer.secure.tile"></forward>
  	        <forward name="selectPaymentOptions" path="payment.telegraphicTransfer.selectPayment.options"></forward>
	        <forward name="swiftBicSearch" path="payment.telegraphicTransfer.swiftBicSearch.tile"></forward>
 	       	<forward name="bankAddrSearch" path="payment.telegraphicTransfer.bankAddrSearch.tile"></forward>
  	    	<forward name="otherBankDetails" path="payment.telegraphicTransfer.otherBank.tile"></forward>
  	    	<forward name="financialDetails" path="payment.telegraphicTransfer.financialDetails.tile"></forward>
			<forward name="beneficiaryDetails" path="payment.telegraphicTransfer.beneficiaryDetails.tile"></forward>
			<forward name="confirm" path="payment.telegraphicTransfer.confirm.tile"></forward>
			<forward name="ttDuplicate" path="payment.telegraphicTransfer.duplicateTT.tile"></forward>	
 		    <forward name="receipt" path="payment.telegraphicTransfer.receipt.tile"></forward>
 		    <forward name="suspendAccess" path="userError.do"></forward>
			<forward name="ttTNC" path="payment.telegraphicTransfer.ttTNC.tile"></forward>
			<forward name="cancel" path="paymentsLanding.action" redirect="true"></forward>	
  	        <forward name="beneficiaryList" path="beneficiaryList.do?method=getBeneficiaryList"/>
	  	  </action>
		
		<!-- Trace Cancel Telegraphic Transfer -->
		<action path="/ttTraceCancel" type="au.com.stgeorge.ibank.controller.payment.TTTraceOrCancelAction" input="payment.telegraphicTransfer.requestTT.tile" name="ttTraceCancelForm" scope="request" validate="false" >
			<forward name="default" path="payment.telegraphicTransfer.cancel.tile"></forward>
			<forward name="traceConfirm" path="payment.telegraphicTransfer.cancelConfirm.tile"></forward>
			<forward name="cancel" path="paymentsLanding.action" redirect="true"></forward>
		</action>	

		<!-- Credit Card Balance Transfer -->
		<action path="/ccBalanceTransfer"
				scope="request"
				name="ccBalanceTransferForm"
				input="payment.ccBalanceTransfer.tile"
				validate="false"
				
				type="au.com.stgeorge.ibank.controller.payment.CCBalanceTransferAction">
				
				<forward name="default" 	path="payment.defaultCCBalanceTransfer.tile"></forward>
				<forward name="submit" 	    path="payment.submitCCBalanceTransfer.tile"></forward>
				<forward name="clear" 		path="payment.clearCCBalanceTransfer.tile"></forward>
				<forward name="previous" 	path="payment.previousCCBalanceTransfer.tile"></forward>
				<forward name="confirm" 	path="payment.confirmCCBalanceTransfer.tile"></forward>
				<forward name="confirmCliConsent" 	path="payment.confirmCCBalanceTransferCLIConsent.tile"></forward>
				<forward name="cancel" 	path="paymentsLanding.action" redirect="true"></forward>
				<forward name="impNotes" 	path="payment.ccImportantNotes.tile"></forward>
		</action>
		<!-- Credit Card Balance Transfer -->
		
		    
    <action path="/thirdPartyPaymentHistory" scope="request" name="paymentHistoryForm" validate="false" input="payment.viewPaymentHistory.tile" parameter="method" type="au.com.stgeorge.ibank.controller.account.ThirdPartyAction">
  		<forward name="default" path="payment.payment.viewThirdPartyPaymentHistory.tile" /> 
  	</action>


	<action path="/btAccountTransfer" scope="request"  name="accountTransferForm" 	validate="false" input="payment.transfer.tile" parameter="method" 
		type="au.com.stgeorge.ibank.controller.payment.BTAccountTransferAction">
		<forward name="btDefaultTransfer"   path="payment.transfer.btDefault.tile"></forward>
		<forward name="btTransferDetails" path="payment.transfer.btTrasferDetails.tile"> </forward>
		<forward name="btTransferConfirm" path="payment.transfer.btTrasferConfirm.tile"> </forward>
		<forward name="duplicatePayment"  path="payment.transfer.btduplicate.tile"></forward>
		<forward name="btSchedulePaymentReceipt" path="payment.transfer.tpreceipt2.tile"> </forward>
		<forward name="btTransferReceipt"  path="payment.transfer.btReceipt.tile"> </forward>
		<forward name="btTransferCancel"  path="paymentsLanding.action" redirect="true"> </forward>
		<forward name="scheduledPaymentCreateFrequency" path="payment.transfer.bt.schedulePaymentCreateFrequency.tile"></forward>			
		<forward name="scheduledPaymentCreateConfirm" 	path="payment.transfer.bt.schedulePaymentCreateConfirm.tile"></forward>			
		<forward name="transferContinue"   path="payment.accountII.transfer.tile"></forward>
		<forward name="accountToAccountTransfer"   path="accountTransfer.do?method=processPreviousDefault"></forward>
		<forward name="landingPage"       				path="/landingPage.do?method=processLandingPage&amp;source=createSchedule&amp;newPage=1" redirect="true"></forward>
	 </action>

	<action path="/ttTnC" type="au.com.stgeorge.ibank.controller.IBankForwardAction"
		        name="baseForm" scope="request">
			<forward name="success" path="payment.newTelegraphicTransfer.ttTNC.tile"></forward>
	</action>
	
	<action path="/ttTnCLink" type="au.com.stgeorge.ibank.controller.IBankForwardAction"
		        name="baseForm" scope="request">
			<forward name="success" path="payment.newTelegraphicTransfer.link.ttTNC.tile"></forward>
	</action>
	
	</action-mappings>

</struts-config>