<?xml version="1.0" encoding="UTF-8"?>
<!DOCTYPE struts-config PUBLIC "-//Apache Software Foundation//DTD Struts Configuration 1.3//EN"
	"http://struts.apache.org/dtds/struts-config_1_3.dtd">

<struts-config>

	<!-- Form Beans -->
	<form-beans>
    <form-bean name="baseForm" 
               type="au.com.stgeorge.ibank.view.IBankForm"/>
		
		<form-bean name="logonForm"
		           type="au.com.stgeorge.ibank.view.customer.LogonForm"/>
		           
				
		<form-bean name="changePasswordForm"
		           type="au.com.stgeorge.ibank.view.customer.ChangePasswordForm"/>
		           
		 <form-bean name="changeSecurityNumberForm"
		           type="au.com.stgeorge.ibank.view.customer.ChangeSecurityNumberForm"/>
		
    	<form-bean name="resetPasswordForm"
		           type="au.com.stgeorge.ibank.view.customer.ResetPasswordForm"/>  
		           
		 <form-bean name="resetPassAndSecForm"
		           type="au.com.stgeorge.ibank.view.customer.ResetPassAndSecForm"/>
		
		 <form-bean name="newsMessagesForm"
		           type="au.com.stgeorge.ibank.view.customer.NewsMessagesForm"/>  
	
		
		<form-bean name="customerForm"
		           type="au.com.stgeorge.ibank.view.customer.CustomerForm"/>
		           
		<form-bean name="externalLinkForm"
		           type="au.com.stgeorge.ibank.view.ExternalLinkForm"/>
		<form-bean name="splashScreenForm" type="au.com.stgeorge.ibank.view.customer.SplashScreenForm">
		</form-bean>
		
		<!-- Loan status tracking Form -->
		<form-bean name="loanStatusTrackForm" type="au.com.stgeorge.ibank.view.customer.LoanApplicationStatusForm" />

		<form-bean name="eLeadsForm" type="au.com.stgeorge.ibank.view.customer.ELeadsForm" />
		<form-bean name="applicationStatusForm" type="au.com.stgeorge.ibank.view.customer.ApplicationStatusForm" />
		<form-bean name="messageCentreForm" type="au.com.stgeorge.ibank.messagecentre.view.MessageCentreForm" />	
		
		<form-bean name="taxFileNumberForm" type="au.com.stgeorge.ibank.view.customer.TaxFileNumberForm" />	
		
		<!--  FLX activation set initial password and security number -->
		<form-bean name="initialCredentialsForm"
		           type="au.com.stgeorge.ibank.view.customer.SetInitialCredentialsForm"/>
		<form-bean name="accountIconForm" 
				   type="au.com.stgeorge.ibank.view.customer.AccountIconForm"></form-bean>
		      
	</form-beans>

	<!-- Global Exceptions -->
	<global-exceptions>
	    <exception
	    	handler="au.com.stgeorge.ibank.exception.IBankExceptionHandler"    
	     	key="default.error.message"
	     	path="/userError.do"
	     	type="au.com.stgeorge.ibank.businessobject.ResourceException"/>
	     	
	    <exception
	    	handler="au.com.stgeorge.ibank.exception.IBankExceptionHandler"    
	     	key="default.error.message"
	     	path="/logon.do"
	     	type="java.lang.IllegalStateException"/>
	     	
	    <exception
	    	handler="au.com.stgeorge.ibank.exception.IBankExceptionHandler"    
	     	key="default.error.message"
	     	path="/userError.do"
	     	type="au.com.stgeorge.framework.common.exception.BaseException"/>
	    <exception
	    	handler="au.com.stgeorge.ibank.exception.IBankExceptionHandler"    
	     	key="default.error.message"
	     	path="/userError.do"
	     	type="java.lang.Exception"/>
	</global-exceptions>

	<!-- Global Forwards -->
	<global-forwards>
		<forward name="logon" path="logon.do" />
		<forward name="userError" path="/userError.do" />
		<forward name="blockUser" path="/blockUser.do" />		
	</global-forwards>

	<!-- Action Mappings -->
	<action-mappings>
		<!-- User Error Page -->
		<action path="/userError"
         		type="au.com.stgeorge.ibank.controller.IBankForwardAction"
		        name="baseForm" 
		        scope="request">
			<forward name="success" path="ibank.userError"/>
		</action>
		
		<action path="/blockUser"
         		type="au.com.stgeorge.ibank.controller.IBankForwardAction"
		        name="baseForm"
		        scope="request">
			<forward name="success" path="/jsp/error/blockUser.jsp"/>
		</action>		
		
		<!-- Terms and conditions -->
		<action path="/terms" 
		        type="au.com.stgeorge.ibank.controller.IBankForwardAction"
		        name="baseForm" 
		        scope="request">
		  <forward name="failure" path="ibank.terms"/>
			<forward name="success" path="ibank.terms"/>
		</action>
	
		<!-- Landing Page -->
		<action path="/landingPage"
         		type="au.com.stgeorge.ibank.controller.tools.LandingPageAction"
		        name="baseForm" 
		        input="ibank.logon"
		        validate="false"
		        scope="request"
		        parameter="method">
			 <forward name="chequeServicesLanding" path="payment.chequeservice.landingpage.tile"/>
			 <forward name="myInformationLanding" path="myinformation.landing.tile"/>
			 <forward name="maintenanceLanding" path="maintenance.landing.tile"/>
			 <forward name="newAccountsLanding" path="newaccounts.landing.tile"/>
			 <forward name="bpayViewLanding" path="ebp.landing.tile"/>
			 <forward name="groupPayemntsLanding" path="grouppayment.landing.tile"/>
			 <forward name="createAlertsLanding" path="createalert.landing.tile"/>
			 <forward name="createSchedules" path="createschedule.landing.tile"/>
			 <forward name="paymentLanding"    	path="payment.landing.tile"/>
			 <forward name="toolsLanding"    	path="tools.landing.tile"/>
		</action>

		<!-- Logon Page -->
		<action path="/logon"
         		type="au.com.stgeorge.ibank.controller.customer.IBankInitialLogonAction"
		        name="logonForm" 
		        input="ibank.logon"
		        validate="false"
		        scope="request">
			<!--forward name="success" path="ibank.mainpage" redirect="true"/-->			
			<forward name="invalidLogon" path="userError.do"/>
			<forward name="failure" path="ibank.logon"/>			
			<forward name="success" path="/processLogon.do?method=processDefault" />			
			<!--forward name="devlogon" path="/devlogon.do" / -->
			<forward name="logonpage" path="ibank.logon" />
			<forward name="safeAndSecurepage" path="ibank.safeAndSecurepage" />
 			<forward name="resetPassword" path="/resetPassword.do?dispatchCommand=processDefault" />    			
			<forward name="cookieDisabled" path="/logonError.jsp" />
		</action>
		
		<action path="/processLogon"
         		type="au.com.stgeorge.ibank.controller.customer.LogonAction"
		        name="logonForm" 
		        input="ibank.logon"
		        parameter="method"
		        validate="false"
		        scope="request">
 			<forward name="resetPassword" path="/resetPassword.do?dispatchCommand=processDefault" redirect="true"/>    			
			<!-- <forward name="success" path="viewNews.do"/> -->
			<!-- <forward name="success" path="/viewELeadsSplashScreen.do?method=processDefault" redirect="true"/> -->
			<forward name="success" path="viewSplashScreen.do" redirect="true"/>
			<forward name="invalidLogon" path="userError.do"/>
			<forward name="failure" path="ibank.logon" />
		</action>
		
		
		<!-- Splash Screen Page -->
		<action path="/viewSplashScreen"
         		type="au.com.stgeorge.ibank.controller.customer.InitialSplashPageAction"
		        name="splashScreenForm" 
		        input="ibank.splashScreen"
		        validate="true"
		        scope="request">
			<forward name="success" path="viewAllSplashScreens.do?newPage=1"/>			
			<forward name="failure" path="/viewELeadsSplashScreen.do?method=processDefault" redirect="true"/>			
		</action>
		
		<action path="/viewAllSplashScreens"
         		type="au.com.stgeorge.ibank.controller.customer.SplashScreenAction"
		        name="splashScreenForm" 
		        input="ibank.splashScreen"
		        validate="true"
		        scope="request">
			<forward name="success" path="ibank.splashScreen"/>			
			<forward name="securepage" path="ibank.secureSplashScreen"/>	
			<!-- <forward name="failure" path="viewNews.do"/> -->
			<forward name="stopPaperSplashScreen" path="ibank.stopPaperSplashScreen"/>
        	<!-- <forward name="stopPaperPage" path="/stopMyStatement.do?method=processDefault" /> -->
        	<forward name="stopPaperPage" path="/optStatements_showStopPaperStmt.action" />	
		
			<forward name="failure" path="/viewELeadsSplashScreen.do?method=processDefault" redirect="true"/>
		</action>
		
		<action path="/devlogon"
         		type="au.com.stgeorge.ibank.controller.customer.LogonAction"
		        name="logonForm" 
		        input="ibank.logon"
		        validate="false"
		        scope="request">
 			<forward name="resetPassword" path="resetPassword.do" redirect="true"/>    			
<!--			<forward name="success" path="viewNews.do"/> -->
			<forward name="success" path="/viewELeadsSplashScreen.do?method=processDefault"/>
			<forward name="invalidLogon" path="userError.do"/>
			<forward name="failure" path="ibank.logon" />
		</action>
		
		<action path="/viewELeadsSplashScreen"
			type="au.com.stgeorge.ibank.controller.customer.ViewELeadsSplashScreenAction"
			name="splashScreenForm" 
			input="ibank.splashScreen"
			validate="true"
			parameter="method"
				scope="request">
				<forward name="success" path="ibank.eLeadsSplashPage" redirect="true"/>	
				<!-- <forward name="failure" path="viewSplashScreen.do" redirect="true" /> -->
				<forward name="failure" path="viewAccountPortfolio.html" redirect="true"/>
		</action>
		
		<action path="/eLeads"
		type="au.com.stgeorge.ibank.controller.customer.ELeadsAction"
		name="eLeadsForm" 
		validate="false"
		parameter="method"
			scope="request">
			<forward name="success" path="ibank.eLeads"/>	
			<forward name="cancel" path="viewAccountPortfolio.html" redirect="true"/>
		</action>
		
		<action path="/resetPassword" 
            type="au.com.stgeorge.ibank.controller.customer.CredentialUpdateAction"
		        name="resetPasswordForm" 
		        input="ibank.resetPassword"
		        validate ="false"
		        scope="request">
			<forward name="failure" path="ibank.resetPassword"/>
			<forward name="resetPassAndSec" path="ibank.resetPassAndSecNum"/>
			<!-- <forward name="success" path="/viewELeadsSplashScreen.do?method=processDefault" redirect="true"/> -->
			<forward name="success" path="viewAccountPortfolio.html" redirect="true"/>
			<!--		<forward name="success" path="viewNews.do"/>-->
		</action>
		
		<action path="/resetPassAndSec" 
            type="au.com.stgeorge.ibank.controller.customer.CredentialUpdateAction"
		        name="resetPassAndSecForm" 
		        input="ibank.resetPassAndSecNum"
		        validate ="false"
		        scope="request">
			<forward name="failure" path="ibank.resetPassAndSecNum"/>	
			<forward name="success" path="viewAccountPortfolio.html" redirect="true"/>
		</action>
		
		<action path="/changePassword" 
            type="au.com.stgeorge.ibank.controller.customer.CredentialUpdateAction"
		        name="changePasswordForm" 
		        input="ibank.changePassword"
		        validate ="false"
		        scope="request">
			<forward name="failure" path="ibank.changePassword" redirect="true"/>
			<forward name="success" path="ibank.changePassword"/>
			<forward name="landingPage"  path="myInformationLanding.action" redirect="true"></forward>
		</action>
		
		<action path="/changeSecurityNumber" 
            type="au.com.stgeorge.ibank.controller.customer.CredentialUpdateAction"
		        name="changeSecurityNumberForm" 
		        input="ibank.changeSecurityNumber"
		        validate ="false"
		        scope="request">
			<forward name="failure" path="ibank.changeSecurityNumber" redirect="true"/>
			<forward name="success" path="ibank.changeSecurityNumber"/>
			<forward name="landingPage"  path="myInformationLanding.action" redirect="true"></forward>
		</action>
		
		
		<action path="/viewNews" 
            type="au.com.stgeorge.ibank.controller.customer.NewsMessagesAction"
		        name="newsMessagesForm" 
		        input="ibank.news"
		        validate ="false"
		        scope="request">
			<forward name="failure" path="logon.do" redirect ="true"/>
			<forward name="success" path="ibank.news" redirect="true"/>
			<forward name="skip" path="/viewAccountPortfolio.html" redirect="true"/>
		</action>
		
		<action path="/viewPortfolio" 
            type="au.com.stgeorge.ibank.controller.customer.CustomerProfileAction"
		        name="customerForm" 
		        input="ibank.portfolio"
		        validate ="false"
		        scope="request">
			<forward name="failure" path="ibank.userError"/>
			<forward name="success" path="ibank.portfolio"/>
		</action>
		
		<action path="/logoff" 
		        type="au.com.stgeorge.ibank.controller.customer.LogoffAction"
		        name="baseForm" >
		  <forward name="failure" path="ibank.logoff" redirect="true" />
			<forward name="success" path="ibank.logoff"  redirect="true"/>
		</action>
		<action path="/back" 
		        type="au.com.stgeorge.ibank.controller.customer.BackAction"
		        name="baseForm" >
		  <forward name="failure" path="ibank.logoff" redirect="true" />
  	      <forward name="accountDetails" path="viewAccountPortfolio.html" redirect="true"/>
		</action>
    
		<action path="/help" 
		        type="au.com.stgeorge.ibank.controller.IBankForwardAction"
		        name="baseForm" 
		        scope="request">
		  <forward name="failure" path="ibank.helpFromMenu"/>
			<forward name="success" path="ibank.helpFromMenu"/>
		</action>
		
		<action path="/helpFromWelcome" 
		        type="au.com.stgeorge.ibank.controller.IBankForwardAction"
		        name="baseForm" 
		        scope="request">
		  <forward name="failure" path="ibank.help"/>
			<forward name="success" path="ibank.help"/>
		</action>
		
		<!-- External Link Action -->
		<action path="/externalLink"
				parameter="method"
         		type="au.com.stgeorge.ibank.controller.ExternalLinkAction"
		        name="externalLinkForm" 
		        scope="request">
			<forward name="failure" path="./jsp/error/404.jsp"/>
			<forward name="loadExtPageURL" path="./jsp/customer/loadExtPage.jsp"/>
			<forward name="success" path="ibank.externalLink"/>
			<forward name="personalLoanError" path="newAccountOpen.do?method=processPersonalLoans"/> 
			<forward name="ccError" path="newAccountOpen.do?method=processCreditCards"/>
			<forward name="mlError" path="newAccountOpen.do?method=processMarginLoan"/> 
			<forward name="homeLoanError" path="ibank.homeLoanErrorPage"/>
		</action>
		
		<!-- FSRA External Link Action -->
		<action path="/fsraExternalLink"
         		type="au.com.stgeorge.ibank.controller.FSRAExternalLinkAction"
		        name="externalLinkForm" 
		        scope="request">
			<forward name="failure" path="./jsp/error/404.jsp"/>
		</action>
		
		<!-- Information news menu item --> 
		<action path="/informationNews" 
            type="au.com.stgeorge.ibank.controller.customer.NewsMessagesAction"
		        name="newsMessagesForm" 
		        input="ibank.news"
		        validate ="false"
		        scope="request">
			<forward name="failure" path="logon.do" redirect ="true"/>
			<forward name="success" path="information.news"/>
			<forward name="msgCtrNewsOnly" path="information.news2"/>			
		</action>
		
		<!-- Loans news menu item --> 
		<action path="/loanNews" 
            type="au.com.stgeorge.ibank.controller.customer.NewsMessagesAction"
		        name="newsMessagesForm" 
		        input="ibank.news"
		        validate ="false"
		        scope="request">
			<forward name="failure" path="logon.do" redirect ="true"/>
			<forward name="success" path="loans.news"/>
		</action>
		
		<action path="/clipboard" 
            type="au.com.stgeorge.ibank.controller.SimpleClipBoard"
		        name="baseForm" 
		        validate ="false"
		        scope="request">
			<forward name="success" path="loans.news"/>
		</action>
		<action path="/print" 
				type="au.com.stgeorge.ibank.controller.PrintAction"  >
			<forward name="success" path="print.page"/>
		</action>
		
		<!-- Loan tracking -->
		<!-- action path="/viewLoanStatus" validate="false" name="loanStatusTrackForm" scope="request" 
				input="ibank.viewLoanStatus" type="au.com.stgeorge.ibank.controller.customer.LoanTrackAction">
			<forward name="success" path="ibank.viewLoanStatus"/>
			<forward name="failure" path="ibank.userError"/>
		</action -->
		
		<action path="/viewApplicationStatus" validate="false" name="applicationStatusForm" scope="request" parameter="method"
			type="au.com.stgeorge.ibank.controller.customer.ViewApplicationStatusAction">
			<forward name="success" path="ibank.viewApplicationStatus"/>
			<forward name="failure" path="ibank.userError"/>
		</action>
		
		<action path="/msgCentre" validate="false" name="messageCentreForm" scope="request" parameter="method"
			type="au.com.stgeorge.ibank.messagecentre.controller.MessageCentreAction">
			<forward name="custMessageList" path="ibank.messagecentre.custMessageList"/>	
			<forward name="custMessageDetails" path="ibank.messagecentre.custMessageDetails"/>	
			<forward name="custMessageDeleteConfirm" path="ibank.messagecentre.custMessageDeleteConfirm"/>	
		</action>
		
		<action path="/processLogonType" validate="false" name="baseForm" scope="request" input="ibank.userError" type="au.com.stgeorge.ibank.controller.customer.ProcessLogonTypeAction" parameter="method">
			<forward name="processBTNewApplication" path="btProcessNewApplication.do?method=preValidateBTNewApplicationDtls"></forward>
			<forward name="applyGCC" path="gccDetails.action?reqFrom=applyGCC" redirect="true"></forward> 
			<forward name="failure" path="viewAccountPortfolio.html" redirect="true"></forward>  
	   </action>
		
		<action path="/keepSessionAlive"
         		type="au.com.stgeorge.ibank.controller.IBankForwardAction"
		        name="baseForm" 
		        scope="request">
				<forward name="success" path="/InternetBankingResources/image/1x1.gif"/>
		</action>

		<action path="/returnToCompass"
         		type="au.com.stgeorge.ibank.controller.IBankForwardAction"
		        name="baseForm" 
		        scope="request">
			<forward name="success" path="viewAccountPortfolio.html" redirect="true"/>
		</action>
		
		<action path="/taxFileNumberAction" type="au.com.stgeorge.ibank.controller.customer.TaxFileNumberAction" 
		        name="taxFileNumberForm" scope="request" parameter="method" validate="false" input="ibank.userError">
			<forward name="enterTaxFileNumber" path="ibank.enterTaxFileNumber"/>
			<forward name="taxFileNumberHeld" path="ibank.enterTaxFileNumber"/>
			<forward name="confirmTaxFileNumber" path="ibank.confirmTaxFileNumber"/>
			<forward name="landingPage" path="myInformationLanding.action" redirect="true"/>
		</action>
		
		<action path="/accountIcon" 
			type="au.com.stgeorge.ibank.controller.customer.AccountIconAction" 
			name="accountIconForm" 
			validate="true" 
			scope="request" input="/jsp/error/blockUser.jsp">
			<forward name="default"		path="preferences.changeAccountIcon.tile" />
			<forward name="submit"		path="preferences.changeAccountIcon.tile" />
		</action>
	
		</action-mappings>

	<!-- ========== Customised Controller =================================== -->
	<controller contentType="text/html;charset=UTF-8" locale="true" nocache="false" processorClass="au.com.stgeorge.ibank.controller.IBankRequestProcessor" />

	<!-- Message Resources -->
	<message-resources parameter="ApplicationResources" ></message-resources>

	<plug-in className="org.apache.struts.validator.ValidatorPlugIn">
		<set-property property="pathnames" value="/WEB-INF/config/validator-rules.xml,/WEB-INF/config/validation.xml" />
	</plug-in>

	<plug-in className="org.apache.struts.tiles.TilesPlugin">
		<set-property property="definitions-config" value="/WEB-INF/config/tiles-ibank.xml, /WEB-INF/config/tiles-ibank-payments.xml, /WEB-INF/config/tiles-ibank-accounts.xml, /WEB-INF/config/tiles-ibank-menu.xml, /WEB-INF/config/tiles-ibank-ebp.xml, /WEB-INF/config/tiles-ibank-tools.xml, /WEB-INF/config/tiles-ibank-sms.xml, /WEB-INF/config/tiles-ibank-eStatements.xml" />
		<set-property property="moduleAware" value="true"/>
	</plug-in>
</struts-config>