<?xml version="1.0" encoding="UTF-8"?>
<!DOCTYPE struts-config PUBLIC "-//Apache Software Foundation//DTD Struts Configuration 1.3//EN"
                               "http://jakarta.apache.org/struts/dtds/struts-config_1_3.dtd">

<struts-config>

	<!-- Form Beans -->
	<form-beans>
		<!-- Preferences Form -->
		<form-bean name="contactDetailsForm" type="au.com.stgeorge.ibank.view.customer.ContactDetailsForm" />
	</form-beans>

	<!-- Action Mappings -->
		<action-mappings>
	   <!-- action path="/viewContactDetails" 
             type="au.com.stgeorge.ibank.controller.customer.ContactDetailsAction"
 		         name="contactDetailsForm" 
 		         validate = "false"
             input ="ibank.viewContactDetails"
		         scope="request">
 	   <forward name="success" path="ibank.viewContactDetails"/> 
 	   <forward name="modify" path="ibank.editViewContactDetails"/>
 	   <forward name="ibankSecure" path="ibank.editContactDetails.secure"/>
	   <forward name="failure" path="ibank.error"/>
    </action-->
    <!-- action path="/editViewContactDetails" 
            type="au.com.stgeorge.ibank.controller.customer.ContactDetailsAction"
		        name="contactDetailsForm" 
		        validate = "false"
            input ="ibank.editViewContactDetails"
            scope="request">
 	    <forward name="success" path="ibank.editViewContactDetails"/>
	    <forward name="failure" path="ibank.error"/>
	    <forward name="cancel" path="myInformationLanding.action"/>
     </action-->
    <action path="/editContactDetails" parameter="method"
    	type="au.com.stgeorge.ibank.controller.customer.ContactDetailsAction"
    	name="contactDetailsForm" validate="false"
    	input="ibank.editViewContactDetails" scope="request">
    	<forward name="default" path="ibank.viewContactDetails" />
    	<forward name="success" path="ibank.viewContactDetails.success" />
    	<forward name="modify" path="ibank.editViewContactDetails" />
    	<forward name="setAddress" path="ibank.editViewContactDetails" />
    	<forward name="ibankSecure" 	path="ibank.editContactDetails.secure" />
    	<forward name="suspendAccess" path="userError.do"></forward>
    	<forward name="failure" path="ibank.editViewContactDetails" />
    	<forward name="cancel"	path="myInformationLanding.action" redirect="true"/>
    	<forward name="btUpdatesuccess" path="btProcessNewApplication.do?method=preValidateBTNewApplicationDtls" />
    	<forward name="homeloanIncreaseViewContactdtls" path="editContactDetailsHLI.do?method=processDefault" />
    </action>
    
    <action path="/editContactDetailsForBT" parameter="method"
    	type="au.com.stgeorge.ibank.controller.customer.ContactDetailsAction"
    	name="contactDetailsForm" validate="false"
    	input="ibank.editViewContactDetails" scope="request">
    	
    	<forward name="default" path="ibank.bt.viewContactDetails" />
    	<forward name="success" path="ibank.bt.viewContactDetails" />
    	<forward name="modify" path="ibank.editViewContactDetails" />
    	<forward name="setAddress" path="ibank.editViewContactDetails" />
    	<forward name="ibankSecure" 	path="ibank.editContactDetails.secure" />
    	<forward name="suspendAccess" path="userError.do"></forward>
    	<forward name="failure" path="ibank.viewBTContactDetails" />
    	<forward name="cancel"	path="myInformationLanding.action" redirect="true"/>
    	<forward name="btNewApplication" path="btExternalLink_processBTNewApplicationRequest.action?linkType=BTNewApplication"  redirect="true"></forward>
    	<forward name="btEditContactDetails" path="editContactDetails.do?method=processSecureCodeForContactDetails&amp;BTUpdate=Y" />
    	<forward name="btApplValidationFail" path="ibank.bt.viewContactDetails" />
    	<forward name="btApplicationFail" path="ibank.viewBTApplyFail" />
    	<forward name="btPreApplValidationFail" path="ibank2.bt.preApplValidationFail" />
    	<forward name="btApplyCancel" path="landingPage.do?method=processLandingPage&amp;source=newAccounts" />
    </action>
    
    <!-- HLI Changes  :start -->
     <action path="/editContactDetailsHLI" parameter="method"
    	type="au.com.stgeorge.ibank.controller.customer.ContactDetailsAction"  	name="contactDetailsForm" validate="false" 	
    	input="ibank.editViewContactDetails" scope="request">
   	    	<forward name="default" path="ibank.hli.viewContactDetails" />
   	    	<forward name="success" path="ibank.hli.viewContactDetails" />
  	    	<forward name="homeLoanApplication" path="homeLoanExternalLink.do?method=processHLIApplRequest" />
   	    	<forward name="homeLoanCancel" path="viewAccountPortfolio.html" redirect="true"></forward>
   	    	<forward name="homeloanEditContactDetails" path="editContactDetails.do?method=processSecureCodeForContactDetails" />
    </action>
     <!-- HLI Changes  : end -->
</action-mappings>
	
</struts-config>