<!DOCTYPE tiles-definitions PUBLIC
       "-//Apache Software Foundation//DTD Tiles Configuration 1.3//EN"
       "http://struts.apache.org/dtds/tiles-config_1_3.dtd">

<!-- Definitions for IBank access   -->

<tiles-definitions>

  <!-- =======================================================  -->
  <!-- Master definition  					-->
  <!-- =======================================================  -->

  <!-- Index page description  -->
  <definition name="ibank.mainLayout" path="/jsp/common/layout.jsp">
	  <put name="title"  		value="Main" />
	  <put name="header" 		value="/jsp/common/header.jsp" />
	  <put name="menu"   		value="/jsp/ibank2/common/menu.jsp" />
	  <put name="toolsbar"      value="/jsp/common/toolsbar.jsp" />
	  <put name="whatNext" 		value="/jsp/common/whatNextBlank.jsp" />
	  <put name="footer" 		value="/jsp/common/footer.jsp" />
	  <put name="body"   		value="/jsp/common/body.jsp" />
  	  <put name="defaultForm" 	value="baseForm" />
  	  <put name="menuOption" 		value="0" />
  </definition>
  
  
<definition name="ibank.envelopeLayout" path="/jsp/common/envelopeLayout.jsp">
	  <put name="header" 		value="/jsp/common/header.jsp" />
	  <put name="menu"   		value="/jsp/common/blankMenu.jsp" />
	  <put name="toolsbar"      value="/jsp/common/toolsbar.jsp" />
	  <put name="body"   		value="/jsp/common/body.jsp" />
  	  <put name="defaultForm" 	value="baseForm" />
  	  <put name="menuOption" 		value="0" />
  </definition>
     
  <!-- Wide pages -->
  <definition name="ibank.mainLayoutWide" path="/jsp/common/layoutwide.jsp">
	  <put name="title"  		value="Main" />
	  <put name="header" 		value="/jsp/common/header.jsp" />
	  <put name="menu"   		value="/jsp/common/blankMenu.jsp" />
	  <put name="toolsbar"  value="/jsp/common/toolsbar.jsp" />
	  <put name="whatNext" 		value="/jsp/common/whatNextBlank.jsp" />
	  <put name="footer" 		value="/jsp/common/footer.jsp" />
	  <put name="body"   		value="/jsp/common/body.jsp" />
  	  <put name="defaultForm" 	value="baseForm" />
  	  <put name="helpMenu" 		value="" />
	  <put name="helpFunction" 	value="" />
	  <put name="helpSteps" 	value="" /> 
	  <put name="menuOption" 		value="0" />
  </definition>  
  
  <!-- Vanilla Page Layout (No Menus)  -->
  <definition name="ibank.vanillaLayout" path="/jsp/common/vanillaLayout.jsp">
	  <put name="title"  		value="Main" />
	  <put name="header" 		value="/jsp/common/header.jsp" />
	  <put name="toolsbar"  value="/jsp/common/toolsbar.jsp" />
	  <put name="footer" 		value="/jsp/common/footer.jsp" />
	  <put name="body"   		value="/jsp/common/body.jsp" />
  	  <put name="defaultForm" 	value="baseForm" />
      <put name="helpMenu" 		value="" />
	  <put name="helpFunction" 	value="" />
	  <put name="helpSteps" 	value="" /> 
	  <put name="menuOption" 		value="0" />	  
  </definition>
  
    <!-- External Link Layout for Closed Sessions   -->
  <definition name="ibank.externalLinkLayout" path="/jsp/common/externalLinkLayout.jsp">
	  <put name="title"  		value="Main" />
	  <put name="header" 		value="/jsp/common/header.jsp" />
	  <put name="toolsbar"      value="/jsp/common/toolsbar.jsp" />
	  <put name="body"   		value="/jsp/common/body.jsp" />
  	  <put name="defaultForm" 	value="baseForm" />
		<put name="menuOption" 		value="0" />  	  
  </definition>
  
  <definition name="ibank.blankLayout" path="/jsp/common/blankLayout.jsp">
	  <put name="title"  		value="Main" />
	  <put name="header" 		value="/jsp/common/header.jsp" />
	  <put name="toolsbar"  value="/jsp/common/toolsbar.jsp" />
	  <put name="footer" 		value="/jsp/common/footer.jsp" />
	  <put name="body"   		value="/jsp/common/body.jsp" />
  	  <put name="defaultForm" 	value="baseForm" />
      <put name="helpMenu" 		value="" />
	  <put name="helpFunction" 	value="" />
	  <put name="helpSteps" 	value="" />
	   <put name="menuOption" 		value="0" />
  </definition>
  <!-- Error Page  -->
 <definition name="ibank.userError" extends="ibank.vanillaLayout">
	  <put name="title"  		value="User Error" />
	  <put name="body"   		value="/jsp/error/userError.jsp" />
  </definition>  
   
 <!-- Print page description not used  -->
  <definition name="print.page" path="/jsp/common/printLayout.jsp">
   <put name="title"    value="Print Version" />
   <put name="body"     value="/jsp/common/printVersion.jsp" />
   <put name="footer"   value="/jsp/common/footer.jsp" />
  </definition>


  <!-- Logon Page  -->
  <definition name="ibank.logon" path="/logon.jsp">
  </definition>


  <definition name="ibank.mainpageResetPwd" path="/jsp/customer/resetPassword.jsp">
  </definition>

  
  <!-- Reset Password Page -->
  <definition name="ibank.resetPassword" extends="ibank.vanillaLayout">
	  <put name="title"  		value="My Information" />
	  <put name="body"   		value="/jsp/customer/resetPassword.jsp" />
  	<put name="defaultForm" 	value="resetPasswordForm" />
	  <put name="helpMenu" 		value="logon" />
	  <put name="helpFunction" 	value="Password" />
	  <put name="helpSteps" 	value="reset" />
  </definition>
  
  <!-- Reset Password and SecNumber Page -->
  <definition name="ibank.resetPassAndSecNum" extends="ibank.vanillaLayout">
	  <put name="title"  		value="My Information" />
	  <put name="body"   		value="/jsp/customer/resetPassAndSec.jsp" />
  	<put name="defaultForm" 	value="resetPassAndSecForm" />
	  <put name="helpMenu" 		value="logon" />
	  <put name="helpFunction" 	value="Password" />
	  <put name="helpSteps" 	value="reset" />
  </definition>
  
  <!-- News Page -->
  <definition name="ibank.news" extends="ibank.vanillaLayout">
	  <put name="title"  		value="News" />
	  <put name="body"   		value="/jsp/customer/news.jsp" />
    <put name="menu"   		value="news.menu" />
    <put name="defaultForm" 	value="newsMessagesForm" />
	<put name="helpMenu" 		value="logon" />
	<put name="helpFunction" 	value="NewsPage" />
	<put name="helpSteps" 	value="News" />    
  </definition>
  
  <!-- News Page -->
  <definition name="ibank.splashScreen" extends="ibank.vanillaLayout">
	  <put name="title"  		value="Splash Screen" />
	  <put name="body"   		value="/jsp/customer/splashScreen.jsp" />
    <put name="defaultForm" 	value="splashScreenForm" />
	<put name="helpMenu" 		value="" />
	<put name="helpFunction" 	value="" />
	<put name="helpSteps" 	value="" />    
  </definition>
    <!-- News Page -->
  <definition name="ibank.secureSplashScreen" extends="ibank.blankLayout">
	  <put name="title"  		value="Splash Screen" />
	  <put name="body"   		value="/jsp/customer/secureSplashScreen.jsp" />
    <put name="defaultForm" 	value="splashScreenForm" />
	<put name="helpMenu" 		value="" />
	<put name="helpFunction" 	value="" />
	<put name="helpSteps" 	value="" />    
  </definition>
  <definition name="ibank.eLeadsSplashPage" extends="ibank.vanillaLayout">
	<put name="title"  		value="Splash Screen" />
	<put name="body"   		value="/jsp/customer/eLeadsSplashScreen.jsp" />
    <put name="defaultForm" 	value="splashScreenForm" />
	<put name="helpMenu" 		value="" />
	<put name="helpFunction" 	value="" />
	<put name="helpSteps" 	value="" />
	<put name="menuOption" 		value="0" />    
  </definition>
  
  <definition name="ibank.eLeads" extends="ibank.mainLayout">
    <put name="title"  		value="View My Special Offers" />
	<put name="body"   		value="/jsp/customer/eLeads.jsp" />
<!--	<put name="menu"   		value="messagecentre.menu" />-->
    <put name="defaultForm" 	value="eLeadsForm" />
	<put name="helpMenu" 		value="MessageCentre" />
	<put name="helpFunction" 	value="SpecialOffers" />
	<put name="helpSteps" 	value="" />  
	<put name="screenId" 	value="eLeads" />
	<put name="menuOption" 		value="0" />      
  </definition>
  
  <!-- StopPaper Splash screen -->  
  <definition name="ibank.stopPaperSplashScreen" extends="ibank.vanillaLayout">
	  <put name="title"  		value="Splash Screen" />
	  <put name="body"   		value="/jsp/customer/stopPaperSplashScreen.jsp" />
    <put name="defaultForm" 	value="splashScreenForm" />
	<put name="helpMenu" 		value="" />
	<put name="helpFunction" 	value="" />
	<put name="helpSteps" 	value="" />    
  </definition>
  
  <!-- Change password -->
  <!-- This jsp should have what do you want to do links -->
  <definition name="ibank.changePassword" extends="ibank.mainLayout">
	  <put name="title"  		value="My Information" />
	  <put name="body"   		value="/jsp/customer/changePassword.jsp" />
	  <put name="whatNext" value="/jsp/common/whatNext.jsp" />
<!--      <put name="menu"   		value="parent.menu" />-->
      <put name="defaultForm" 	value="changePasswordForm" />
	  <put name="helpMenu" 		value="logon" />
	  <put name="helpFunction" 	value="Password" />
	  <put name="helpSteps" 	value="changePwd" />
	  <put name="screenId" 	value="changePwd" />
	  <put name="menuOption" 		value="5" />    
  </definition>
  
  <!-- Change security number -->
  <!-- This jsp should have what do you want to do links -->
  <definition name="ibank.changeSecurityNumber" extends="ibank.mainLayout">
	  <put name="title"  		value="My Information" />
	  <put name="body"   		value="/jsp/customer/changeSecurityNumber.jsp" />
	  <put name="whatNext" value="/jsp/common/whatNext.jsp" />
<!--      <put name="menu"   		value="parent.menu" />-->
      <put name="defaultForm" 	value="changeSecurityNumberForm" />
	  <put name="helpMenu" 		value="logon" />
	  <put name="helpFunction" 	value="Password" />
	  <put name="helpSteps" 	value="changeSecNum" /> 
	  <put name="screenId" 	value="changeSecNum" />
	  <put name="menuOption" 		value="5" />   
  </definition>
  
  <!-- Change password confirmation -->
  <definition name="ibank.changePasswordConfirmation" extends="ibank.mainLayout">
	  <put name="title"  		value="My Information" />
	  <put name="body"   		value="/jsp/customer/changePasswordConfirmation.jsp" />
<!--    <put name="menu"   		value="parent.menu" />-->
    <put name="defaultForm" 	value="changePasswordForm" />
	  <put name="helpMenu" 		value="logon" />
	  <put name="helpFunction" 	value="Password" />
	  <put name="helpSteps" 	value="changePwdConfirm" />    
	  <put name="screenId" 	value="changePwdConfirm" />
	  <put name="menuOption" 		value="5" />
  </definition>
  
  <!-- Help page -->
  <definition name="ibank.help" extends="ibank.vanillaLayout">
	  <put name="title"  		value="Help" />
	  <put name="body"   		value="/jsp/help.jsp" />
	  <put name="helpMenu" 		value="" />
	  <put name="helpFunction" 	value="" />
	  <put name="helpSteps" 	value="" />    
  </definition>
  
  <definition name="ibank.helpFromMenu" extends="ibank.vanillaLayout">
	  <put name="title"  		value="Help" />
	  <put name="body"   		value="/jsp/helpFromMenu.jsp" />
	  <put name="helpMenu" 		value="" />
	  <put name="helpFunction" 	value="" />
	  <put name="helpSteps" 	value="" />    
  </definition>

  <!-- Welcome Page -->  
  <definition name="ibank.welcome" path="welcome.jsp">
  </definition>
  
  <!-- Terms and Conditions page -->
  <definition name="ibank.terms" extends="ibank.vanillaLayout">
	  <put name="title"  		value="Terms and Conditions" />
	  <put name="body"   		value="/jsp/termsAndConditions.jsp" />
	  <put name="helpMenu" 		value="" />
	  <put name="helpFunction" 	value="" />
	  <put name="helpSteps" 	value="" />    
  </definition>
  
  <!-- My Information landing page -->
	<definition name="myinformation.landing.tile" extends="ibank.mainLayout">
		<put name="title" value="My Information" />
		<put name="body" value="/jsp/customer/myInformationLanding.jsp" />
<!--		<put name="menu"   		value="parent.menu" />-->
		<put name="defaultForm" value="baseForm" />
        <put name="helpMenu" 		value="MyInformation" />
	    <put name="helpFunction" 	value="" />
	    <put name="helpSteps" 	value="" /> 
	    <put name="screenId" 	value="" />
	    <put name="menuOption" 		value="4" />    
	</definition>
	
	<!-- Payment landing page -->
	<definition name="payment.landing.tile" extends="payment.tile">
		<put name="title" value="Transfers &amp; Payments" />
		<put name="body" value="/jsp/payment/paymentLanding.jsp" />
		<put name="defaultForm" value="baseForm" />
        <put name="helpMenu" 		value="TransferandPayment" />
	    <put name="helpFunction" 	value="" />
	    <put name="helpSteps" 	value="" />
	    <put name="screenId" 	value="" />
	    <put name="menuOption" 		value="1" />    
	</definition>
	
	<!-- Group Payment landing page -->
	<definition name="grouppayment.landing.tile" extends="payment.tile">
		<put name="title" value="Group Payments" />
		<put name="body" value="/jsp/payment/groupPaymentLanding.jsp" />
		<put name="defaultForm" value="baseForm" />
        <put name="helpMenu" 		value="TransferandPayment" />
	    <put name="helpFunction" 	value="GroupPayment" />
	    <put name="helpSteps" 	value="" /> 
	    <put name="screenId" 	value="" /> 
	    <put name="menuOption" 		value="1" />    
	</definition>
	
	<!-- Create Alert landing page -->
	<definition name="createalert.landing.tile" extends="ibank.mainLayout">
		<put name="title" value="Create an Alert" />
		<put name="body" value="/jsp/sms/createAlertsLanding.jsp" />
<!--		<put name="menu" value="smsalerts.menu" />-->
		<put name="defaultForm" value="baseForm" />
        <put name="helpMenu" 		value="SMSAlert" />
	    <put name="helpFunction" 	value="Alert" />
	    <put name="helpSteps" 	value="Create" />    
	    <put name="screenId" 	value="createAlert" />
	    <put name="menuOption" 		value="5" />    
	</definition>
	
	<!-- Cheque Services landing page -->
	<definition name="payment.chequeservice.landingpage.tile" extends="ibank.mainLayout">
		<put name="title" value="Cheque Services" />
		<put name="body" value="/jsp/payment/chqServicesLanding.jsp" />
<!--		<put name="menu"   		value="parent.menu" />-->
		<put name="defaultForm" value="baseForm" />
        <put name="helpMenu" 		value="Cheque" />
	    <put name="helpFunction" 	value="" />
	    <put name="helpSteps" 	value="" /> 
	    <put name="screenId" 	value="" />   
		<put name="menuOption" 		value="2" />    	    
	</definition>
	
	<!-- My Information landing page -->
	<definition name="maintenance.landing.tile" extends="ibank.mainLayout">
		<put name="title" value="Account Servicing" />
		<put name="body" value="/jsp/account/maintenanceLanding.jsp" />
<!--		<put name="menu"   		value="parent.menu" />-->
		<put name="defaultForm" value="baseForm" />
        <put name="helpMenu" 		value="Maintenance" />
	    <put name="helpFunction" 	value="" />
	    <put name="helpSteps" 	value="" /> 
	    <put name="screenId" 	value="" />   
	</definition>
	
	<!-- New Accounts landing page -->
	<definition name="newaccounts.landing.tile" extends="ibank.mainLayout">
		<put name="title" value="Open New Accounts" />
		<put name="body" value="/jsp/account/newAccountsLanding.jsp" />
<!--		<put name="menu"   		value="newaccounts.menu" />-->
		<put name="defaultForm" value="baseForm" />
        <put name="helpMenu" 		value="NewAccounts" />
	    <put name="helpFunction" 	value="" />
	    <put name="helpSteps" 	value="" />  
	    <put name="screenId" 	value="" />
	     <put name="menuOption" 		value="3" />    	    
	</definition>
	
	<!-- BPAY View landing page -->
	<definition name="ebp.landing.tile" extends="ibank.mainLayout">
		<put name="title" value="BPAY View" />
		<put name="body" value="/jsp/ebp/bpayViewLanding.jsp" />
<!--		<put name="menu"   		value="bpay.menu" />-->
		<put name="defaultForm" value="baseForm" />
        <put name="helpMenu" 		value="ViewEBPAY" />
	    <put name="helpFunction" 	value="" />
	    <put name="helpSteps" 	value="" /> 
	    <put name="screenId" 	value="" />
	     <put name="menuOption" 		value="1" />    	    
	</definition>
	
	<!-- Create schedule landing page -->
	<definition name="createschedule.landing.tile" extends="ibank.mainLayout">
		<put name="title" value="Scheduled Payments" />
		<put name="body" value="/jsp/payment/createScheduleLanding.jsp" />
<!--		<put name="menu"   		value="payments.menu" />-->
		<put name="defaultForm" value="baseForm" />
        <put name="helpMenu" 		value="TransferandPayment" />
	    <put name="helpFunction" 	value="Schedule" />
	    <put name="helpSteps" 	value="" />  
	    <put name="screenId" 	value="" />
	      <put name="menuOption" 		value="1" />    	    
	</definition>
	
  <!-- Preferences Page -->
  <definition name="ibank.preferences" extends="ibank.mainLayout">
	  <put name="title"  		value="My Information" />
	  <put name="body"   		value="/jsp/customer/setPreferences.jsp" />
<!--      <put name="menu"   		value="parent.menu" />-->
      <put name="defaultForm" 	value="preferenceForm" />
      <put name="helpMenu" 		value="MyInformation" />
      <put name="helpFunction" 	value="Preferences" />
      <put name="helpSteps" 	value="Payment" />  
  	  <put name="screenId" 	value="preferences" />
  	   <put name="menuOption" 		value="4" />    	    
  </definition>

  <definition name="ibank.viewContactDetails" extends="ibank.mainLayout">
	  <put name="title"  		value="My Information" />
	  <put name="body"   		value="/jsp/customer/viewContactDetails.jsp" />
<!--    <put name="menu"   		value="parent.menu" />-->
    <put name="defaultForm" 	value="contactDetailsForm" />
      <put name="helpMenu" 		value="MyInformation" />
      <put name="helpFunction" 	value="ContactDetails" />
      <put name="helpSteps" 	value="View" />
      <put name="screenId" 	value="viewContactDetails" />
       <put name="menuOption" 		value="4" />    	    
            
  </definition>
  
  <!-- This jsp should have what do you want to do links only when it is a successfull transaction. That is why two tile definations for the same jsp-->
  <definition name="ibank.viewContactDetails.success" extends="ibank.mainLayout">
	  <put name="title"  		value="My Information" />
	  <put name="body"   		value="/jsp/customer/viewContactDetails.jsp" />
<!--	  <put name="menu"   		value="parent.menu" />-->
    <put name="defaultForm" 	value="contactDetailsForm" />
      <put name="helpMenu" 		value="MyInformation" />
      <put name="helpFunction" 	value="ContactDetails" />
      <put name="helpSteps" 	value="Success" />
      <put name="screenId" 	value="contactDetails" />
       <put name="menuOption" 		value="4" />    	    
  </definition>
  
  <definition name="ibank.editViewContactDetails" extends="ibank.mainLayout">
	  <put name="title"  		value="My Information" />
	  <put name="body"   		value="/jsp/customer/editContactDetails.jsp" />
<!--    <put name="menu"   		value="parent.menu" />-->
    <put name="defaultForm" 	value="contactDetailsForm" />
      <put name="helpMenu" 		value="MyInformation" />
      <put name="helpFunction" 	value="ContactDetails" />
      <put name="helpSteps" 	value="Edit" />  
      <put name="screenId" 	value="editContactDetails" />
       <put name="menuOption" 		value="4" />    	    
  </definition>
<definition name="ibank.editContactDetails.secure" extends="ibank.mainLayout">
	  <put name="title"  		value="My Information" />
	  <put name="body"   		value="/jsp/customer/editContactDetailsSecure.jsp" />
<!--    <put name="menu"   		value="parent.menu" />-->
    <put name="defaultForm" 	value="contactDetailsForm" />
      <put name="helpMenu" 		value="MyInformation" />
      <put name="helpFunction" 	value="ContactDetails" />
      <put name="helpSteps" 	value="Secure" />  
      <put name="screenId" 	value="PaymentSecure" />
       <put name="menuOption" 		value="4" />    	    
  </definition>
  <definition name="ibank.accountAlias" extends="ibank.mainLayout">
	  <put name="title"  		value="Rename &amp; Sort My Accounts" />
	  <put name="body"   		value="/jsp/account/editAccountDisplay.jsp" />
	  	  <put name="whatNext" value="/jsp/common/whatNext.jsp" />
<!--    <put name="menu"   		value="account.menu" />-->
    <put name="defaultForm" 	value="accountAliasForm" />
      <put name="helpMenu" 		value="AccountInformation" />
      <put name="helpFunction" 	value="RenameSortMyAccounts" />
      <put name="helpSteps" 	value="" />   
      <put name="screenId" 	value="accountAlias" />
       <put name="menuOption" 		value="4" />    	    
  </definition>

	<definition name="preferences.changeAccountIcon.tile" extends="ibank.mainLayout">		
		<put name="title"		value="Change My Account Icons" />
<!--		<put name="menu"		value="account.menu" />-->
		<put name="body"		value="/jsp/customer/changeAccountIcon.jsp" />
		<put name="whatNext" value="/jsp/common/whatNext.jsp" />
		<put name="defaultForm" value="accountIconForm" />
      <put name="helpMenu" 		value="ChangeIcon" />
      <put name="helpFunction" 	value="" />
      <put name="helpSteps" 	value="" /> 
      <put name="screenId" 	value="accountIcon" />
       <put name="menuOption" 		value="4" />    	    
         
	</definition>
 
 
	<!-- Loan status tracking -->
	<definition name="ibank.viewLoanStatus" extends="ibank.mainLayout">
		<put name="title"		value="View Loan Status" />
<!--		<put name="menu"		value="account.menu" />-->
		<put name="body"		value="/jsp/customer/LoanApplicationStatus.jsp" />
		<put name="defaultForm" value="loanStatusTrackForm" />
		<put name="helpMenu" value="AccountInformation" />
		<put name="helpFunction" value="" />
		<put name="helpSteps" value="" />
		<put name="screenId" 	value="loanStatus" />
		<put name="menuOption" 		value="3" />    	    
	</definition>
	<!-- Loan status tracking -->  

	<definition name="ibank.viewApplicationStatus" extends="ibank.mainLayout">
		<put name="title"		value="View Application Status" />
<!--		<put name="menu"		value="newaccounts.menu" />-->
		<put name="whatNext" value="/jsp/common/whatNext.jsp" />
		<put name="body"		value="/jsp/customer/viewApplicationStatus.jsp" />
		<put name="defaultForm" value="applicationStatusForm" />
		<put name="helpMenu" value="NewAccounts" />
		<put name="helpFunction" value="ApplicationStatus" />
		<put name="helpSteps" value="" />
		<put name="screenId" 	value="applicationStatus" />
		<put name="menuOption" 		value="3" />    	    
	</definition>
	
	<definition name="ibank.messagecentre.custMessageList" extends="ibank.mainLayout">
		<put name="title"		value="My Mailbox" />
<!--		<put name="menu"		value="messagecentre.menu" />-->
		<put name="whatNext" value="/jsp/common/whatNext.jsp" />
		<put name="body"		value="/jsp/messagecentre/custMessageList.jsp" />
		<put name="defaultForm" value="messageCentreForm" />
		<put name="helpMenu" value="MessageCentre" />
		<put name="helpFunction" value="mcList" />
		<put name="helpSteps" value="" />
		<put name="screenId" 	value="mcList" />
		<put name="menuOption" 		value="0" />    	    
	</definition>	
	
	<definition name="ibank.messagecentre.custMessageDetails" extends="ibank.mainLayout">
		<put name="title"		value="My Mailbox" />
<!--		<put name="menu"		value="messagecentre.menu" />-->
		<put name="whatNext" value="/jsp/common/whatNext.jsp" />
		<put name="body"		value="/jsp/messagecentre/custMessageDetails.jsp" />
		<put name="defaultForm" value="messageCentreForm" />
		<put name="helpMenu" value="MessageCentre" />
		<put name="helpFunction" value="mcDetails" />
		<put name="helpSteps" value="" />
		<put name="screenId" 	value="mcDetails" />
		<put name="menuOption" 		value="0" />    	    
	</definition>		
	
	<definition name="ibank.messagecentre.custMessageDeleteConfirm" extends="ibank.mainLayout">
		<put name="title"		value="My Mailbox" />
<!--		<put name="menu"		value="messagecentre.menu" />-->
		<put name="whatNext" value="/jsp/common/whatNext.jsp" />
		<put name="body"		value="/jsp/messagecentre/custMessageDeleteConfirm.jsp" />
		<put name="defaultForm" value="messageCentreForm" />
		<put name="helpMenu" value="MessageCentre" />
		<put name="helpFunction" value="mcDeleteConfirm" />
		<put name="helpSteps" value="" />
		<put name="screenId" 	value="mcDeleteConfirm" />
		<put name="menuOption" 		value="0" />    	    
	</definition>		
		

 <definition name="ibank.logoff" path="/jsp/customer/logoff.jsp">
  </definition>
  
    <!-- Safe and Secure Page  -->
  <definition name="ibank.safeAndSecurepage" path="/safeAndSecure.jsp">
  </definition>
  
  <definition name="ibank.externalLink" extends="ibank.externalLinkLayout">
	  <put name="title"  		value="Close Session" />
	  <put name="body"   		value="/jsp/customer/externalLink.jsp" />
      <put name="defaultForm" 	value="externalLinkForm" />
	  <put name="helpMenu" 		value="NewAccounts" />
	  <put name="helpFunction" 	value="" />
	  <put name="helpSteps" 	value="" />
	  <put name="screenId" 		value="" />
  </definition>


   <definition name="ibank.bt.productOverview" extends="ibank.mainLayout">
    <put name="title"		value="Apply for BT Super for Life" />
	<put name="body"   		value="/jsp/customer/viewBTProductOverview.jsp" />
<!--    <put name="menu"   		value="newaccounts.menu" />-->
    <put name="defaultForm" 	value="baseForm" />
      		<put name="helpMenu" value="NewAccounts" />
      <put name="helpFunction" value="BTProdOverview" />
      <put name="helpSteps" value="Details" />
      <put name="screenId" 	value="btFundTransferProdOverView" />
      <put name="menuOption" 		value="3" />    	      
  </definition>
  
    <definition name="ibank.bt.preApplValidationFail" extends="ibank.mainLayout">
    <put name="title"		value="Apply for BT Super for Life" />
	<put name="body"   		value="/jsp/customer/viewBTPreApplValidationFail.jsp" />
<!--    <put name="menu"   		value="newaccounts.menu" />-->
    <put name="defaultForm" 	value="baseForm" />
      		<put name="helpMenu" value="NewAccounts" />
      <put name="helpFunction" value="BTFullFailure" />
      <put name="helpSteps" value="Details" />
      <put name="screenId" 	value="btFundTransferFailedPreVal" />
      <put name="menuOption" 		value="3" />    	      
  </definition>
  
   <definition name="ibank.bt.viewContactDetails" extends="ibank.mainLayout">
    <put name="title"		value="Apply for BT Super for Life" />
	<put name="body"   		value="/jsp/customer/viewBTContactDetails.jsp" />
<!--    <put name="menu"   		value="newaccounts.menu" />-->
    <put name="defaultForm" 	value="contactDetailsForm" />
      		<put name="helpMenu" value="NewAccounts" />
      <put name="helpFunction" value="BTConfirm" />
      <put name="helpSteps" value="Details" />
      <put name="screenId" 	value="btFundTransferViewContact" />
      <put name="menuOption" 		value="3" />    	      
  </definition>

  <definition name="ibank.bt.externalLink" extends="ibank.externalLinkLayout">
	  <put name="title"  		value="Close Session" />
	  <put name="body"   		value="/jsp/customer/btExternalLink.jsp" />
      <put name="defaultForm" 	value="externalLinkForm" />
	  <put name="helpMenu" 		value="NewAccounts" />
	  <put name="helpFunction" 	value="" />
	  <put name="helpSteps" 	value="" />
	  <put name="screenId" 		value="" />
  </definition>
  
   <definition name="ibank.bt.preApplValidationFail2" extends="ibank.mainLayout">
    <put name="title"		value="Apply for BT Super for Life" />
	<put name="body"   		value="/jsp/customer/viewBTPreApplValidationFail.jsp" />
<!--    <put name="menu"   		value="newaccounts.menu" />-->
    <put name="defaultForm" 	value="contactDetailsForm" />
      		<put name="helpMenu" value="NewAccounts" />
      <put name="helpFunction" value="BTFullFailure" />
      <put name="helpSteps" value="" />
      <put name="screenId" 	value="" />
      <put name="menuOption" 		value="3" />    	     	      
  </definition>
 <definition name="tools.landing.tile" extends="ibank.mainLayout">
	   <put name="title"  		value="Tools &amp; Calculators" />
	  <put name="body"   		value="/jsp/tools/toolsLanding.jsp" />
<!--	  <put name="menu"   		value="parent.menu" />-->
      <put name="defaultForm" 	value="baseForm" />
	  <put name="helpMenu" 		value="Tools" />
	  <put name="helpFunction" 	value="" />
	  <put name="helpSteps" 	value="" />
  	  <put name="screenId" 		value="" />
  </definition>
<!--  HLI Changes  : start -->   
 
   <definition name="ibank.hli.viewContactDetails" extends="ibank.mainLayout">
     <put name="title"		value="Apply for Home Loan Increase" />
	 <put name="body"   		value="/jsp/customer/viewHomeLoanIncreaseContactDetails.jsp" />
<!--     <put name="menu"   		value="account.menu" />-->
     <put name="defaultForm" 	value="contactDetailsForm" />
     <put name="helpMenu" 		value="AccountInformation" />
	 <put name="helpFunction" 	value="HLSI" />
	 <put name="helpSteps" 	value="Details" />
	 <put name="screenId" 	value="" />
      <put name="menuOption" 		value="2" />    	      
  </definition>
  
  <definition name="ibank.homeloan.externalLink" extends="ibank.externalLinkLayout">
	  <put name="title"  		value="Close Session" />
	  <put name="body"   		value="/jsp/customer/hlsiExternalLink.jsp" />
      <put name="defaultForm" 	value="externalLinkForm" />
	  <put name="helpMenu" 		value="" />
	  <put name="helpFunction" 	value="" />
	  <put name="helpSteps" 	value="" />
	  <put name="screenId" 		value="" />
  </definition>
  <definition name="ibank.homeloan.OAFLink" extends="ibank.mainLayout">
	  <put name="title"  		value="Apply for Home Loan Increase" />
	  <put name="body"   		value="/jsp/customer/homeLoanIncrease.jsp" />
<!--	  <put name="menu"   		value="account.menu" />-->
      <put name="defaultForm" 	value="accountDetailForm" />
	  <put name="helpMenu" 		value="AccountInformation" />
	  <put name="helpFunction" 	value="HLSI" />
	  <put name="helpSteps" 	value="Details" />
	  <put name="screenId" 		value="" />
      <put name="menuOption" 		value="2" />    	      
  </definition>
  <!-- HLI Changes  :end -->    
  
    
  
  
  <!--  Felix initial logon page --> 
   <!-- 
   <definition name="ibank.activateLogon"  extends="ibank.mainLayoutWide">
   <put name="title"  		value="Activate Internet Banking" />
	  <put name="body"   		value="/activateLogon.jsp" />
	  <put name="defaultForm" 	value="logonForm" />
	  <put name="helpMenu" 		value="" />
	  <put name="helpFunction" 	value="" />
	  <put name="helpSteps" 	value="" />
   </definition>
  -->
  
    <definition name="ibank.ev.externalLink" extends="ibank.externalLinkLayout">
	  <put name="title"  		value="Close Session" />
	  <put name="body"   		value="/jsp/customer/evExternalLink.jsp" />
      <put name="defaultForm" 	value="externalLinkForm" />
	  <put name="helpMenu" 		value="AccountInformation" />
	  <put name="helpFunction" 	value="" />
	  <put name="helpSteps" 	value="" />
	  <put name="screenId" 		value="" />
  </definition>
  
    <definition name="ibank.enterTaxFileNumber" extends="ibank.mainLayout">
	  <put name="title"  		value="My Information" />
	  <put name="body"   		value="/jsp/customer/taxFileNumber.jsp" />
<!--      <put name="menu"   		value="parent.menu" />-->
      <put name="defaultForm" 	value="taxFileNumberForm" />
	  <put name="helpMenu" 		value="MyInformation" />
	  <put name="helpFunction" 	value="taxFileNumber" />
	  <put name="helpSteps" 	value="" />
	  <put name="screenId" 		value="" />
	  <put name="menuOption" 		value="4" />    	      
    </definition>
    
    <definition name="ibank.confirmTaxFileNumber" extends="ibank.mainLayout">
	  <put name="title"  		value="My Information" />
	  <put name="body"   		value="/jsp/customer/confirmTaxFileNumber.jsp" />
<!--      <put name="menu"   		value="parent.menu" />-->
      <put name="defaultForm" 	value="taxFileNumberForm" />
	  <put name="helpMenu" 		value="MyInformation" />
	  <put name="helpFunction" 	value="taxFileNumber" />
	  <put name="helpSteps" 	value="" />
	  <put name="screenId" 		value="" />
	  <put name="menuOption" 		value="4" />    	      
    </definition>
    
<definition name="ibank.homeLoanErrorPage" path="/jsp/account/homeLoanError.jsp">
</definition>
    
</tiles-definitions>
