<!DOCTYPE tiles-definitions PUBLIC
       "-//Apache Software Foundation//DTD Tiles Configuration 1.3//EN"
       "http://struts.apache.org/dtds/tiles-config_1_3.dtd">

<!-- Definitions for IBank Payments access   -->

<tiles-definitions>
	<!-- Order account statement -->
	<definition name="myStmt.orderacctstatement.tile" extends="ibank.mainLayout">
		<put name="title" value="Order a Statement" />
		<put name="body" value="/jsp/tools/orderAccountStatement.jsp" />
<!--		<put name="menu" value="statements.menu" />-->
		<put name="defaultForm" value="orderAccountStatementForm" />
		<put name="helpMenu" value="MyStatements" />
		<put name="helpFunction" value="OrderStatement" />
		<put name="helpSteps" value="Details" />
		<put name="screenId" value="" />
		<put name="menuOption" 		value="2" />
	</definition>

	<definition name="myStmt.orderacctstatement.confirm.tile"
		extends="myStmt.orderacctstatement.tile">
		<put name="title" value="Order a Statement" />
		<put name="body" value="/jsp/tools/orderAccountStatementConfirm.jsp" />
<!--		<put name="menu" value="statements.menu" />-->
		<put name="defaultForm" value="orderAccountStatementForm" />
		<put name="helpMenu" value="MyStatements" />
		<put name="helpFunction" value="OrderStatement" />
		<put name="helpSteps" value="Confirm" />
		<put name="screenId" value="orderAcctSmtConfirm" />
	</definition>

	<definition name="myStmt.orderacctstatement.success.tile"
		extends="myStmt.orderacctstatement.tile">
		<put name="title" value="Order a Statement" />
		<put name="body" value="/jsp/tools/orderAccountStatementConfirm.jsp" />
		<put name="whatNext" value="/jsp/common/whatNext.jsp" />
<!--		<put name="menu" value="statements.menu" />-->
		<put name="defaultForm" value="orderAccountStatementForm" />
		<put name="helpMenu" value="MyStatements" />
		<put name="helpFunction" value="OrderStatement" />
		<put name="helpSteps" value="Confirm" />
		<put name="screenId" value="" />
	</definition>


	<definition name="account.stopMyStatement" extends="ibank.mainLayout">
		<put name="defaultForm" value="stopStatementForm" />
		<put name="title" value="Switch to eStatements" />
		<put name="body" value="/jsp/statements/stopMyStatement.jsp" />
<!--		<put name="menu" value="statements.menu" />-->

		<put name="helpMenu" value="MyStatements" />
		<put name="helpFunction" value="StopStatements" />
		<put name="helpSteps" value="Details" />
		<put name="screenId" value="" />
		<put name="menuOption" 		value="2" />
	</definition>


	<definition name="account.noSuppression" extends="ibank.mainLayout">
		<put name="defaultForm" value="stopStatementForm" />
		<put name="title" value="Switch to eStatements" />
		<put name="body" value="/jsp/statements/viewSuppressMessage.jsp" />
<!--		<put name="menu" value="statements.menu" />-->
	    <put name="whatNext" value="/jsp/common/whatNext.jsp" />
		<put name="helpMenu" value="MyStatements" />
		<put name="helpFunction" value="StopStatements" />
		<put name="helpSteps" value="NoSuppression" />
		<put name="screenId" value="" />
		<put name="menuOption" 		value="2" />
	</definition>

	<definition name="account.accountSuppression" extends="ibank.mainLayout">
		<put name="defaultForm" value="stopStatementForm" />
		<put name="title" value="Switch to eStatements" />
		<put name="body" value="/jsp/statements/stopMyStatementConfirm.jsp" />
<!--		<put name="menu" value="statements.menu" />-->

		<put name="helpMenu" value="MyStatements" />
		<put name="helpFunction" value="StopStatements" />
		<put name="helpSteps" value="Confirm" />
		<put name="screenId" value="stopStmtSuppression" />
		<put name="menuOption" 		value="2" />
	</definition>

	<definition name="account.confirmSuppression" extends="ibank.mainLayout">
		<put name="defaultForm" value="stopStatementForm" />
		<put name="title" value="Switch to eStatements" />
		<put name="body" value="/jsp/statements/ssTermsAndConditions.jsp" />
<!--		<put name="menu" value="statements.menu" />-->
		<put name="helpMenu" value="MyStatements" />
		<put name="helpFunction" value="StopStatements" />
		<put name="helpSteps" value="TermsAndConditions" />
		<put name="screenId" value="stopStmtSuppressionConfirm" />
		<put name="menuOption" 		value="2" />
	</definition>

	<definition name="account.accountReceipt" extends="ibank.mainLayout">
		<put name="defaultForm" value="stopStatementForm" />
		<put name="title" value="Switch to eStatements" />
		<put name="body" value="/jsp/statements/stopMyStatementReceipt.jsp" />
<!--		<put name="menu" value="statements.menu" />-->
		<put name="helpMenu" value="MyStatements" />
		<put name="helpFunction" value="StopStatements" />
		<put name="helpSteps" value="Receipt" />
		<put name="screenId" value="stopStmtSuppressionReceipt" />
		<put name="menuOption" 		value="2" />
	</definition>

	<definition name="account.viewMyStatement" extends="ibank.mainLayout">
		<put name="defaultForm" value="orderAccountStatementForm" />
		<put name="title" value="View eStatements" />
		<put name="body" value="/jsp/tools/viewMyStatement.jsp" />
<!--		<put name="menu" value="statements.menu" />-->
		<put name="whatNext" value="/jsp/common/whatNext.jsp" />
		<put name="helpMenu" value="MyStatements" />
		<put name="helpFunction" value="MyStatements" />
		<put name="helpSteps" value="Details" />
		<put name="screenId" value="" />
		<put name="menuOption" 		value="2" />
	</definition>

	<definition name="account.listMyStatement" extends="ibank.mainLayout">
		<put name="defaultForm" value="orderAccountStatementForm" />
		<put name="title" value="View eStatements" />
		<put name="body" value="/jsp/tools/listMyStatement.jsp" />
<!--		<put name="menu" value="statements.menu" />-->
		<put name="whatNext" value="/jsp/common/whatNext.jsp" />
		<put name="helpMenu" value="MyStatements" />
		<put name="helpFunction" value="MyStatements" />
		<put name="helpSteps" value="ListMyStatements" />
		<put name="screenId" value="" />
		<put name="menuOption" 		value="2" />
	</definition>



	<!-- Order account statement -->

</tiles-definitions>