<!DOCTYPE tiles-definitions PUBLIC
       "-//Apache Software Foundation//DTD Tiles Configuration 1.3//EN"
       "http://struts.apache.org/dtds/tiles-config_1_3.dtd">

<!-- Definitions for IBank Menus   -->

<tiles-definitions>

<!-- BASE MENU SECTION -->
	<!-- Base Menu -->
  <definition name="main.menu" path="/jsp/common/menu.jsp">
  	<putList name="menuBranches">
  		<item tooltip="" value="Account Information" link="viewAccountPortfolio.html" classtype="org.apache.struts.tiles.beans.SimpleMenuItem"/>
  		<item tooltip="TransfersAndPayments" value="Transfers &amp; Payments" link="landingPage.do?method=processLandingPage&amp;source=payments" classtype="org.apache.struts.tiles.beans.SimpleMenuItem"/>
		<item tooltip="Bpay" value="BPAY" link="bpayBiller.do?method=performGetBpayBillerList" classtype="org.apache.struts.tiles.beans.SimpleMenuItem"/>
		<item tooltip="MyStatement" value="eStatements" link="viewMyStatement.do?method=processDefault" classtype="org.apache.struts.tiles.beans.SimpleMenuItem"/>  		
  		<item tooltip="ApplySMSAlerts" value="SMS &amp; Email Alerts" link="applySMSAlert.do?actionType=Apply" classtype="org.apache.struts.tiles.beans.SimpleMenuItem"/>
  		<item tooltip="chqServices" value="Cheque Services" link="landingPage.do?method=processLandingPage&amp;source=chqServices" classtype="org.apache.struts.tiles.beans.SimpleMenuItem"/>
  		<item tooltip="" value="My details &amp; settings" link="landingPage.do?method=processLandingPage&amp;source=myInformation" classtype="org.apache.struts.tiles.beans.SimpleMenuItem"/>
  		<item tooltip="AccountMaintenance" value="Account Servicing" link="landingPage.do?method=processLandingPage&amp;source=maintenance" classtype="org.apache.struts.tiles.beans.SimpleMenuItem"/>
  		<item tooltip="NewAccounts" value="Open New Accounts" link="landingPage.do?method=processLandingPage&amp;source=newAccounts" classtype="org.apache.struts.tiles.beans.SimpleMenuItem"/>
		<item tooltip="MsgCtr" value="Message Centre" link="messageAction_list.action" classtype="org.apache.struts.tiles.beans.SimpleMenuItem"/>  		
		<item tooltip="MsgCtrNewsOnly" value="Message Centre" link="informationNews.do?dispatchCommand=showNewsOnly" classtype="org.apache.struts.tiles.beans.SimpleMenuItem"/>  				
		<item tooltip="ToolsCalc" value="Tools &amp; Calculators" link="landingPage.do?method=processLandingPage&amp;source=tools" classtype="org.apache.struts.tiles.beans.SimpleMenuItem"/>  				
  	</putList>
  </definition>
	<!-- End Base Menu --> 
<!-- END BASE MENU SECTION -->

<!-- ACCOUNT MENU SECTION -->

  <!-- Account Menu -->
  <definition name="account.menu" extends="main.menu">
  	<put name="parentBranch" value="Account Information" />
  	<putList name="childItems">
  	    <item tooltip="BrowseDetailIBank" value="My Transaction History" link="viewTransactionHistoryOptions.do" classtype="org.apache.struts.tiles.beans.SimpleMenuItem"/>
		<item tooltip="OrderStatement" value="Order a Statement" link="orderAccountStatement.do" classtype="org.apache.struts.tiles.beans.SimpleMenuItem"/>
		<!--item tooltip="MyStatement" value="View My eStatement" link="viewMyStatement.do?method=processDefault" classtype="org.apache.struts.tiles.beans.SimpleMenuItem"/-->
		<item tooltip="" value="Financial Year&apos;s Interest" link="financialYearInterest.do?method=processDefault" classtype="org.apache.struts.tiles.beans.SimpleMenuItem"/>
		<item tooltip="AccountNameUpdate" value="Rename &amp; Sort My Accounts" link="getAccountAlias.do" classtype="org.apache.struts.tiles.beans.SimpleMenuItem"/>
		<item tooltip="ChangeAccountIcon" value="Change My Account Icons" link="accountIcon.do" classtype="org.apache.struts.tiles.beans.SimpleMenuItem"/>
		<item tooltip="PkgInfo" value="My Package Information" link="getPackageList.do?method=performGetPackageList" classtype="org.apache.struts.tiles.beans.SimpleMenuItem"/>
		<item tooltip="BTAccountDetails" value="BT Super For Life Details" link="viewAccountPortfolio.do?method=processBTDetails" classtype="org.apache.struts.tiles.beans.SimpleMenuItem"/>		
	</putList>
  </definition>
  <!-- End Account Menu -->
  
   <!-- One level Menu -->
  <definition name="parent.menu" extends="main.menu">
  	<put name="parentBranch" value="parent" />
  	<!--<putList name="childItems">
  		 no children
  	</putList> -->
  </definition>
  <!-- One level Menu -->
  
   <!-- Payments Menu -->
  <definition name="payments.menu" extends="main.menu">
  	<put name="parentBranch" value="Transfers &amp; Payments" />
  	<putList name="childItems">
   	    <item tooltip="PaymentInquiry" value="Internet Payment Receipts" link="paymentHistory.html" classtype="org.apache.struts.tiles.beans.SimpleMenuItem"/>
  		<item tooltip="SchPayments" value="Scheduled Payments" link="scheduledPaymentsView.do?method=listDefaultSchedulePayments" classtype="org.apache.struts.tiles.beans.SimpleMenuItem"/>  		
  		<item tooltip="BPAYBillers"  value="BPay Billers" link="bpayBiller.do?method=performGetBpayBillerList" classtype="org.apache.struts.tiles.beans.SimpleMenuItem"></item>
  		<item tooltip="PayeeAccts" value="Payee Accounts" link="getThirdPartyList.do?method=getThirdPartiesList" classtype="org.apache.struts.tiles.beans.SimpleMenuItem"/>
  		<item tooltip="TTBenfList" value="Overseas Beneficiaries" link="beneficiaryList.do?method=getBeneficiaryList" classtype="org.apache.struts.tiles.beans.SimpleMenuItem"/>
  		<item tooltip="SessionReceiptsReport" value="Session Receipts" link="viewSessionReceipts.do" classtype="org.apache.struts.tiles.beans.SimpleMenuItem"/>
  		<item tooltip="GroupEdit" value="Group Payments" link="landingPage.do?method=processLandingPage&amp;source=groupPayemnts" classtype="org.apache.struts.tiles.beans.SimpleMenuItem"/>
  	</putList>
  </definition>
  <!-- End Payments Menu -->
  
  <!-- BPay Menu -->
  <definition name="bpay.menu" extends="main.menu">
  	<put name="parentBranch" value="BPAY" />
  	<putList name="childItems">
		<item tooltip="BPAYBillers"  value="BPay Billers" link="bpayBiller.do?method=performGetBpayBillerList" classtype="org.apache.struts.tiles.beans.SimpleMenuItem"></item>
		<item tooltip="ViewBills" value="BPAY View" link="landingPage.do?method=processLandingPage&amp;source=bpayview" classtype="org.apache.struts.tiles.beans.SimpleMenuItem"/>  		
    </putList>
  </definition>
  <!--  End BPay Menu -->
  
  <!-- Statements Menu -->
   <definition name="statements.menu" extends="main.menu">
  	<put name="parentBranch" value="eStatements" />
  	<putList name="childItems">
		<item tooltip="ViewMyStatement" value="View eStatements" link="viewMyStatement.do?method=processDefault" classtype="org.apache.struts.tiles.beans.SimpleMenuItem"/>
		<item tooltip="StopPaperStatements" value="Switch to eStatements" link="optStatements_showStopPaperStmt.action" classtype="org.apache.struts.tiles.beans.SimpleMenuItem"/>  		
		<item tooltip="OrderStatement" value="Order a Statement" link="orderAccountStatement.do?screenId=myStmt" classtype="org.apache.struts.tiles.beans.SimpleMenuItem"/>  		
   	</putList>
  </definition>
  
  <!-- End Statements Menu -->
  
  <!-- SMS Alert Menu -->
  <definition name="smsalerts.menu" extends="main.menu">
  	<put name="parentBranch" value="SMS &amp; Email Alerts" />
  	<putList name="childItems">
  		<item tooltip="CreateAlerts" value="Create an Alert" link="landingPage.do?method=processLandingPage&amp;source=createAlerts" classtype="org.apache.struts.tiles.beans.SimpleMenuItem"/>
		<item tooltip="UpdateSMSApplicationDetails" value="My Registration Details" link="applySMSAlert.do?actionType=Maintain" classtype="org.apache.struts.tiles.beans.SimpleMenuItem"/>
  		<item tooltip="ViewAlertsHistory" value="My Alerts History" link="smsAlertsHistory.do" classtype="org.apache.struts.tiles.beans.SimpleMenuItem"/>
  		<item tooltip="ViewAlertBillingDetails" value="My Billing Details" link="smsAlertBillingInfo.do" classtype="org.apache.struts.tiles.beans.SimpleMenuItem"/>
  		<item tooltip="DeactivateSMSAlerts" value="Deactivate My Alerts Access" link="applySMSAlert.do?actionType=Deactivate" classtype="org.apache.struts.tiles.beans.SimpleMenuItem"/>
  		<item tooltip="TermsAndConditions" value="Terms and Conditions" link="javascript:UserWindow('applySMSAlert.do?actionType=TnC&amp;newPage=1', 'tncWindow');" classtype="org.apache.struts.tiles.beans.SimpleMenuItem"/>
  	
  	</putList>
  </definition>
  <!-- End SMS Alert Menu -->

 <definition name="newaccounts.menu" extends="main.menu">
  	<put name="parentBranch" value="Open New Accounts" />
  	<putList name="childItems">
  	    <item tooltip="ViewApplicationStatus" value="View Application Status" link="viewApplicationStatus.do?method=performGetApplicationStatus" classtype="org.apache.struts.tiles.beans.SimpleMenuItem"/>
   	    <item tooltip="BtNewAccountOpening" value="Apply for BT Super for Life" link="btProcessNewApplication.do?method=processDefault" classtype="org.apache.struts.tiles.beans.SimpleMenuItem"/>  	    
	</putList>
  </definition>
  
 <definition name="messagecentre.menu" extends="main.menu">
  	<put name="parentBranch" value="Message Centre" />
  	<putList name="childItems">
  	    <item tooltip="Mailbox" value="My Mailbox" link="messageAction_list.action" classtype="org.apache.struts.tiles.beans.SimpleMenuItem"/>
		<item tooltip="News" value="News" link="informationNews.do?dispatchCommand=showNewsOnly" classtype="org.apache.struts.tiles.beans.SimpleMenuItem"/> 
		<item tooltip="SpOffers" value="View My Special Offers" link="eLeads.do?method=performDisplayLeads" classtype="org.apache.struts.tiles.beans.SimpleMenuItem"/>  	     	    
	</putList>
  </definition>  
  
 <definition name="messagecentrenewsonly.menu" extends="main.menu">
  	<put name="parentBranch" value="Message Centre" />
  	<putList name="childItems">
		<item tooltip="News" value="News" link="informationNews.do?dispatchCommand=showNewsOnly" classtype="org.apache.struts.tiles.beans.SimpleMenuItem"/>  	    
	</putList>
  </definition>    
  
  
  <!-- Loans News Page -->
  <definition name="loans.news" extends="ibank.mainLayout">
	  <put name="title"  		value="News" />
	  <put name="body"   		value="/jsp/customer/news.jsp" />
    <put name="menu"   		value="account.loans.menu" />
    <put name="defaultForm" 	value="newsMessagesForm" />
  </definition>
  <!-- End Loans sub menu -->

   <definition name="account.increaseMyCRLimit" extends="ibank.mainLayout">
	<put name="title"  		 value="Account Servicing" />
	<put name="body"   		 value="/jsp/account/viewAccountPortfolio.jsp" />
    <put name="menu"   		 value="account.increaseMyCRLimit.menu" />
    <put name="defaultForm"  value="accountDetailForm" />
  </definition> 

  <!-- Information News Page -->
  <definition name="information.news" extends="ibank.mainLayout">
	<put name="title"  		value="News" />
	<put name="body"   		value="/jsp/customer/news.jsp" />
    <put name="menu"   		value="messagecentre.menu" />
    <put name="defaultForm" 	value="newsMessagesForm" />
    <put name="helpMenu" 		value="" />
  	<put name="helpFunction" 	value="" />
	<put name="helpSteps" 	value="" /> 
	<put name="screenId" 	value="" />   
  </definition>
  
  <definition name="information.news2" extends="ibank.mainLayout">
	<put name="title"  		value="News" />
	<put name="body"   		value="/jsp/customer/news.jsp" />
    <put name="menu"   		value="messagecentrenewsonly.menu" />
    <put name="defaultForm" 	value="newsMessagesForm" />
    <put name="helpMenu" 		value="" />
  	<put name="helpFunction" 	value="" />
	<put name="helpSteps" 	value="" /> 
	<put name="screenId" 	value="" />   
  </definition>  

  <!-- End Information Menu -->

<!-- END INFORMATION MENU SECTION -->


<!-- NEWS MENU SECTION -->

  <!-- Information Menu -->
  <definition name="news.menu" extends="main.menu">
  	<put name="parentBranch" value="News" />
  	<!--<putList name="childItems">
  		 no children
  	</putList> -->
  </definition>
  <!-- End Information Menu -->

<!-- END NEWS MENU SECTION -->

<!-- LOGOFF MENU SECTION -->

  <!-- Logoff Menu -->
  <definition name="logoff.menu" extends="main.menu">
  	<put name="parentBranch" value="Logoff" />
  	<!--<putList name="childItems">
  		no children
  	</putList> -->
  </definition>
  <!-- End Logoff Menu -->

<!-- END LOGOFF MENU SECTION -->

</tiles-definitions>




