<!DOCTYPE tiles-definitions PUBLIC
       "-//Apache Software Foundation//DTD Tiles Configuration 1.3//EN"
       "http://struts.apache.org/dtds/tiles-config_1_3.dtd">

<!-- Definitions for IBank Tools access   -->

<tiles-definitions>

  <!-- Tools tile layout -->
  <definition name="tools.tile" extends="ibank.mainLayout">
<!--	  <put name="menu"   		value="parent.menu" />-->
      <put name="helpMenu" 		value="" />
      <put name="helpFunction" 	value="" />
      <put name="helpSteps" 	value="" />
      <put name="screenId" 		value="" />     	  
      <put name="menuOption" 		value="2" />  
  </definition>

  <!-- Order, search, stop and view cheques -->
  <definition name="tools.cheque.tile" extends="tools.tile">
	  <put name="title"  		value="Cheque Services" />
	  <put name="body"   		value="/jsp/tools/orderChequeCopy.jsp" />
  	<put name="defaultForm" 	value="orderChequeCopyForm" />
      <put name="helpMenu" 		value="Cheque" />
      <put name="helpFunction" 	value="" />
      <put name="helpSteps" 	value="" />  
      <put name="screenId" 		value="" />     	
  </definition>

  <!-- Order Cheque Copy Page: II071 Order a Cheque Copy -->
  <definition name="tools.cheque.order.tile" extends="tools.cheque.tile">
	  <put name="title"  		value="Cheque Services" />
	  <put name="body"   		value="/jsp/tools/orderChequeCopy.jsp" />
      <put name="helpMenu" 		value="Cheque" />
      <put name="helpFunction" 	value="OrderChqCopy" />
      <put name="helpSteps" 	value="" />    
      <put name="screenId" 		value="" /> 	  
  </definition>

  <!-- Order Cheque Copy Confirm Page: II070 Order a Cheque Copy Confirmation -->
  <!-- This jsp should have what do you want to do links -->
  <definition name="tools.cheque.orderConfirm.tile" extends="tools.cheque.tile">
	  <put name="title"  		value="Cheque Services" />
	  <put name="body"   		value="/jsp/tools/orderChequeCopyConfirm.jsp" />
	  <put name="whatNext" 		value="/jsp/common/whatNext.jsp" />
      <put name="helpMenu" 		value="Cheque" />
      <put name="helpFunction" 	value="OrderChqCopy" />
      <put name="helpSteps" 	value="Confirm" />    
      <put name="screenId" 		value="orderChequeCopyConfirm" /> 	  
  </definition>

  <definition name="tools.cheque.orderReceipt.tile" extends="tools.cheque.tile">
	  <put name="title"  		value="Cheque Services" />
	  <put name="body"   		value="/jsp/tools/orderChequeCopyConfirm.jsp" />
	  <put name="whatNext" 		value="/jsp/common/whatNext.jsp" />
      <put name="helpMenu" 		value="Cheque" />
      <put name="helpFunction" 	value="OrderChqCopy" />
      <put name="helpSteps" 	value="Receipt" /> 
      <put name="screenId" 		value="orderChequeCopyReceipt" />    	  
  </definition>

  <!-- Cheque Account Transaction Search: II027 Cheque Account Transaction Search -->
  <definition name="tools.cheque.search.tile" extends="tools.cheque.tile">
  	<put name="defaultForm" 	value="searchChequeForm" />
	  <put name="title"  		value="Cheque Services" />
	  <put name="body"   		value="/jsp/tools/chequeAccountTransactionSearch.jsp" />
      <put name="helpMenu" 		value="Cheque" />
      <put name="helpFunction" 	value="ChqSearch" />
      <put name="helpSteps" 	value="" />    	 
      <put name="screenId" 		value="" />  
  </definition>

  <!-- Stop Cheque Payment: II094 Stop Cheque Payment -->
  <!-- This jsp should have what do you want to do links -->
  <definition name="tools.cheque.stopPayment.tile" extends="tools.cheque.tile">
  	<put name="defaultForm" 	value="stopChequePaymentForm" />
	  <put name="title"  		value="Cheque Services" />
	  <put name="body"   		value="/jsp/tools/stopChequePayment.jsp" />
	  <put name="whatNext" value="/jsp/common/whatNext.jsp" />
      <put name="helpMenu" 		value="Cheque" />
      <put name="helpFunction" 	value="ChqStop" />
      <put name="helpSteps" 	value="" />  
      <put name="screenId" 		value="" />   	  
  </definition>

  <!-- Stop Cheque Payment Confirmation: II096 Stop Cheque Payment Confirmation -->
  <definition name="tools.cheque.stopPaymentConfirm.tile" extends="tools.cheque.tile">
  	<put name="defaultForm" 	value="stopChequePaymentForm" />
	  <put name="title"  		value="Cheque Services" />
	  <put name="body"   		value="/jsp/tools/stopChequePaymentConfirm.jsp" />
      <put name="helpMenu" 		value="Cheque" />
      <put name="helpFunction" 	value="ChqStop" />
      <put name="helpSteps" 	value="Confirm" />  
      <put name="screenId" 		value="stopChequePaymentConfirm" />   	  
  </definition>
  
  <!-- This jsp should have what do you want to do links only when it is a receipt. That is why different tile definations for the same jsp -->
   <definition name="tools.cheque.stopPaymentSuccess.tile" extends="tools.cheque.tile">
  	<put name="defaultForm" 	value="stopChequePaymentForm" />
	  <put name="title"  		value="Cheque Services" />
	  <put name="body"   		value="/jsp/tools/stopChequePaymentConfirm.jsp" />
	  <put name="whatNext" 		value="/jsp/common/whatNext.jsp" />
      <put name="helpMenu" 		value="Cheque" />
      <put name="helpFunction" 	value="ChqStop" />
      <put name="helpSteps" 	value="Success" />    	 
      <put name="screenId" 		value="" />       
  </definition>
	
	<!-- View Stopped Cheques: II-098 View Stopped Cheques -->
  <definition name="tools.cheque.stopped.tile" extends="tools.cheque.tile">
  	<put name="defaultForm" 	value="stopChequePaymentForm" />
	  <put name="title"  		value="Cheque Services" />
	  <put name="body"   		value="/jsp/tools/viewStoppedCheques.jsp" />
      <put name="helpMenu" 		value="Cheque" />
      <put name="helpFunction" 	value="ChqStop" />
      <put name="helpSteps" 	value="View" />   
      <put name="screenId" 		value="viewStoppedCheques" />        	  
  </definition>
   
   <definition name="tools.calculators" extends="ibank.mainLayout">
	   <put name="title"  		value="Tools &amp; Calculators" />
	  <put name="body"   		value="/jsp/tools/calculators.jsp" />
<!--	  <put name="menu"   		value="parent.menu" />-->
      <put name="defaultForm" 	value="baseForm" />
	  <put name="helpMenu" 		value="Tools" />
	  <put name="helpFunction" 	value="Calculators" />
	  <put name="helpSteps" 	value="" />
  	  <put name="screenId" 		value="" />
  	  <put name="menuOption" 		value="2" />  
  </definition>
  
</tiles-definitions>
