<!DOCTYPE tiles-definitions PUBLIC
       "-//Apache Software Foundation//DTD Tiles Configuration 1.3//EN"
       "http://struts.apache.org/dtds/tiles-config_1_3.dtd">

<!-- Definitions for IBank Accounts access   -->

<tiles-definitions>

<!-- MAINTAIN SENSE SAVINGS TARGET (10R1) -->
  <!-- maintain sense savings target -->
  <definition name="account.maintainSavTarget.tile" extends="ibank.mainLayout">
       <put name="title" value="Account Servicing" />
       <put name="body" value="/jsp/account/maintainSavingsTarget.jsp" />
       <put name="whatNext" value="/jsp/common/whatNext.jsp" />
<!--	   <put name="menu" value="parent.menu" />-->
	   <put name="defaultForm" value="accountDetailForm" />
	   <put name="helpMenu" value="Maintenance" />
	   <put name="helpFunction" value="MaintainSavingsTarget" />
	   <put name="helpSteps" value="" />
	   <put name="screenId" value="" />
	   <put name="menuOption" 		value="2" />	    
  </definition>

  <definition name="account.maintainSavTarget.multi.tile" extends="ibank.mainLayout">
       <put name="title" value="Account Servicing" />
       <put name="body" value="/jsp/account/maintainMultipleSavingsTarget.jsp" />
       <put name="whatNext" value="/jsp/common/whatNext.jsp" />
<!--	   <put name="menu" value="parent.menu" />-->
	   <put name="defaultForm" value="accountDetailForm" />
	   <put name="helpMenu" value="Maintenance" />
	   <put name="helpFunction" value="MaintainSavingsTarget" />
	   <put name="helpSteps" value="" />
	   <put name="screenId" value="" />
	   <put name="menuOption" 		value="2" />	    
  </definition>
     
<!-- END MAINTAIN SENSE SAVINGS TARGET -->
 
<!-- VIEW ACCOUNT DETAILS (UCA-001) -->

  <!-- Account Details Page  -->
  <!-- This jsp should have what do you want to do links -->
  <definition name="account.details.tile" extends="ibank.mainLayout">
	  <put name="title"  		value="My Account Details" />
	  <put name="body"   		value="/jsp/account/viewAccountDetails.jsp" />
	  <put name="whatNext" 		value="/jsp/common/whatNext.jsp" />
<!--	  <put name="menu"   		value="account.menu" />-->
      <put name="defaultForm" 	value="accountDetailForm" />
	  <put name="helpMenu" 		value="AccountInformation" />
	  <put name="helpFunction" 	value="MyAccount" />
	  <put name="helpSteps" 	value="" />
	  <put name="screenId" 		value="accountDetails" />
	   <put name="menuOption" 		value="0" />	    
  </definition>

  <!-- Not used: since 10/08/2005 Account Details Page II  -->
  <!-- This jsp should have what do you want to do links -->
  <!-- definition name="account.details.tileII" extends="ibank.mainLayout">
	  <put name="title"  		value="My Account Details" />
	  <put name="body"   		value="/jsp/account/viewAccountDetailsII.jsp" />
	  <put name="whatNext" value="/jsp/common/whatNext.jsp" />
	  <put name="menu"   		value="account.menu" />
      <put name="defaultForm" 	value="accountDetailForm" />
	  <put name="helpMenu" 		value="" />
	  <put name="helpFunction" 	value="" />
	  <put name="helpSteps" 	value="" />
	  <put name="screenId" 		value="accountDetailsII" />
  </definition-->

<!-- END VIEW ACCOUNT DETAILS (UCA-001) -->

<!-- OPEN NEW ACCOUNT (UCA-002) -->
<!-- DDA News Page  -->
  <definition name="open.new.account.select" extends="ibank.mainLayout">
	  <put name="title"  		value="Open New Accounts" />
	  <put name="body"   		value="/jsp/account/openNewAccountSelect.jsp" />
<!--	  <put name="menu"   		value="newaccounts.menu" />-->
      <put name="defaultForm" 	value="newDDAForm" />
	  <put name="helpMenu" 		value="NewAccounts" />
	  <put name="helpFunction" 	value="OpenNewAccount" />
	  <put name="helpSteps" 	value="Select" />
	  <put name="screenId" 		value="openAccount" />
	  <put name="menuOption" 		value="3" />	    
  </definition>
  
  <definition name="open.new.account.everyday" extends="ibank.mainLayout">
	  <put name="title"  		value="Open New Accounts" />
	  <put name="body"   		value="/jsp/ibank2/tools/newaccount/everydayAccounts2.jsp" />
	  <put name="whatNext" 		value="/jsp/common/whatNext.jsp" />
<!--	  <put name="menu"   		value="newaccounts.menu" />-->
      <put name="defaultForm" 	value="newDDAForm" />
	  <put name="helpMenu" 		value="NewAccounts" />
	  <put name="helpFunction" 	value="OpenNewAccount" />
	  <put name="helpSteps" 	value="Select" />
	  <put name="screenId" 		value="openAccount" />
	  <put name="menuOption" 		value="3" />	    
  </definition>
  <definition name="open.new.account.everyday.repositioning" extends="ibank.mainLayout">
	  <put name="title"  		value="Open New Accounts" />
	  <put name="body"   		value="/jsp/account/everydayAccountsNew.jsp" />
	  <put name="whatNext" 		value="/jsp/common/whatNext.jsp" />
<!--	  <put name="menu"   		value="newaccounts.menu" />-->
      <put name="defaultForm" 	value="newDDAForm" />
	  <put name="helpMenu" 		value="NewAccounts" />
	  <put name="helpFunction" 	value="OpenNewAccount" />
	  <put name="helpSteps" 	value="Select" />
	  <put name="screenId" 		value="openAccount" />
	  <put name="menuOption" 		value="3" />	    
  </definition>

<definition name="open.new.account.saving" extends="ibank.mainLayout">
	  <put name="title"  		value="Open New Accounts" />
	  <put name="body"   		value="/jsp/ibank2/tools/newaccount/savingsAccounts2.jsp" />
	  <put name="whatNext" 		value="/jsp/common/whatNext.jsp" />
<!--	  <put name="menu"   		value="newaccounts.menu" />-->
      <put name="defaultForm" 	value="newDDAForm" />
	  <put name="helpMenu" 		value="NewAccounts" />
	  <put name="helpFunction" 	value="OpenNewAccount" />
	  <put name="helpSteps" 	value="SelectSav" />
	  <put name="screenId" 		value="openAccount" />
	  <put name="menuOption" 		value="3" />	    
  </definition>

 <definition name="open.new.account.saving.repositioning" extends="ibank.mainLayout">
	  <put name="title"  		value="Open New Accounts" />
	  <put name="body"   		value="/jsp/account/savingsAccountsNew.jsp" />
	  <put name="whatNext" 		value="/jsp/common/whatNext.jsp" />
<!--	  <put name="menu"   		value="newaccounts.menu" />-->
      <put name="defaultForm" 	value="newDDAForm" />
	  <put name="helpMenu" 		value="NewAccounts" />
	  <put name="helpFunction" 	value="OpenNewAccount" />
	  <put name="helpSteps" 	value="SelectSav" />
	  <put name="screenId" 		value="openAccount" />
	  <put name="menuOption" 		value="3" />	    
  </definition> 
  <definition name="open.new.account.investment" extends="ibank.mainLayout">
	  <put name="title"  		value="Open New Accounts" />
	  <put name="body"   		value="/jsp/account/investmentAccounts.jsp" />
	  <put name="whatNext" 		value="/jsp/common/whatNext.jsp" />
<!--	  <put name="menu"   		value="newaccounts.menu" />-->
      <put name="defaultForm" 	value="newDDAForm" />
	  <put name="helpMenu" 		value="NewAccounts" />
	  <put name="helpFunction" 	value="OpenNewAccount" />
	  <put name="helpSteps" 	value="SelectInv" />
	  <put name="screenId" 		value="openAccount" />
	  <put name="menuOption" 		value="3" />	    
  </definition>
    <definition name="open.new.account.investment.repositioning" extends="ibank.mainLayout">
	  <put name="title"  		value="Open New Accounts" />
	  <put name="body"   		value="/jsp/account/investmentAccountsNew.jsp" />
	  <put name="whatNext" 		value="/jsp/common/whatNext.jsp" />
<!--	  <put name="menu"   		value="newaccounts.menu" />-->
      <put name="defaultForm" 	value="newDDAForm" />
	  <put name="helpMenu" 		value="NewAccounts" />
	  <put name="helpFunction" 	value="OpenNewAccount" />
	  <put name="helpSteps" 	value="SelectInv" />
	  <put name="screenId" 		value="openAccount" />
	  <put name="menuOption" 		value="3" />	    
  </definition>
  <definition name="open.new.account.homeloan" extends="ibank.mainLayout">
	  <put name="title"  		value="Open New Accounts" />
	  <put name="body"   		value="/jsp/ibank2/tools/newaccount/homeLoan2.jsp" />
	  <put name="whatNext" 		value="/jsp/common/whatNext.jsp" />
<!--	  <put name="menu"   		value="newaccounts.menu" />-->
      <put name="defaultForm" 	value="newDDAForm" />
	  <put name="helpMenu" 		value="NewAccounts" />
	  <put name="helpFunction" 	value="OpenNewAccount" />
	  <put name="helpSteps" 	value="SelectHL" />
	  <put name="screenId" 		value="openAccount" />
	  <put name="menuOption" 		value="3" />	    
  </definition> 
<definition name="open.new.account.creditcard" extends="ibank.mainLayout">
	  <put name="title"  		value="Open New Accounts" />
	  <put name="body"   		value="/jsp/ibank2/tools/newaccount/creditCards2.jsp" />
	  <put name="whatNext" 		value="/jsp/common/whatNext.jsp" />
<!--	  <put name="menu"   		value="newaccounts.menu" />-->
      <put name="defaultForm" 	value="newDDAForm" />
	  <put name="helpMenu" 		value="NewAccounts" />
	  <put name="helpFunction" 	value="OpenNewAccount" />
	  <put name="helpSteps" 	value="SelectCC" />
	  <put name="screenId" 		value="openAccount" />
	  <put name="menuOption" 		value="3" />	    
  </definition>
<definition name="open.new.account.personalloan" extends="ibank.mainLayout">
	  <put name="title"  		value="Open New Accounts" />
	  <put name="body"   		value="/jsp/ibank2/tools/newaccount/personalLoans2.jsp" />
	  <put name="whatNext" 		value="/jsp/common/whatNext.jsp" />
<!--	  <put name="menu"   		value="newaccounts.menu" />-->
      <put name="defaultForm" 	value="newDDAForm" />
	  <put name="helpMenu" 		value="NewAccounts" />
	  <put name="helpFunction" 	value="OpenNewAccount" />
	  <put name="helpSteps" 	value="SelectPL" />
	  <put name="screenId" 		value="openAccount" />
	  <put name="menuOption" 		value="3" />	    
  </definition>
<definition name="open.new.account.marginlending" extends="ibank.mainLayout">
	  <put name="title"  		value="Open New Accounts" />
	  <put name="body"   		value="/jsp/account/marginLoan.jsp" />
	  <put name="whatNext" 		value="/jsp/common/whatNext.jsp" />
<!--	  <put name="menu"   		value="newaccounts.menu" />-->
      <put name="defaultForm" 	value="newDDAForm" />
	  <put name="helpMenu" 		value="NewAccounts" />
	  <put name="helpFunction" 	value="OpenNewAccount" />
	  <put name="helpSteps" 	value="SelectML" />
	  <put name="screenId" 		value="openAccount" />
	  <put name="menuOption" 		value="3" />	    
  </definition>
  <definition name="open.new.account.directshares" extends="ibank.mainLayout">
	  <put name="title"  		value="Open New Accounts" />
	  <put name="body"   		value="/jsp/account/directshares.jsp" />
	  <put name="whatNext" 		value="/jsp/common/whatNext.jsp" />
<!--	  <put name="menu"   		value="newaccounts.menu" />-->
      <put name="defaultForm" 	value="newDDAForm" />
	  <put name="helpMenu" 		value="NewAccounts" />
	  <put name="helpFunction" 	value="OpenNewAccount" />
	  <put name="helpSteps" 	value="SelectShare" />
	  <put name="screenId" 		value="openAccount" />
	  <put name="menuOption" 		value="3" />	    
  </definition>
  <definition name="open.new.account.directsaver" extends="ibank.mainLayout">
	  <put name="title"  		value="Open New Accounts" />
	  <put name="body"   		value="/jsp/account/directSaver.jsp" />
<!--	  <put name="menu"   		value="newaccounts.menu" />-->
      <put name="defaultForm" 	value="newDDAForm" />
	  <put name="helpMenu" 		value="NewAccounts" />
	  <put name="helpFunction" 	value="OpenNewAccount" />
	  <put name="helpSteps" 	value="Details" />
	  <put name="screenId" 		value="ddaAccount" />
	  <put name="menuOption" 		value="3" />	    
  </definition>
  
  <!-- DDA News Page  -->
  <definition name="dda.FSRA.news" extends="ibank.mainLayout">
	  <put name="title"  		value="Open New Accounts" />
	  <put name="body"   		value="/jsp/account/openAccountNews.jsp" />
<!--	  <put name="menu"   		value="newaccounts.menu" />-->
      <put name="defaultForm" 	value="newDDAForm" />
	  <put name="helpMenu" 		value="NewAccounts" />
	  <put name="helpFunction" 	value="OpenNewAccount" />
	  <put name="helpSteps" 	value="TandC" />
	  <put name="screenId" 		value="fsra" />
	  <put name="menuOption" 		value="3" />
  </definition>
  
  <definition name="hisa.select.workingacct" extends="ibank.mainLayout">
	  <put name="title"  		value="Open New Accounts" />
	  <put name="body"   		value="/jsp/account/selectWorkingAcct.jsp" />
<!--	  <put name="menu"   		value="newaccounts.menu" />-->
	  <put name="whatNext" 		value="/jsp/common/whatNext.jsp" />
      <put name="defaultForm" 	value="newDDAForm" />
	  <put name="helpMenu" 		value="NewAccounts" />
	  <put name="helpFunction" 	value="OpenNewAccount" />
	  <put name="helpSteps" 	value="WorkingAcct" />
	  <put name="screenId" 		value="WorkingAcct" />
	  <put name="menuOption" 		value="3" />	    
  </definition>

  <!-- DDA Detail Options Page  -->
  <definition name="dda.details.options" extends="ibank.mainLayout">
	 <put name="title"  		value="Open New Accounts" />
	  <put name="body"   		value="/jsp/account/newDDADetails.jsp" />
<!--	  <put name="menu"   		value="newaccounts.menu" />-->
      <put name="defaultForm" 	value="newDDAForm" />
	  <put name="helpMenu" 		value="NewAccounts" />
	  <put name="helpFunction" 	value="OpenNewAccount" />
	  <put name="helpSteps" 	value="Details" />
	  <put name="screenId" 		value="ddaAccount" />
	  <put name="menuOption" 		value="3" />	    
  </definition>
  
  <definition name="dda.workingacct.details" extends="ibank.mainLayout">
	 <put name="title"  		value="Open New Accounts" />
	  <put name="body"   		value="/jsp/account/workingAcctSetup.jsp" />
<!--	  <put name="menu"   		value="newaccounts.menu" />-->
      <put name="defaultForm" 	value="newDDAForm" />
	  <put name="helpMenu" 		value="NewAccounts" />
	  <put name="helpFunction" 	value="OpenNewAccount" />
	  <put name="helpSteps" 	value="Details" />
	  <put name="screenId" 		value="ddaAccount" />
	  <put name="menuOption" 		value="3" />	    
  </definition>
  
    <definition name="new.account.defaultregion" extends="ibank.mainLayout">
      <put name="title"  		value="Open New Accounts" />
	  <put name="body"   		value="/jsp/account/selectRegionBranch.jsp" />
<!--	  <put name="menu"   		value="newaccounts.menu" />-->
      <put name="defaultForm" 	value="newDDAForm" />
	  <put name="helpMenu" 		value="NewAccounts" />
	  <put name="helpFunction" 	value="OpenNewAccount" />
	  <put name="helpSteps" 	value="Details" />
	  <put name="screenId" 		value="regionbranch" />
	  <put name="menuOption" 		value="3" />	    
  </definition>

  <!-- DDA Confirmation Page  -->
  <definition name="dda.new.confirm" extends="ibank.mainLayout">
	  <put name="title"  		value="Open New Accounts" />
	  <put name="body"   		value="/jsp/account/newDDAConfirm.jsp" />
<!--	  <put name="menu"   		value="newaccounts.menu" />-->
      <put name="defaultForm" 	value="newDDAForm" />
	  <put name="helpMenu" 		value="NewAccounts" />
	  <put name="helpFunction" 	value="OpenNewAccount" />
	  <put name="helpSteps" 	value="Confirm" />
	  <put name="screenId" 		value="ddaConfirm" />
	  <put name="menuOption" 		value="3" />	    
  </definition>
  
  <!-- DDA Detail duplicate Page  -->
  <definition name="dda.duplicate.confirm" extends="ibank.mainLayout">
	 <put name="title"  		value="Open New Accounts" />
	  <put name="body"   		value="/jsp/account/duplicateAcctOpeningReq.jsp" />
<!--	  <put name="menu"   		value="newaccounts.menu" />-->
      <put name="defaultForm" 	value="newDDAForm" />
	  <put name="helpMenu" 		value="NewAccounts" />
	  <put name="helpFunction" 	value="OpenNewAccount" />
	  <put name="helpSteps" 	value="Details" />
	  <put name="screenId" 		value="ddaDupConfirm" />
	  <put name="menuOption" 		value="3" />	    
  </definition>  

  <!-- DDA Receipt Page  -->
  <!-- This jsp should have what do you want to do links -->
  <definition name="dda.new.receipt" extends="ibank.mainLayout">
	  <put name="title"  		value="Open New Accounts" />
	  <put name="body"   		value="/jsp/account/newDDAReceipt.jsp" />
	  <put name="whatNext" value="/jsp/common/whatNext.jsp" />
<!--	  <put name="menu"   		value="newaccounts.menu" />-->
      <put name="defaultForm" 	value="newDDAForm" />
	  <put name="helpMenu" 		value="NewAccounts" />
	  <put name="helpFunction" 	value="OpenNewAccount" />
	  <put name="helpSteps" 	value="Receipt" />
	  <put name="screenId" 		value="ddaReceipt" />
	  <put name="menuOption" 		value="3" />	    
  </definition>
  
  <definition name="dda.diysuper.info" extends="ibank.mainLayout">
	  <put name="title"  		value="Open New Accounts" />
	  <put name="body"   		value="/jsp/account/DIYSuperInfo.jsp" />
	  <put name="whatNext" value="/jsp/common/whatNext.jsp" />
<!--	  <put name="menu"   		value="newaccounts.menu" />-->
      <put name="defaultForm" 	value="newDDAForm" />
	  <put name="helpMenu" 		value="NewAccounts" />
	  <put name="helpFunction" 	value="OpenNewAccount" />
	  <put name="helpSteps" 	value="info" />
	  <put name="screenId" 		value="diyinfo" />
	  <put name="menuOption" 		value="3" />	    
  </definition>
<!-- END OPEN NEW ACCOUNT (UCA-002) -->

 <!-- DDA Sense receipt Page -->
  <definition name="dda.new.sensereceipt" extends="ibank.mainLayout">
	  <put name="title"  		value="Open New Accounts" />
	  <put name="body"   		value="/jsp/account/newDDASenseReceipt.jsp" />
<!--	  <put name="whatNext" value="/jsp/common/whatNext.jsp" />-->
<!--	  <put name="menu"   		value="newaccounts.menu" />-->
      <put name="defaultForm" 	value="newDDAForm" />
	  <put name="helpMenu" 		value="NewAccounts" />
	  <put name="helpFunction" 	value="OpenNewAccount" />
	  <put name="helpSteps" 	value="Receipt" />
	  <put name="screenId" 		value="ddaReceipt" />
	  <put name="menuOption" 		value="3" />	    
  </definition>
  
    <definition name="dda.new.hisaWorkAcctReceipt" extends="ibank.mainLayout">
	  <put name="title"  		value="Open New Accounts" />
	  <put name="body"   		value="/jsp/account/hisaWorkAcctReceipt.jsp" />
<!--	  <put name="whatNext" value="/jsp/common/whatNext.jsp" />-->
<!--	  <put name="menu"   		value="newaccounts.menu" />-->
      <put name="defaultForm" 	value="newDDAForm" />
	  <put name="helpMenu" 		value="NewAccounts" />
	  <put name="helpFunction" 	value="OpenNewAccount" />
	  <put name="helpSteps" 	value="Receipt" />
	  <put name="screenId" 		value="ddaReceipt" />
	  <put name="menuOption" 		value="3" />	    
  </definition>
<!-- END OPEN NEW ACCOUNT (UCA-002) -->
<!-- END -->

<!-- VIEW TRANSACTION HISTORY (UCA-005) -->
  <!-- Account Detail Options Page  -->
  <!-- This jsp should have what do you want to do links -->
  <definition name="account.details.options" extends="ibank.mainLayout">
      <put name="title"  		value="My Transaction History" />
	  <put name="body"   		value="/jsp/account/accountDetailOptions.jsp" />
	  <put name="whatNext" 		value="/jsp/common/whatNext.jsp" />
<!--	  <put name="menu"   		value="account.menu" />-->
      <put name="defaultForm" 	value="accountDetailForm" />
	  <put name="helpMenu" 		value="AccountInformation" />
	  <put name="helpFunction" 	value="MyAccount" />
	  <put name="helpSteps" 	value="Options" />
	  <put name="screenId" 		value="accountOptions" />
	  <put name="menuOption" 		value="3" />	    
  </definition>

  <!-- Account Transaction History Page  -->
  <!-- This jsp should have what do you want to do links -->
  <definition name="account.transaction.history" extends="ibank.mainLayout">
	  <put name="title"  		value="My Transaction History" />
	  <put name="body"   		value="/jsp/account/viewTransactionHistory.jsp" />
	  <put name="whatNext" 		value="/jsp/common/whatNext.jsp" />
<!--	  <put name="menu"   		value="account.menu" />-->
      <put name="defaultForm" 	value="accountDetailForm" />
	  <put name="helpMenu" 		value="AccountInformation" />
	  <put name="helpFunction" 	value="MyAccount" />
	  <put name="helpSteps" 	value="TransHistory" />
	  <put name="screenId" 		value="transHistory" />
	  <put name="menuOption" 		value="0" />	    
  </definition>
<!-- END VIEW TRANSACTION HISTORY (UCA-005) -->

<!-- OPEN TERM DEPOSIT (UCA-006) -->
  <!--10R3 Term deposit refactoring -->
     <definition name="termdep.open.details" extends="ibank.mainLayout">
	 <put name="title"  		value="Open New Accounts" />
	  <put name="body"   		value="/jsp/account/openTermDeposit.jsp" />
<!--	  <put name="menu"   		value="newaccounts.menu" />-->
      <put name="defaultForm" 	value="newTermDepositForm" />
	  <put name="helpMenu" 		value="NewAccounts" />
	  <put name="helpFunction" 	value="OpenTermAccount" />
	  <put name="helpSteps" 	value="Details" />
	  <put name="screenId"	 	value="openTDA" />
	  <put name="menuOption" 		value="3" />	    
  </definition>
   
    <definition name="termdep.open.tnc" extends="ibank.mainLayout">
	  <put name="title"  		value="Open New Accounts" />
	  <put name="body"   		value="/jsp/account/openTermDepositTnC.jsp" />
<!--	  <put name="menu"   		value="newaccounts.menu" />-->
      <put name="defaultForm" 	value="newTermDepositForm" />
	  <put name="helpMenu" 		value="NewAccounts" />
	  <put name="helpFunction" 	value="OpenTermAccount" />
	  <put name="helpSteps" 	value="News" />
	  <put name="screenId" 		value="openTDAtnc" />
	  <put name="menuOption" 		value="3" />	    
  </definition>
  
    <!-- Term Deposit funding Detail Options Page  -->
  <definition name="termdep.open.options" extends="ibank.mainLayout">
	 <put name="title"  		value="Open New Accounts" />
	  <put name="body"   		value="/jsp/account/openTermDepositDetails.jsp" />
<!--	  <put name="menu"   		value="newaccounts.menu" />-->
      <put name="defaultForm" 	value="newTermDepositForm" />
	  <put name="helpMenu" 		value="NewAccounts" />
	  <put name="helpFunction" 	value="OpenTermAccount" />
	  <put name="helpSteps" 	value="Options" />
	  <put name="screenId"	 	value="openTDAFunding" />
	  <put name="menuOption" 		value="3" />	    
   </definition>
   
   <!-- Term Deposit interest Detail Options Page  -->
    <definition name="termdep.open.interest.details" extends="ibank.mainLayout">
	 <put name="title"  		value="Open New Accounts" />
	  <put name="body"   		value="/jsp/account/openTermDepositInterestDetails.jsp" />
<!--	  <put name="menu"   		value="newaccounts.menu" />-->
      <put name="defaultForm" 	value="newTermDepositForm" />
	  <put name="helpMenu" 		value="NewAccounts" />
	  <put name="helpFunction" 	value="OpenTermAccount" />
	  <put name="helpSteps" 	value="InterestPaymentInstructions" />
	  <put name="screenId"	 	value="openTDAInterest" />
	  <put name="menuOption" 		value="3" />	    
   </definition>
   
	    <!-- Term Deposit Confirmation Page  -->
  <definition name="termdep.open.confirm" extends="ibank.mainLayout">
	  <put name="title"  		value="Open New Accounts" />
	  <put name="body"   		value="/jsp/account/openTermDepositConfirm.jsp" />
<!--	  <put name="menu"   		value="newaccounts.menu" />-->
      <put name="defaultForm" 	value="newTermDepositForm" />
	  <put name="helpMenu" 		value="NewAccounts" />
	  <put name="helpFunction" 	value="OpenTermAccount" />
	  <put name="helpSteps" 	value="Confirm" />
	  <put name="screenId" 		value="openTDAConfirm" />
	  <put name="menuOption" 		value="3" />	    
  </definition>
 
    <!-- definition name="new.account.defaultregion" extends="ibank.mainLayout">
      <put name="title"    value="Open New Accounts" />
  	  <put name="body"     value="/jsp/account/selectRegionBranch.jsp" />
   	  <put name="menu"     value="newaccounts.menu" />
      <put name="defaultForm"  value="newDDAForm" />
   	  <put name="helpMenu"   value="NewAccounts" />
      <put name="helpFunction"  value="OpenNewAccount" />
      <put name="helpSteps"  value="Details" />
      <put name="screenId"   value="ddaAccount" />
  </definition-->
  
    <!-- Term Deposit Receipt Page  -->
  <!-- This jsp should have what do you want to do links -->
  <definition name="termdep.open.receipt" extends="ibank.mainLayout">
	  <put name="title"  		value="Open New Accounts" />
	  <put name="body"   		value="/jsp/account/openTermDepositReceipt.jsp" />
	  <put name="whatNext" value="/jsp/common/whatNext.jsp" />
<!--	  <put name="menu"   		value="newaccounts.menu" />-->
      <put name="defaultForm" 	value="newTermDepositForm" />
	  <put name="helpMenu" 		value="NewAccounts" />
	  <put name="helpFunction" 	value="OpenTermAccount" />
	  <put name="helpSteps" 	value="Receipt" />
	  <put name="screenId" 		value="openTDAReceipt" />
	  <put name="menuOption" 		value="3" />	    
  </definition>
  
    <!-- TDA Detail duplicate Page  -->
  <definition name="tda.duplicate.confirm" extends="ibank.mainLayout">
	 <put name="title"  		value="Open New Accounts" />
	  <put name="body"   		value="/jsp/account/duplicateTDAcctOpeningReq.jsp" />
<!--	  <put name="menu"   		value="newaccounts.menu" />-->
      <put name="defaultForm" 	value="newTermDepositForm" />
	  <put name="helpMenu" 		value="NewAccounts" />
	  <put name="helpFunction" 	value="newTermDepositForm" />
	  <put name="helpSteps" 	value="Details" />
	  <put name="screenId" 		value="tdaDupConfirm" />
	  <put name="menuOption" 		value="3" />	    
  </definition>  
  
  
  <!-- Renew Term deposit selection Page  -->
  <definition name="termdep.renew.select" extends="ibank.mainLayout">
	 <put name="title"  		value="Account Servicing" />
	  <put name="body"   		value="/jsp/account/renewTermDepositSelect.jsp" />
<!--	  <put name="menu"   		value="parent.menu" />-->
      <put name="defaultForm" 	value="renewTermDepositForm" />
	  <put name="helpMenu" 		value="Maintenance" />
	  <put name="helpFunction" 	value="TermDepMaintain" />
	  <put name="helpSteps" 	value="Select" />
	  <put name="screenId" 		value="maintainTDA" />
	  <put name="menuOption" 		value="2" />	    
  </definition>
  
  <definition name="termdep.renew.selectinterest" extends="ibank.mainLayout">
	 <put name="title"  		value="Account Servicing" />
	  <put name="body"   		value="/jsp/account/renewTermDepositDetails.jsp" />
<!--	  <put name="menu"   		value="parent.menu" />-->
      <put name="defaultForm" 	value="renewTermDepositForm" />
	  <put name="helpMenu" 		value="Maintenance" />
	  <put name="helpFunction" 	value="TermDepMaintain" />
	  <put name="helpSteps" 	value="Select" />
	  <put name="screenId" 		value="maintainTDASelectInterest" />
	  <put name="menuOption" 		value="2" />	    
  </definition>
  
  <definition name="termdep.renew.tnc" extends="ibank.mainLayout">
	 <put name="title"  		value="Account Servicing" />
	  <put name="body"   		value="/jsp/account/renewTermDepositTnC.jsp" />
<!--	  <put name="menu"   		value="parent.menu" />-->
      <put name="defaultForm" 	value="renewTermDepositForm" />
	  <put name="helpMenu" 		value="Maintenance" />
	  <put name="helpFunction" 	value="TermDepMaintain" />
	  <put name="helpSteps" 	value="Select" />
	  <put name="screenId" 		value="maintainTDATnC" />
	  <put name="menuOption" 		value="2" />	    
  </definition>
  
   <definition name="termdep.renew.details" extends="ibank.mainLayout">
	 <put name="title"  		value="Account Servicing" />
	  <put name="body"   		value="/jsp/account/renewTermDepositOptions.jsp" />
<!--	  <put name="menu"   		value="parent.menu" />-->
      <put name="defaultForm" 	value="renewTermDepositForm" />
	  <put name="helpMenu" 		value="Maintenance" />
	  <put name="helpFunction" 	value="TermDepMaintain" />
	  <put name="helpSteps" 	value="Select" />
	  <put name="screenId" 		value="maintainTDADetails" />
	  <put name="menuOption" 		value="2" />	    
  </definition>
  
  <!-- Term deposit confirm Page  -->
  <definition name="termdep.renew.confirm" extends="ibank.mainLayout">
	   <put name="title"  		value="Account Servicing" />
	  <put name="body"   		value="/jsp/account/renewTermDepositConfirm.jsp" />
<!--	  <put name="menu"   		value="parent.menu" />-->
      <put name="defaultForm" 	value="renewTermDepositForm" />
	  <put name="helpMenu" 		value="Maintenance" />
	  <put name="helpFunction" 	value="TermDepMaintain" />
	  <put name="helpSteps" 	value="Select" />
  	  <put name="screenId" 		value="maintainTDAConfirm" />
	  <put name="menuOption" 		value="2" />	    
  </definition>
  
   <!-- Term deposit renewal Receipt Page  -->
  <definition name="termdep.renew.receipt" extends="ibank.mainLayout">
	  <put name="title"  		value="Account Servicing" />
	  <put name="body"   		value="/jsp/account/renewTermDepositReceipt.jsp" />
<!--	  <put name="menu"   		value="parent.menu" />-->
	  <put name="whatNext" 		value="/jsp/common/whatNext.jsp" />
    <put name="defaultForm" 	value="renewTermDepositForm" />
	  <put name="helpMenu" 		value="Maintenance" />
	  <put name="helpFunction" 	value="TermDepRenewal" />
	  <put name="helpSteps" 	value="Select" />
  	  <put name="screenId" 		value="renewTDAReceipt" />
	  <put name="menuOption" 		value="2" />	    
  </definition>
  
  <!-- Term deposit interest instruction Page  -->
  <definition name="termdep.maintain.instructions" extends="ibank.mainLayout">
	   <put name="title"  		value="Account Servicing" />
	  <put name="body"   		value="/jsp/account/maintainTermDeposit.jsp" />
<!--	  <put name="menu"   		value="parent.menu" />-->
      <put name="defaultForm" 	value="renewTermDepositForm" />
	  <put name="helpMenu" 		value="Maintenance" />
	  <put name="helpFunction" 	value="TermDepMaintain" />
	  <put name="helpSteps" 	value="ChangeInterestInstruction" />
	  <put name="screenId" 		value="maintainTDAII" />
	  <put name="menuOption" 		value="2" />	    
  </definition>
  
  <!-- Term deposit interest instruction confirm Page  -->
  <definition name="termdep.confirm.instructions" extends="ibank.mainLayout">
	   <put name="title"  		value="Account Servicing" />
	  <put name="body"   		value="/jsp/account/maintainTermDepositConfirm.jsp" />
<!--	  <put name="menu"   		value="parent.menu" />-->
      <put name="defaultForm" 	value="renewTermDepositForm" />
	  <put name="helpMenu" 		value="Maintenance" />
	  <put name="helpFunction" 	value="TermDepMaintain" />
	  <put name="helpSteps" 	value="ConfirmInterestInstruction" />
	  <put name="screenId" 		value="maintainTDAConfirmII" />
	  <put name="menuOption" 		value="2" />	    
  </definition>
  
  <!-- Term deposit interest instruction receipt Page  -->
    <definition name="termdep.maintain.receipt" extends="ibank.mainLayout">
	   <put name="title"  		value="Account Servicing" />
	  <put name="body"   		value="/jsp/account/maintainTermDepositReceipt.jsp" />
<!--	  <put name="menu"   		value="parent.menu" />-->
	  <put name="whatNext" 		value="/jsp/common/whatNext.jsp" />
      <put name="defaultForm" 	value="renewTermDepositForm" />
	  <put name="helpMenu" 		value="Maintenance" />
	  <put name="helpFunction" 	value="TermDepMaintain" />
	  <put name="helpSteps" 	value="Receipt" />
  	  <put name="screenId" 		value="maintainTDAReceipt" />
	  <put name="menuOption" 		value="2" />	    
  </definition>
  <!--10R3 Term deposit refactoring -->

<!-- ADD THIRD PARTY (UCA-008) -->
<!--  third party list  -->
  <definition name="thirdparty.list" extends="ibank.mainLayout">
	  <put name="title" value="Payee Accounts" />
	  <put name="body"   		value="/jsp/account/listThirdParties.jsp" />
	  <put name="whatNext" 		value="/jsp/common/whatNext.jsp" />
<!--	  <put name="menu"   		value="payments.menu" />-->
      <put name="defaultForm" 	value="thirdPartyForm" />
	  <put name="helpMenu" 		value="TransferandPayment" />
	  <put name="helpFunction" 	value="ThirdParty" />
	  <put name="helpSteps" 	value="List" />
	  <put name="screenId" 		value="" />
	  <put name="menuOption" 		value="1" />	    
  </definition>
  <definition name="thirdparty.list.secure" extends="ibank.mainLayout">
	  <put name="title" value="Payee Accounts" />
	  <put name="body"   		value="/jsp/account/listThirdPartiesSecure.jsp" />
	  <put name="whatNext" 		value="/jsp/common/whatNext.jsp" />
<!--	  <put name="menu"   		value="payments.menu" />-->
      <put name="defaultForm" 	value="thirdPartyForm" />
	  <put name="helpMenu" 		value="TransferandPayment" />
	  <put name="helpFunction" 	value="ThirdParty" />
	  <put name="helpSteps" 	value="List" />
	  <put name="screenId" 		value="" />
	  <put name="menuOption" 		value="1" />	    
  </definition>
  <!--  third party details  -->
  <definition name="thirdparty.details" extends="ibank.mainLayout">
	  <put name="title" value="Payee Accounts" />
	  <put name="body"   		value="/jsp/account/thirdPartyDetails.jsp" />
	  <put name="whatNext" 		value="/jsp/common/whatNext.jsp" />
<!--	  <put name="menu"   		value="payments.menu" />-->
      <put name="defaultForm" 	value="thirdPartyForm" />
	  <put name="helpMenu" 		value="TransferandPayment" />
	  <put name="helpFunction" 	value="ThirdParty" />
	  <put name="helpSteps" 	value="Details" />
	  <put name="screenId" 		value="thirdPartyDetails" />
	  <put name="menuOption" 		value="1" />	    
  </definition>
  
  <!-- Add Third Party Default Page  -->
  <definition name="thirdparty.add" extends="ibank.mainLayout">
	  <put name="title"  		value="Payee Accounts" />
	  <put name="body"   		value="/jsp/account/addThirdParty.jsp" />
<!--	  <put name="menu"   		value="payments.menu" />-->
    <put name="defaultForm" 	value="thirdPartyForm" />
	  <put name="helpMenu" 		value="TransferandPayment" />
	  <put name="helpFunction" 	value="ThirdParty" />
	  <put name="helpSteps" 	value="Add" />
	  <put name="screenId" 		value="addThirdParty" />
	  <put name="menuOption" 		value="1" />	    
  </definition>

  <!-- Add Third Party Secure Code Page  -->
  <definition name="thirdparty.add.secureCode" extends="ibank.mainLayout">
	<put name="title"  			value="Payee Accounts" />
	<put name="body"   			value="/jsp/account/addThirdPartySecure.jsp" />
   	<put name="defaultForm" 	value="thirdPartyForm" />
	<put name="helpMenu" 		value="TransferandPayment" />
	<put name="helpFunction" 	value="ThirdParty" />
	<put name="helpSteps" 		value="AddSecure" />
	<put name="screenId" 		value="secureAddThirdParty" />
	<put name="menuOption" 		value="1" />	    
  </definition>

  
   <definition name="thirdparty.add.confirm" extends="ibank.mainLayout">
    <put name="title"    value="Payee Accounts" />
   <put name="body"     value="/jsp/account/addThirdPartyConfirmation.jsp" />
<!--   <put name="menu"     value="payments.menu" />-->
    <put name="defaultForm"  value="thirdPartyForm" />
     <put name="whatNext"   value="/jsp/common/whatNext.jsp" />
   <put name="helpMenu"   value="TransferandPayment" />
   <put name="helpFunction"  value="ThirdParty" />
   <put name="helpSteps"  value="AddConfirm" />
   <put name="screenId" 		value="confirmThirdParty" />
	  <put name="menuOption" 		value="1" />	    
   
  </definition>
<!-- END ADD THIRD PARTY (UCA-008) -->

<!-- EDIT THIRD PARTY (UCA-009) -->
  <!-- Edit Third Party Default Page  -->
  <definition name="thirdparty.edit" extends="ibank.mainLayout">
	   <put name="title"  		value="Payee Accounts" />
	  <put name="body"   		value="/jsp/account/editThirdParty.jsp" />
<!--	  <put name="menu"   		value="payments.menu" />-->
    <put name="defaultForm" 	value="editThirdPartyForm" />
	  <put name="helpMenu" 		value="" />
	  <put name="helpFunction" 	value="ThirdParty" />
	  <put name="helpSteps" 	value="Edit" />
      <put name="screenId" 		value="editThirdParty" />
	  <put name="menuOption" 		value="1" />	    
  </definition>

  <!-- Increase Third Party Limit Page  -->
  <definition name="thirdparty.increase" extends="ibank.mainLayout">
	  <put name="title"  		value="Payee Accounts" />
	  <put name="body"   		value="/jsp/account/increaseThirdParty.jsp" />
<!--	  <put name="menu"   		value="payments.menu" />-->
    <put name="defaultForm" 	value="thirdPartyForm" />
	  <put name="helpMenu" 		value="TransferandPayment" />
	  <put name="helpFunction" 	value="ThirdParty" />
	  <put name="helpSteps" 	value="IncreaseLimit" />
     <put name="screenId" 		value="increaseThirdPartyLimit" />
	  <put name="menuOption" 		value="1" />	    
  </definition>

  <!-- Edit Third Party Confirmation Page  -->
  <definition name="thirdparty.edit.confirm" extends="ibank.mainLayout">
	   <put name="title"  		value="Payee Accounts" />
	  <put name="body"   		value="/jsp/account/editThirdPartyConfirmation.jsp" />
<!--	  <put name="menu"   		value="payments.menu" />-->
       <put name="defaultForm" 	value="editThirdPartyForm" />
	  <put name="helpMenu" 		value="TransferandPayment" />
	  <put name="helpFunction" 	value="ThirdParty" />
	  <put name="helpSteps" 	value="EditConfirm" />
	  <put name="screenId" 		value="editConfirmThirdParty" />
	  <put name="menuOption" 		value="1" />	    
  </definition>
<!-- END EDIT THIRD PARTY (UCA-009) -->


<!-- DELETE THIRD PARTY (UCA-011) -->
  <!-- Delete Third Party Default Page  -->
  <definition name="thirdparty.delete" extends="ibank.mainLayout">
	   <put name="title"  		value="Payee Accounts" />
	  <put name="body"   		value="/jsp/account/deleteThirdParty.jsp" />
	   <put name="whatNext" 		value="/jsp/common/whatNext.jsp" />
<!--	  <put name="menu"   		value="payments.menu" />-->
    <put name="defaultForm" 	value="thirdPartyForm" />
	  <put name="helpMenu" 		value="TransferandPayment" />
	  <put name="helpFunction" 	value="ThirdParty" />
	  <put name="helpSteps" 	value="Delete" />
      <put name="screenId" 		value="deleteThirdParty" />
	  <put name="menuOption" 		value="1" />	    
  </definition>
  
  <!-- This jsp should have what do you want to do links only when it is a successfull transaction. That is why two tile definations for the same jsp-->
  <definition name="thirdparty.delete.success" extends="ibank.mainLayout">
	   <put name="title"  		value="Payee Accounts" />
	  <put name="body"   		value="/jsp/account/deleteThirdParty.jsp" />
	  <put name="whatNext" 		value="/jsp/common/whatNext.jsp" />
<!--	  <put name="menu"   		value="payments.menu" />-->
    <put name="defaultForm" 	value="deleteThirdPartyForm" />
	  <put name="helpMenu" 		value="TransferandPayment" />
	  <put name="helpFunction" 	value="ThirdParty" />
	  <put name="helpSteps" 	value="DeleteSuccess" />
     <put name="screenId" 		value="confirmDeleteThirdParty" />
	  <put name="menuOption" 		value="1" />	    
  </definition>
<!-- END DELETE THIRD PARTY (UCA-011) -->


<!-- CREATE GROUP (UCA-012) -->
  <!-- Create Group Default Page  -->
  <!-- This jsp should have what do you want to do links -->
  <definition name="group.add.edit" extends="ibank.mainLayout">
	    <put name="title" value="Group Payments" />
	  <put name="body"   		value="/jsp/account/addGroupEdit.jsp" />
	  <put name="whatNext" value="/jsp/common/whatNext.jsp" />
<!--	  <put name="menu"   		value="payments.menu" />-->
	  <!-- <put name="menu"   		value="payments.groups.menu" />-->
    <put name="defaultForm" 	value="groupForm" />
	  <put name="helpMenu" 		value="TransferandPayment" />
	  <put name="helpFunction" 	value="Group" />
	  <put name="helpSteps" 	value="Add" />
      <put name="screenId" 		value="addGroup" />
	  <put name="menuOption" 		value="1" />	    
  </definition>
<!-- END CREATE GROUP (UCA-012) -->

<!-- EDIT GROUP (UCA-013) -->
  <!-- Edit Group Default Page  -->
  <definition name="group.edit.select" extends="ibank.mainLayout">
	    <put name="title" value="Group Payments" />
	  <put name="body"   		value="/jsp/account/editGroupSelect.jsp" />
<!--	  <put name="menu"   		value="payments.menu" />-->
	  <!--<put name="menu"   		value="payments.groups.menu" />-->
    <put name="defaultForm" 	value="groupForm" />
	  <put name="helpMenu" 		value="TransferandPayment" />
	  <put name="helpFunction" 	value="Group" />
	  <put name="helpSteps" 	value="Select" />
      <put name="screenId" 		value="selectGroup" />
	  <put name="menuOption" 		value="1" />	    
  </definition>
  
   <!-- This jsp should have what do you want to do links -->
  <definition name="group.edit.edit" extends="ibank.mainLayout">
	    <put name="title" value="Group Payments" />
	  <put name="body"   		value="/jsp/account/editGroupEdit.jsp" />
	  <put name="whatNext" value="/jsp/common/whatNext.jsp" />
<!--	  <put name="menu"   		value="payments.menu" />-->
	  <!--<put name="menu"   		value="payments.groups.menu" />-->
    <put name="defaultForm" 	value="groupForm" />
	  <put name="helpMenu" 		value="TransferandPayment" />
	  <put name="helpFunction" 	value="Group" />
	  <put name="helpSteps" 	value="Edit" />
      <put name="screenId" 		value="editGroup" />
	  <put name="menuOption" 		value="1" />	    
  </definition>
<!-- END EDIT GROUP (UCA-013) -->

<!-- DELETE GROUP (UCA-014) -->
  <!-- Create Group Default Page  -->
  <!-- This jsp should have what do you want to do links -->
  <definition name="group.delete.select" extends="ibank.mainLayout">
		    <put name="title" value="Group Payments" />
	  <put name="body"   		value="/jsp/account/deleteGroupSelect.jsp" />
	  <put name="whatNext" value="/jsp/common/whatNext.jsp" />
<!--	  <put name="menu"   		value="payments.menu" />-->
	  <!--<put name="menu"   		value="payments.groups.menu" />-->
    <put name="defaultForm" 	value="groupForm" />
	  <put name="helpMenu" 		value="TransferandPayment" />
	  <put name="helpFunction" 	value="Group" />
	  <put name="helpSteps" 	value="Delete" />
      <put name="screenId" 		value="deleteGroup" />
	  <put name="menuOption" 		value="1" />	    
  </definition>
<!-- END DELETE GROUP (UCA-014) -->


<!-- DELETE BPAY ACCOUNT (UCA-015) -->
  <!-- Delete BPay Account Default Page  -->
  <definition name="bpay.delete" extends="ibank.mainLayout">
	  <put name="title"  		value="Maintenance" />
	  <put name="body"   		value="/jsp/account/deleteBPayAccount.jsp" />
<!--	  <put name="menu"   		value="parent.menu" />-->
    <put name="defaultForm" 	value="deleteBPayForm" />
	  <put name="helpMenu" 		value="Maintenance" />
	  <put name="helpFunction" 	value="FavBiller" />
	  <put name="helpSteps" 	value="Delete" />
      <put name="screenId" 		value="deleteBPay" />
	  <put name="menuOption" 		value="1" />	    
  </definition>
    
    <!-- This jsp should have what do you want to do links only when it is a successfull transaction. That is why two tile definations for the same jsp-->
    <definition name="bpay.delete.success" extends="ibank.mainLayout">
	  <put name="title"  		value="Maintenance" />
	  <put name="body"   		value="/jsp/account/deleteBPayAccount.jsp" />
	  <put name="whatNext" 		value="/jsp/common/whatNext.jsp" />
<!--	  <put name="menu"   		value="parent.menu" />-->
    <put name="defaultForm" 	value="deleteBPayForm" />
	  <put name="helpMenu" 		value="Maintenance" />
	  <put name="helpFunction" 	value="FavBiller" />
	  <put name="helpSteps" 	value="Delete" />
      <put name="screenId" 		value="deletedBPay" />
	  <put name="menuOption" 		value="1" />	    
  </definition>
<!-- END DELETE BPAY ACCOUNT (UCA-015) -->


	<definition name="account.bpay.bpayBillerList.tile" extends="ibank.mainLayout">
	  <put name="title" value="BPay Billers" />
 	  <put name="body" value="/jsp/account/bPayBillerList.jsp" />
 	  <put name="whatNext" 		value="/jsp/common/whatNext.jsp" />
	  <put name="defaultForm" 	value="bpayBillForm" />
<!--	  <put name="menu"   		value="bpay.menu" />-->
	  <put name="helpMenu" 		value="TransferandPayment" />
	  <put name="helpFunction" 	value="Bpay" />
	  <put name="helpSteps" 	value="viewMyBillers" />
      <put name="screenId" 		value="" />
	  <put name="menuOption" 		value="1" />	    
	</definition>
	
	<definition name="account.bpay.bpayBillerDetails.tile" extends="ibank.mainLayout">
	  <put name="title" value="BPay Billers" />
 	  <put name="body" value="/jsp/account/bPayBillerDetails.jsp" />
 	  <put name="whatNext" 		value="/jsp/common/whatNext.jsp" />
	  <put name="defaultForm" 	value="bpayBillForm" />
<!--	  <put name="menu"   		value="bpay.menu" />-->
	  <put name="helpMenu" 		value="TransferandPayment" />
	  <put name="helpFunction" 	value="Bpay" />
	  <put name="helpSteps" 	value="billersDetails" />
      <put name="screenId" 		value="" />
	  <put name="menuOption" 		value="1" />	    
	</definition>	
	
	<definition name="account.bpay.addBpayBiller.tile" extends="ibank.mainLayout">
	  <put name="title" value="BPay Billers" />
 	  <put name="body" value="/jsp/account/addBPayBiller.jsp" />
 	  <put name="whatNext" 		value="/jsp/common/whatNext.jsp" />
	  <put name="defaultForm" 	value="bpayBillForm" />
<!--	  <put name="menu"   		value="bpay.menu" />-->
	  <put name="helpMenu" 		value="TransferandPayment" />
	  <put name="helpFunction" 	value="Bpay" />
	  <put name="helpSteps" 	value="addBiller" />
      <put name="screenId" 		value="addBiller" />
	  <put name="menuOption" 		value="1" />	    
	</definition>
	
	<definition name="account.bpay.addBpayBillerConfirm.tile" extends="ibank.mainLayout">
	  <put name="title" value="BPay Billers" />
 	  <put name="body" value="/jsp/account/addBpayBillerConfirm.jsp" />
 	  <put name="whatNext" 		value="/jsp/common/whatNext.jsp" />
	  <put name="defaultForm" 	value="bpayBillForm" />
<!--	  <put name="menu"   		value="bpay.menu" />-->
	  <put name="helpMenu" 		value="TransferandPayment" />
	  <put name="helpFunction" 	value="Bpay" />
	  <put name="helpSteps" 	value="addBillerConfirm" />
      <put name="screenId" 		value="addBillerConfirm" />
	  <put name="menuOption" 		value="1" />	    
	</definition>	
	
	<!--Added for 13 E3 2FA changes to display a 2FA page while adding the biller-->
	<definition name="account.bpay.securecode.tile" extends="ibank.mainLayout">
		<put name="title" 			value="BPay Billers" />
	 	<put name="body" 			value="/jsp/account/addBPayBillerSecure.jsp" />
	 	<put name="defaultForm" 	value="bpayBillForm" />
		<put name="helpMenu" 		value="TransferandPayment" />
		<put name="helpFunction" 	value="Bpay" />
		<put name="helpSteps" 		value="addBiller" />
		<put name="screenId" 		value="addBiller" />
		<put name="menuOption" 		value="1" />	    
	</definition>

	<definition name="account.bpay.deleteBpayBillerConfirm.tile" extends="ibank.mainLayout">
	  <put name="title" value="BPay Billers" />
 	  <put name="body" value="/jsp/account/deleteBPayBillerConfirm.jsp" />
 	  <put name="whatNext" 		value="/jsp/common/whatNext.jsp" />
	  <put name="defaultForm" 	value="bpayBillForm" />
<!--	  <put name="menu"   		value="bpay.menu" />-->
	  <put name="helpMenu" 		value="TransferandPayment" />
	  <put name="helpFunction" 	value="Bpay" />
	  <put name="helpSteps" 	value="deleteBillerConfirm" />
      <put name="screenId" 		value="deleteBiller" />
	  <put name="menuOption" 		value="1" />	    
	</definition>				
	
	

<!-- VIEW ACCOUNT PORTFOLIO (UCA-016) -->
  <!-- Account Portfolio Page  -->
  <!-- This jsp should have what do you want to do links -->
  <definition name="account.portfolio.tile" extends="ibank.mainLayout">
	  <put name="title"  		value="My Accounts" />
	  <put name="body"   		value="/jsp/account/viewAccountPortfolio.jsp" />
<!--	  <put name="menu"   		value="account.menu" />-->
	  <put name="whatNext" 		value="/jsp/common/whatNext.jsp" />
  	<put name="defaultForm" 	value="accountDetailForm" />
	  <put name="helpMenu" 		value="AccountInformation" />
	  <put name="helpFunction" 	value="MyAccount" />
	  <put name="helpSteps" 	value="Details" />
      <put name="screenId" 		value="" />
	  <put name="menuOption" 		value="0" />	    
  </definition>
<!-- VIEW ACCOUNT PORTFOLIO (UCA-016) -->

<definition name="account.portfolio.tileII" extends="ibank.mainLayout">
	  <put name="title"  		value="My Accounts" />
	  <put name="body"   		value="/jsp/account/viewAccountPortfolio.jsp" />
<!--	  <put name="menu"   		value="account.loans.menu" />-->
	<put name="defaultForm" 	value="accountDetailForm" />
	  <put name="helpMenu" 		value="AccountInformation" />
	  <put name="helpFunction" 	value="MyAccount" />
	  <put name="helpSteps" 	value="Details" />
      <put name="screenId" 		value="" />
	  <put name="menuOption" 		value="0" />	    
  </definition>

<!-- Order account statement -->
  <definition name="account.orderacctstatement.tile" extends="ibank.mainLayout">
	  <put name="title"  		value="Order a Statement" />
	  <put name="body"   		value="/jsp/tools/orderAccountStatement.jsp" />
<!--	  <put name="menu"   		value="account.menu" />-->
  	<put name="defaultForm" 	value="orderAccountStatementForm" />
	  <put name="helpMenu" 		value="AccountInformation" />
	  <put name="helpFunction" 	value="OrderStatement" />
	  <put name="helpSteps" 	value="Details" />
      <put name="screenId" 		value="" />
      <put name="menuOption" 		value="2" />	    
  </definition>

  <definition name="account.orderacctstatement.confirm.tile" extends="account.orderacctstatement.tile">
	  <put name="title"  		value="Order a Statement" />
	  <put name="body"   		value="/jsp/tools/orderAccountStatementConfirm.jsp" />
<!--	  <put name="menu"   		value="account.menu" />-->
  	<put name="defaultForm" 	value="orderAccountStatementForm" />
	  <put name="helpMenu" 		value="AccountInformation" />
	  <put name="helpFunction" 	value="OrderStatement" />
	  <put name="helpSteps" 	value="Confirm" />
      <put name="screenId" 		value="orderAcctSmtConfirm" />
      <put name="menuOption" 		value="2" />	    
  </definition>
  
  <definition name="account.orderacctstatement.success.tile" extends="account.orderacctstatement.tile">
	  <put name="title"  		value="Order a Statement" />
	  <put name="body"   		value="/jsp/tools/orderAccountStatementConfirm.jsp" />
	  <put name="whatNext" 		value="/jsp/common/whatNext.jsp" />
<!--	  <put name="menu"   		value="account.menu" />-->
  	<put name="defaultForm" 	value="orderAccountStatementForm" />
	  <put name="helpMenu" 		value="AccountInformation" />
	  <put name="helpFunction" 	value="OrderStatement" />
	  <put name="helpSteps" 	value="Confirm" />
      <put name="screenId" 		value="" />
      <put name="menuOption" 		value="2" />	    
  </definition>

<!-- Order account statement -->

	<!--Umbrella-->
	<!-- This jsp should have what do you want to do links -->
	<definition name="account.changeUmbLimits" extends="ibank.mainLayout">
		<put name="title"  		value="Maintenance" />
		<put name="body"   		value="/jsp/account/changeUmbrellaLimit.jsp" />
		<put name="whatNext" 	value="/jsp/common/whatNext.jsp" />
<!--		<put name="menu"   		value="news.menu" />-->
		<put name="defaultForm" value="pfolioLimitsForm" />
		<put name="helpMenu" 		value="Maintenance" />
	    <put name="helpFunction" 	value="Umbrella" />
	    <put name="helpSteps" 	value="ChangeLimit" />
        <put name="screenId" 	value="changeLimit" />
        <put name="menuOption" 		value="2" />	    
	</definition>

	<definition name="account.selectUmbrella" extends="ibank.mainLayout">
	<put name="title"  		value="Maintenance" />
<!--		<put name="menu"		value="news.menu" />-->
		<put name="body"		value="/jsp/account/selectUmbrella.jsp" />
		<put name="defaultForm" value="pfolioLimitsForm" />
		<put name="helpMenu" 		value="Maintenance" />
	    <put name="helpFunction" 	value="Umbrella" />
	    <put name="helpSteps" 	value="Select" />
        <put name="screenId" 	value="" />
        <put name="menuOption" 		value="2" />	    
	</definition>
	<!--Umbrella-->

	<!--Online Cheque Deposit-->
	<definition name="account.chequeDeposit" extends="ibank.mainLayout">
		<put name="title"		value="Cheque Services" />
<!--		<put name="menu"		value="news.menu" />-->
		<put name="body"		value="/jsp/account/chequeDeposit.jsp" />
		<put name="defaultForm" value="onlineChequeForm" />
		<put name="helpMenu" 		value="Cheque" />
	    <put name="helpFunction" 	value="OCD" />
	    <put name="helpSteps" 	value="Details" />
        <put name="screenId" 	value="" />
        <put name="menuOption" 		value="2" />	    
	</definition>

	<definition name="account.enterChequeDetails" extends="ibank.mainLayout">
		<put name="title"		value="Cheque Services" />
<!--		<put name="menu"		value="news.menu" />-->
		<put name="body"		value="/jsp/account/enterChequeDetails.jsp" />
		<put name="defaultForm" value="onlineChequeForm" />
		<put name="helpMenu" 		value="Cheque" />
	    <put name="helpFunction" 	value="OCD" />
	    <put name="helpSteps" 	value="EnterDetails" />
        <put name="screenId" 	value="enterOCDDetails" />
        <put name="menuOption" 		value="2" />	    
	</definition>

	<definition name="account.confirmChequeDetails" extends="ibank.mainLayout">
		<put name="title"		value="Cheque Services" />
<!--		<put name="menu"		value="news.menu" />-->
		<put name="body"		value="/jsp/account/confirmChequeDetails.jsp" />
		<put name="defaultForm" value="onlineChequeForm" />
		<put name="helpMenu" 		value="Cheque" />
	    <put name="helpFunction" 	value="OCD" />
	    <put name="helpSteps" 	value="Confirm" />
        <put name="screenId" 	value="confirmOCD" />
        <put name="menuOption" 		value="2" />	    
	</definition>


	<definition name="account.onlineChequeDetails" extends="ibank.mainLayout">
		<put name="title"		value="Cheque Services" />
<!--		<put name="menu"		value="news.menu" />-->
		<put name="body"		value="/jsp/account/onlineChequeDepositDetails.jsp" />
		<put name="defaultForm" value="onlineChequeForm" />
		<put name="helpMenu" 		value="Cheque" />
	    <put name="helpFunction" 	value="OCD" />
	    <put name="helpSteps" 	value="Details" />
        <put name="screenId" 	value="ocdDetails" />
        <put name="menuOption" 		value="2" />	    
	</definition>


<!-- This jsp should have what do you want to do links -->
	<definition name="account.onlineChequeReceipt" extends="ibank.mainLayout">
		<put name="title"		value="Cheque Services" />
<!--		<put name="menu"		value="news.menu" />-->
		<put name="body"		value="/jsp/account/onlineChequeReceipt.jsp" />
		<put name="whatNext" 	value="/jsp/common/whatNext.jsp" />
		<put name="defaultForm" value="onlineChequeForm" />
		<put name="helpMenu" 		value="Cheque" />
	    <put name="helpFunction" 	value="OCD" />
	    <put name="helpSteps" 	value="Receipt" />
		<put name="screenId" 	value="receiptOCD" />
        <put name="menuOption" 		value="2" />	    
	</definition>

	<definition name="account.chequeDepositSlip" extends="ibank.mainLayout">
		<put name="title"		value="Cheque Services" />
<!--		<put name="menu"		value="news.menu" />-->
		<put name="body"		value="/jsp/account/chequeDepositSlip.jsp" />
		<put name="defaultForm" value="onlineChequeForm" />
		<put name="helpMenu" 		value="Cheque" />
	    <put name="helpFunction" 	value="OCD" />
	    <put name="helpSteps" 	value="Receipt" />
	    <put name="screenId" 	value="ocdDepositSlip" />
        <put name="menuOption" 		value="2" />	    
	</definition>

<!-- Added QuickLinks to the page -->
	<definition name="account.outstandingDeposits" extends="ibank.mainLayout">
		<put name="title"		value="Cheque Services" />
<!--		<put name="menu"		value="news.menu" />-->
		<put name="body"		value="/jsp/account/outstandingDeposits.jsp" />
		<put name="whatNext" 	value="/jsp/common/whatNext.jsp" />
		<put name="defaultForm" value="onlineChequeForm" />
		<put name="helpMenu" 		value="Cheque" />
	    <put name="helpFunction" 	value="OCD" />
	    <put name="helpSteps" 	value="Outstanding" />
	    <put name="screenId" 	value="" />
        <put name="menuOption" 		value="2" />	    
	</definition>
	<!--Online Cheque Deposit-->
	
	<!--Margin Lending -->
	<definition name="account.requestMLMerge" extends="ibank.mainLayout">
		<put name="title"  		value="Maintenance" />
<!--		<put name="menu"		value="news.menu" />-->
		<put name="body"		value="/jsp/account/requestMLMerge.jsp" />
		<put name="defaultForm" value="marginLendingForm" />
		<put name="helpMenu" 		value="Maintenance" />
	    <put name="helpFunction" 	value="MLending" />
	    <put name="helpSteps" 	value="Request" />
	    <put name="screenId" 	value="" />
        <put name="menuOption" 		value="2" />	    
	</definition>	
	
	<definition name="account.enterMLDetails" extends="ibank.mainLayout">
		<put name="title"  		value="Maintenance" />
<!--		<put name="menu"		value="news.menu" />-->
		<put name="body"		value="/jsp/account/enterMLDetails.jsp" />
		<put name="defaultForm" value="marginLendingForm" />
		<put name="helpMenu" 		value="Maintenance" />
	    <put name="helpFunction" 	value="MLending" />
	    <put name="helpSteps" 	value="Details" />
	    <put name="screenId" 	value="" />
        <put name="menuOption" 		value="2" />	    
	</definition>		
	
	<definition name="account.mlRequestConfirm" extends="ibank.mainLayout">
		<put name="title"  		value="Maintenance" />
<!--		<put name="menu"		value="news.menu" />-->
		<put name="body"		value="/jsp/account/mlRequestConfirm.jsp" />
		<put name="defaultForm" value="marginLendingForm" />
		<put name="helpMenu" 		value="Maintenance" />
	    <put name="helpFunction" 	value="MLending" />
	    <put name="helpSteps" 	value="Confirm" />
	    <put name="screenId" 	value="" />
        <put name="menuOption" 		value="2" />	    
	</definition>		
	<!--Margin Lending -->
	
	<!--Financial Year's Interest -->
	<!-- This jsp should have what do you want to do links -->
	<definition name="account.financialYearInterest" extends="ibank.mainLayout">
		<put name="title"		value="Financial Year&apos;s Interest" />
<!--		<put name="menu"		value="account.menu" />-->
		<put name="body"		value="/jsp/account/financialYearInterest.jsp" />
		<put name="whatNext" 	value="/jsp/common/whatNext.jsp" />
		<put name="defaultForm" value="financialYearInterestForm" />
		<put name="helpMenu" value="AccountInformation" />
		<put name="helpFunction" value="FinYrInterest" />
		<put name="helpSteps" value="Details" />
		<put name="screenId" 	value="" />
        <put name="menuOption" 		value="2" />	    
	</definition>	
	<!--Financial Year's Interest -->	
	
	<!-- Envelope printing -->
	<definition name="account.ocdEnvelope" extends="ibank.envelopeLayout">
		<put name="title"		value="Online Cheque Deposit Envelope" />
<!--		<put name="menu"		value="account.menu" />-->
		<put name="body"		value="/jsp/account/OCDEnvelope.jsp" />
		<put name="whatNext" 	value="/jsp/common/whatNext.jsp" />
		<put name="defaultForm" value="onlineChequeForm" />
		<put name="helpMenu" 		value="Cheque" />
	    <put name="helpFunction" 	value="OCD" />
	    <put name="helpSteps" 	value="Details" />
	    <put name="screenId" 	value="" />
        <put name="menuOption" 		value="2" />	    
	</definition>
	
		<!-- List of packages -->
	<definition name="account.packageList" extends="ibank.mainLayout">
		<put name="title"		value="My Package Information" />
<!--		<put name="menu"		value="account.menu" />-->
		<put name="body"		value="/jsp/account/listPackages.jsp" />
		<put name="defaultForm" value="packagingForm" />
		<put name="helpMenu" value="AccountInformation" />
		<put name="helpFunction" value="Pkg" />
		<put name="helpSteps" value="List" />
		<put name="screenId" 	value="" />
        <put name="menuOption" 		value="2" />	    
	</definition>	
	
	<!-- Ppackage details -->
	<definition name="account.packageDetails" extends="ibank.mainLayout">
		<put name="title"		value="My Package Information" />
<!--		<put name="menu"		value="account.menu" />-->
		<put name="whatNext" value="/jsp/common/whatNext.jsp" />
		<put name="body"		value="/jsp/account/packageDetails.jsp" />
		<put name="defaultForm" value="packagingForm" />
		<put name="helpMenu" value="AccountInformation" />
		<put name="helpFunction" value="Pkg" />
		<put name="helpSteps" value="Details" />
		<put name="screenId" 	value="" />
        <put name="menuOption" 		value="2" />	    
	</definition>
	<definition name="account.incCreditLimit" extends="ibank.mainLayout">
		<put name="defaultForm" 	value="creditLimitIncForm" />
		  <put name="title"  		value="Increase My Credit Limit" />
		  <put name="body"   		value="/jsp/account/increaseCreditLimit.jsp" />
<!--		  <put name="menu"   		value="parent.menu" />-->
		  <put name="helpMenu" 		value="AccountInformation" />
		  <put name="helpFunction" 	value="MyAccount" />
		  <put name="helpSteps" 	value="" />
		  <put name="screenId" 	value="" />
		   <put name="menuOption" 		value="2" />	    
  	</definition>
  	<!-- 12E4 CLI Changes -->
  	<definition name="account.maintainCLI" extends="ibank.mainLayout">
		<put name="defaultForm" 	value="creditLimitIncForm" />
		  <put name="title"  		value="Maintain my CLI Consent" />
		  <put name="body"   		value="/jsp/account/maintainCLIConsent.jsp" />
		  <put name="helpMenu" 		value="AccountInformation" />
		  <put name="helpFunction" 	value="MyAccount" />
		  <put name="helpSteps" 	value="" />
		  <put name="screenId" 	value="" />
		   <put name="menuOption" 		value="2" />	    
  	</definition>
  	<definition name="account.confirmCLI" extends="ibank.mainLayout">
		<put name="defaultForm" 	value="creditLimitIncForm" />
		  <put name="title"  		value="Confirm my CLI Consent" />
		  <put name="body"   		value="/jsp/account/confirmCLIConsent.jsp" />
		  <put name="helpMenu" 		value="AccountInformation" />
		  <put name="helpFunction" 	value="MyAccount" />
		  <put name="helpSteps" 	value="" />
		  <put name="screenId" 	value="" />
		   <put name="menuOption" 		value="2" />	    
  	</definition>
  	<definition name="account.CLICapturedYes" extends="ibank.mainLayout">
		<put name="defaultForm" 	value="creditLimitIncForm" />
		  <put name="title"  		value="Confirm my CLI Consent" />
		  <put name="body"   		value="/jsp/account/cliCapturedYes.jsp" />
		  <put name="whatNext" 	value="/jsp/common/whatNext.jsp" />
		  <put name="helpMenu" 		value="AccountInformation" />
		  <put name="helpFunction" 	value="MyAccount" />
		  <put name="helpSteps" 	value="" />
		  <put name="screenId" 	value="" />
		   <put name="menuOption" 		value="2" />	    
  	</definition>
  	<definition name="account.CLICapturedNo" extends="ibank.mainLayout">
		<put name="defaultForm" 	value="creditLimitIncForm" />
		  <put name="title"  		value="Confirm my CLI Consent" />
		  <put name="body"   		value="/jsp/account/cliCapturedNo.jsp" />
		  <put name="whatNext" 	value="/jsp/common/whatNext.jsp" />
		  <put name="helpMenu" 		value="AccountInformation" />
		  <put name="helpFunction" 	value="MyAccount" />
		  <put name="helpSteps" 	value="" />
		  <put name="screenId" 	value="" />
		   <put name="menuOption" 		value="2" />	    
  	</definition>
  	
	<definition name="account.incCreditLimitTAndC" extends="ibank.mainLayout">
		<put name="defaultForm" 	value="creditLimitIncForm" />
		  <put name="title"  		value="Increase My Credit Limit" />
		  <put name="body"   		value="/jsp/account/incCreditLimitTAndC.jsp" />
		  <put name="helpMenu" 		value="AccountInformation" />
		  <put name="helpFunction" 	value="MyAccount" />
		  <put name="helpSteps" 	value="" />
		  <put name="screenId" 	value="" />
		   <put name="menuOption" 		value="2" />	    
  	</definition>
  	
	<definition name="account.captureCLIConsent" extends="ibank.mainLayout">
		<put name="defaultForm" 	value="creditLimitIncForm" />
		  <put name="title"  		value="Increase My Credit Limit" />
		  <put name="body"   		value="/jsp/account/captureCLIConsent.jsp" />
		  <put name="helpMenu" 		value="AccountInformation" />
		  <put name="helpFunction" 	value="MyAccount" />
		  <put name="helpSteps" 	value="" />
		  <put name="screenId" 	value="" />
		   <put name="menuOption" 		value="2" />	    
  	</definition>  	
  	  	
	<definition name="account.incCreditLimtReceipt" extends="ibank.mainLayout">
		  <put name="defaultForm" 	value="creditLimitIncForm" />
		  <put name="title"  		value="Increase My Credit Limit" />
		  <put name="body"   		value="/jsp/account/increaseCreditLimitReceipt.jsp" />
<!--		  <put name="menu"   		value="parent.menu" />-->
		  <put name="whatNext" 		value="/jsp/common/whatNext.jsp" />
		  <put name="helpMenu" 		value="AccountInformation" />
		  <put name="helpFunction" 	value="MyAccount" />
		  <put name="helpSteps" 	value="" />
		  <put name="screenId" 	value="" />
		  <put name="menuOption" 		value="2" />	    
  </definition>


 <definition name="ibank.bt.accountDetails" extends="ibank.mainLayout">
	  <put name="title"  		value="BT Account Details" />
	  <put name="body"   		value="/jsp/account/viewBTAccountDetails.jsp" />
<!--	  <put name="menu"   		value="account.menu" />-->
      <put name="defaultForm" 	value="accountDetailForm" />
      <put name="whatNext" 		value="/jsp/common/whatNext.jsp" />
	  <put name="helpMenu" 		value="BTAccountInformation" />
	  <put name="helpFunction" 	value="MyBTAccounts" />
	  <put name="helpSteps" 	value="" />
	  <put name="screenId" 		value="btAccount" />
	  <put name="menuOption" 		value="2" />	    
  </definition>

  <definition name="account.maintenance.loanRedraw" extends="ibank.mainLayout">
	   <put name="title"  		value="Account Servicing" />
	  <put name="body"   		value="/jsp/account/loanRedraw.jsp" />
<!--	  <put name="menu"   		value="parent.menu" />-->
      <put name="defaultForm" 	value="baseForm" />
	  <put name="helpMenu" 		value="Maintenance" />
	  <put name="helpFunction" 	value="LoanRedraw" />
	  <put name="helpSteps" 	value="" />
  	  <put name="screenId" 		value="" />
	  <put name="menuOption" 		value="2" />	    
  </definition>
  <!-- Creditcard dispute changes -->
  <definition name="account.maintenance.disputeCcTrans" extends="ibank.mainLayout">
	   <put name="title"  		value="Account Servicing" />
	  <put name="body"   		value="/jsp/account/ccDisputeTandC.jsp" />
<!--	  <put name="menu"   		value="parent.menu" />-->
      <put name="defaultForm" 	value="baseForm" />
	  <put name="helpMenu" 		value="Maintenance" />
	  <put name="helpFunction" 	value="Chargeback" />
	  <put name="helpSteps" 	value="ImpInfo" />
  	  <put name="screenId" 		value="" />
	  <put name="menuOption" 		value="1" />	    
  </definition>
   <definition name="ibank.ccDisputeTandC" extends="ibank.mainLayout">
	   <put name="title"  		value="Account Servicing" />
	  <put name="body"   		value="/jsp/account/ccDisputeTandC.jsp" />
<!--	  <put name="menu"   		value="parent.menu" />-->
      <put name="defaultForm" 	value="ccDisputeForm" />
	  <put name="helpMenu" 		value="Maintenance" />
	  <put name="helpFunction" 	value="Chargeback" />
	  <put name="helpSteps" 	value="ImpInfo" />
  	  <put name="screenId" 		value="" />
	  <put name="menuOption" 		value="1" />	    
  </definition>
    
  <definition name="ibank.ccTranxSelection" extends="ibank.mainLayout">
	   <put name="title"  		value="Account Servicing" />
	  <put name="body"   		value="/jsp/account/ccDisputeTranxSelection.jsp" />
<!--	  <put name="menu"   		value="parent.menu" />-->
      <put name="defaultForm" 	value="ccDisputeForm" />
	  <put name="helpMenu" 		value="Maintenance" />
	  <put name="helpFunction" 	value="Chargeback" />
	  <put name="helpSteps" 	value="SelectTran" />
  	  <put name="screenId" 		value="tranSelection" />
	  <put name="menuOption" 		value="1" />	    
  </definition>
  <definition name="ibank.tranxList" extends="ibank.mainLayout">
	   <put name="title"  		value="Account Servicing" />
	  <put name="body"   		value="/jsp/account/ccDisputeTransactionList.jsp" />
<!--	  <put name="menu"   		value="parent.menu" />-->
      <put name="defaultForm" 	value="ccDisputeForm" />
	  <put name="helpMenu" 		value="Maintenance" />
	  <put name="helpFunction" 	value="Chargeback" />
	  <put name="helpSteps" 	value="EnterReason" />
  	  <put name="screenId" 		value="transList" />
	  <put name="menuOption" 		value="1" />	    
  </definition>
   <definition name="ibank.tranxConfirm" extends="ibank.mainLayout">
	   <put name="title"  		value="Account Servicing" />
	  <put name="body"   		value="/jsp/account/ccDisputeTransactionConfirm.jsp" />
<!--	  <put name="menu"   		value="parent.menu" />-->
      <put name="defaultForm" 	value="ccDisputeForm" />
	  <put name="helpMenu" 		value="Maintenance" />
	  <put name="helpFunction" 	value="Chargeback" />
	  <put name="helpSteps" 	value="Confirm" />
  	  <put name="screenId" 		value="transConfirm" />
	  <put name="menuOption" 		value="1" />	    
  </definition>
   <definition name="ibank.tranxReceipt" extends="ibank.mainLayout">
	   <put name="title"  		value="Account Servicing" />
	  <put name="body"   		value="/jsp/account/ccDisputeReceipt.jsp" />
<!--	  <put name="menu"   		value="parent.menu" />-->
      <put name="defaultForm" 	value="ccDisputeForm" />
	  <put name="helpMenu" 		value="Maintenance" />
	  <put name="helpFunction" 	value="Chargeback" />
	  <put name="helpSteps" 	value="Receipt" />
  	  <put name="screenId" 		value="transReceipt" />
	  <put name="menuOption" 		value="1" />	    
  </definition>
  <definition name="beneficiaries.list" extends="ibank.mainLayout">
	  <put name="title" value="Overseas Beneficiaries" />
	  <put name="body"   		value="/jsp/account/beneficiaryList.jsp" />
<!--	  <put name="menu"   		value="payments.menu" />-->
	  <put name="whatNext" 		value="/jsp/common/whatNext.jsp" />
      <put name="defaultForm" 	value="beneficiaryListForm" />
	  <put name="helpMenu" 		value="TransferandPayment" />
	  <put name="helpFunction" 	value="Beneficiaries" />
	  <put name="helpSteps" 	value="List" />
	  <put name="screenId" 		value="beneficiaryList" />
	  <put name="menuOption" 		value="1" />	    
  </definition>
<definition name="beneficiaries.details" extends="ibank.mainLayout">
	  <put name="title" value="Overseas Beneficiaries" />
	  <put name="body"   		value="/jsp/account/beneficiaryDetails.jsp" />
<!--	  <put name="menu"   		value="payments.menu" />-->
      <put name="defaultForm" 	value="beneficiaryListForm" />
	  <put name="helpMenu" 		value="TransferandPayment" />
	  <put name="helpFunction" 	value="Beneficiaries" />
	  <put name="helpSteps" 	value="Details" />
	  <put name="screenId" 		value="beneficiaryDetails" />
	  <put name="menuOption" 		value="1" />	    
  </definition>
  <definition name="beneficiaries.delete" extends="ibank.mainLayout">
	  <put name="title" value="Overseas Beneficiaries" />
	  <put name="body"   		value="/jsp/account/beneficiaryDelete.jsp" />
<!--	  <put name="menu"   		value="payments.menu" />-->
      <put name="defaultForm" 	value="beneficiaryListForm" />
	  <put name="helpMenu" 		value="TransferandPayment" />
	  <put name="helpFunction" 	value="Beneficiaries" />
	  <put name="helpSteps" 	value="Delete" />
	  <put name="screenId" 		value="beneficiaryDelete" />
	  <put name="menuOption" 		value="1" />	    
  </definition>
  
  	<definition name="creditcard.productTransferInfo.tile" extends="ibank.ccTNCLayout">		
		<put name="title" value="Transfers &amp; Payments" />
		<put name="body" value="/jsp/account/productTransferInfo.jsp" />
		<put name="defaultForm" value="accountDetailForm" />
	  <put name="helpMenu" 		value="AccountInformation" />
	  <put name="helpFunction" 	value="MyAccount" />
	  <put name="helpSteps" 	value="Notes" />
	  <put name="screenId" 		value="" />
	   <put name="menuOption" 		value="1" />	    
	</definition>
	<definition name="tda.account.inst" extends="ibank.mainLayout">		
	  <put name="title" value="My Account Details" />
	  <put name="body" value="/jsp/account/tdaAccountPayInst.jsp" />
<!--	  <put name="menu"   		value="account.menu" />-->
	  <put name="defaultForm" value="accountDetailForm" />
	  <put name="helpMenu" 		value="AccountInformation" />
	  <put name="helpFunction" 	value="MyAccount" />
	  <put name="helpSteps" 	value="Notes" />
	  <put name="screenId" 		value="accountDetails" />
	  	  <put name="menuOption" 		value="2" />	    
	   
	</definition>
	

	
	<definition name="lost.card.select.tile" extends="ibank.mainLayout">		
	  <put name="title" value="Account Servicing"/>
	  <put name="body" value="/jsp/account/lostCardSelect.jsp" />
<!--	  <put name="menu"   		value="parent.menu" />-->
	  <put name="defaultForm" value="lostCardsForm" />
	  <put name="helpMenu" 		value="Maintenance" />
	  <put name="helpFunction" 	value="LostCard" />
	  <put name="helpSteps" 	value="AcctList" />
	  <put name="screenId" 		value="reportCardLossSelect" />
	  	  <put name="menuOption" 		value="2" />	    
	   
	</definition>
	
	<definition name="lost.card.details.tile" extends="ibank.mainLayout">		
	  <put name="title" value="Account Servicing"/>
	  <put name="body" value="/jsp/account/lostCardDetails.jsp" />
<!--	  <put name="menu"   		value="parent.menu" />-->
	  <put name="defaultForm" value="lostCardsForm" />
	  <put name="helpMenu" 		value="Maintenance" />
	  <put name="helpFunction" 	value="LostCard" />
	  <put name="helpSteps" 	value="Details" />
	  <put name="screenId" 		value="reportCardLossDetails" />
	  	  <put name="menuOption" 		value="2" />	    
	   
	</definition>
	
	<definition name="lost.card.confirm.tile" extends="ibank.mainLayout">		
	  <put name="title" value="Account Servicing"/>
	  <put name="body" value="/jsp/account/lostCardConfirm.jsp" />
<!--	  <put name="menu"   		value="parent.menu" />-->
	  <put name="defaultForm" value="lostCardsForm" />
	  <put name="helpMenu" 		value="Maintenance" />
	  <put name="helpFunction" 	value="LostCard" />
	  <put name="helpSteps" 	value="Confirm" />
	  <put name="screenId" 		value="reportCardLossConfirm" />
	  	  <put name="menuOption" 		value="2" />	    
	   
	</definition>
	
	<definition name="lost.card.receipt.tile" extends="ibank.mainLayout">		
	  <put name="title" value="Account Servicing"/>
	  <put name="body" value="/jsp/account/lostCardReceipt.jsp" />
<!--	  <put name="menu"   		value="parent.menu" />-->
	  <put name="defaultForm" value="lostCardsForm" />
	  <put name="whatNext" value="/jsp/common/whatNext.jsp" />
	  <put name="helpMenu" 		value="Maintenance" />
	  <put name="helpFunction" 	value="LostCard" />
	  <put name="helpSteps" 	value="Receipt" />
	  <put name="screenId" 		value="reportCardLossReceipt" />
  	  <put name="menuOption" 		value="2" />	    
	</definition>

	<definition name="lost.card.background.system.error" extends="ibank.mainLayout">		
	  <put name="title" value="Account Servicing"/>
	  <put name="body" value="/jsp/account/lostCardError.jsp" />
<!--	  <put name="menu"   		value="parent.menu" />-->
	  <put name="defaultForm" value="lostCardsForm" />
	  <put name="helpMenu" 		value="Maintenance" />
	  <put name="helpFunction" 	value="LostCard" />
	  <put name="helpSteps" 	value="" />
	  <put name="screenId" 		value="reportCardLossError" />
  	  <put name="menuOption" 		value="2" />	    
	</definition>

  <definition name="acct.open.error" extends="ibank.mainLayout">
	  <put name="title"  		value="Open New Accounts" />
	  <put name="body"   		value="/jsp/error/simplerError.jsp" />
<!--	  <put name="menu"   		value="newaccounts.menu" />-->
      <put name="defaultForm" 	value="newDDAForm" />
	  <put name="menuOption" 		value="3" />	    
  </definition>

	
</tiles-definitions>

 