<!DOCTYPE tiles-definitions PUBLIC
       "-//Apache Software Foundation//DTD Tiles Configuration 1.3//EN"
       "http://struts.apache.org/dtds/tiles-config_1_3.dtd">

<!-- Definitions for IBank EBP access   -->

<tiles-definitions>
  <!-- BPay View/EBP tile layout -->
  <definition name="ebp.tile" extends="ibank.mainLayout">
<!--    <put name="menu" value="bpay.menu" />-->
    <put name="title" value="BPAY View" />
     <put name="menuOption" 		value="1" />  
  </definition>

  <!-- Register Biller Page: -->
  <definition name="ebp.registerBiller.tile" extends="ebp.tile">
<!--    <put name="title" value="Register a New Biller" />-->
    <put name="body" value="/jsp/ebp/registerBiller.jsp" />
    <put name="defaultForm" value="registerBillerForm" />
      <put name="helpMenu" 		value="EBP" />
      <put name="helpFunction" 	value="Register" />
      <put name="helpSteps" 	value="" />   
      <put name="screenId" 		value="" />
  </definition>

  <!-- Register Biller Menu Page: -->
  <definition name="ebp.registerBiller.menu.tile" extends="ebp.registerBiller.tile">
<!--    <put name="title" value="Register a New Biller" />-->
    <put name="body" value="/jsp/ebp/registerBillerMenu.jsp" />
<!--    <put name="menu" value="bpay.menu" />-->
      <put name="helpMenu" 		value="EBP" />
      <put name="helpFunction" 	value="Register" />
      <put name="helpSteps" 	value="Menu" />   
      <put name="screenId" 		value="ebpRegisterMenu" />          
  </definition>

  <!-- Register Biller Details Page: -->
  <definition name="ebp.registerBiller.detail.tile" extends="ebp.registerBiller.tile">
  <!--  <put name="title" value="Register a New Biller" />-->
    <put name="body" value="/jsp/ebp/registerBillerDetail.jsp" />
<!--    <put name="menu" value="bpay.menu" />-->
      <put name="helpMenu" 		value="EBP" />
      <put name="helpFunction" 	value="Register" />
      <put name="helpSteps" 	value="Details" /> 
      <put name="screenId" 		value="ebpRegister" />            
  </definition>

  <!-- Register Biller Confirm Page: -->
  <!-- This jsp should have what do you want to do links -->
  <definition name="ebp.registerBiller.confirm.tile" extends="ebp.registerBiller.tile">
    <!--<put name="title" value="Register a New Biller" />-->
    <put name="body" value="/jsp/ebp/registerBiller.jsp" />
    <put name="whatNext" value="/jsp/common/whatNext.jsp" />
<!--    <put name="menu" value="bpay.menu" />-->
      <put name="helpMenu" 		value="EBP" />
      <put name="helpFunction" 	value="Register" />
      <put name="helpSteps" 	value="Confirm" />  
      <put name="screenId" 		value="ebpRegisterConfirm" />           
  </definition>

  <!-- Cancel Biller Page: -->
  <definition name="ebp.cancelBiller.tile" extends="ebp.tile">
   <!-- <put name="title" value="Cancel a Biller" />-->
    <put name="body" value="/jsp/ebp/cancelBpayBiller.jsp" />
    <put name="defaultForm" value="cancelBpayBillerForm" />
    <put name="whatNext" value="/jsp/common/whatNext.jsp" />
<!--    <put name="menu" value="bpay.menu" />-->
      <put name="helpMenu" 		value="EBP" />
      <put name="helpFunction" 	value="Biller" />
      <put name="helpSteps" 	value="Cancel" />
      <put name="screenId" 		value="" />       
  </definition>

  <!-- Cancel Biller Details Page: -->
   <!-- This jsp should have what do you want to do links -->
  <definition name="ebp.cancelBiller.confirm.tile" extends="ebp.cancelBiller.tile">
    <!--<put name="title" value="Cancel a Biller" />-->
    <put name="body" value="/jsp/ebp/cancelBpayBillerConfirm.jsp" />
    <put name="whatNext" value="/jsp/common/whatNext.jsp" />
<!--    <put name="menu" value="bpay.menu" />-->
      <put name="helpMenu" 		value="EBP" />
      <put name="helpFunction" 	value="Biller" />
      <put name="helpSteps" 	value="CancelConfirm" />  
      <put name="screenId" 		value="ebpCancelBiller" />           
  </definition>

  <!-- View Bill Summaries Page: -->
  <definition name="ebp.billSummaries.tile" extends="ebp.tile">
   <!-- <put name="title" value="View My Bills" />-->
    <put name="body" value="/jsp/ebp/viewBillSummaries.jsp" />
    <put name="defaultForm" value="viewBillSummariesForm" />
    <put name="whatNext" value="/jsp/common/whatNext.jsp" />
<!--    <put name="menu" value="bpay.menu" />-->
      <put name="helpMenu" 		value="EBP" />
      <put name="helpFunction" 	value="Biller" />
      <put name="helpSteps" 	value="View" />  
      <put name="screenId" 		value="" />           
  </definition>

  <!-- Set BPay View Options Page: -->
  <definition name="ebp.setEBPOptions.tile" extends="ebp.tile">
   <!-- <put name="title" value="Update My Notification Options" />-->
    <put name="body" value="/jsp/ebp/bpayBillerOptions.jsp" />
    <put name="defaultForm" value="bpayBillerOptionsForm" />
    <put name="whatNext" value="/jsp/common/whatNext.jsp" />
<!--    <put name="menu" value="bpay.menu" />-->
      <put name="helpMenu" 		value="EBP" />
      <put name="helpFunction" 	value="Biller" />
      <put name="helpSteps" 	value="Options" />  
      <put name="screenId" 		value="" />           
  </definition>

  <!-- View Registered Billers Page: -->
  <!-- This jsp should have what do you want to do links -->
  <definition name="ebp.viewRegisteredBillers.tile" extends="ebp.tile">
   <!-- <put name="title" value="View Registered Billers" />-->
    <put name="body" value="/jsp/ebp/viewRegisteredBillers.jsp" />
    <put name="whatNext" value="/jsp/common/whatNext.jsp" />
    <put name="defaultForm" value="viewRegisteredBillersForm" />
<!--    <put name="menu" value="bpay.menu" />-->
      <put name="helpMenu" 		value="EBP" />
      <put name="helpFunction" 	value="Register" />
      <put name="helpSteps" 	value="View" /> 
      <put name="screenId" 		value="" />            
  </definition>

  <!-- Register for BPay View Page: -->
  <definition name="ebp.registerBPayView.tile" extends="ebp.tile">
    <put name="title" value="BPAY View" />
    <put name="body" value="/jsp/ebp/registerBpayView.jsp" />
    <put name="defaultForm" value="registerBillerForm" />
<!--    <put name="menu" value="bpay.menu" />-->
      <put name="helpMenu" 		value="EBP" />
      <put name="helpFunction" 	value="Register" />
      <put name="helpSteps" 	value="" />  
      <put name="screenId" 		value="" />           
  </definition>

  <!-- Register for BPay View - Terms and Conditions Page: -->
  <definition name="ebp.registerBPayView.TnC.tile" extends="ebp.registerBPayView.tile">
<!--    <put name="title" value="BPAY View via BPAY View" />-->
    <put name="defaultForm" value="registerBillerForm" />
    <put name="body" value="/jsp/ebp/registerBpayViewTnC.jsp" />
      <put name="helpMenu" 		value="EBP" />
      <put name="helpFunction" 	value="Register" />
      <put name="helpSteps" 	value="TNC" />  
      <put name="screenId" 		value="" />           
  </definition>

  <!-- Register for BPay View - Terms and Conditions Page: -->
  <definition name="ebp.registerBPayView.fail.tile" extends="ebp.registerBPayView.tile">
<!--    <put name="title" value="BPAY View via BPAY View" />-->
    <put name="body" value="/jsp/ebp/registerBpayViewFail.jsp" />
    <put name="defaultForm" value="registerBillerForm" />
      <put name="helpMenu" 		value="EBP" />
      <put name="helpFunction" 	value="Register" />
      <put name="helpSteps" 	value="Error" /> 
      <put name="screenId" 		value="" />            
  </definition>

  <!-- Set BPayView options - Terms and Conditions Page: Not Used-->
  <definition name="ebp.setBPayOptions.TnC.tile" extends="ebp.registerBPayView.tile">
    <put name="title" value="Update My Notification Options" />
    <put name="body" value="/jsp/ebp/registerBpayViewTnC.jsp" />
    <put name="defaultForm" value="bpayBillerOptionsForm" />
      <put name="helpMenu" 		value="EBP" />
      <put name="helpFunction" 	value="Register" />
      <put name="helpSteps" 	value="TNC" />      
      <put name="screenId" 		value="" />       
  </definition>

  <!-- Set BPay Bill Summaries - Terms and Conditions Page: -->
  <definition name="ebp.billSummaries.TnC.tile" extends="ebp.registerBPayView.tile">
<!--    <put name="title" value="BPAY View via BPAY View" />-->
    <put name="body" value="/jsp/ebp/registerBpayViewTnC.jsp" />
    <put name="defaultForm" value="viewBillSummariesForm" />
      <put name="helpMenu" 		value="EBP" />
      <put name="helpFunction" 	value="Register" />
      <put name="helpSteps" 	value="TNC" />   
      <put name="screenId" 		value="" />          
  </definition>

  <!-- Set Cancel BPay View Biller - Terms and Conditions Page: -->
  <definition name="ebp.cancelBiller.TnC.tile" extends="ebp.registerBPayView.tile">
   <!-- <put name="title" value="BPAY View via BPAY View" /> -->
    <put name="body" value="/jsp/ebp/registerBpayViewTnC.jsp" />
    <put name="defaultForm" value="cancelBpayBillerForm" />
      <put name="helpMenu" 		value="EBP" />
      <put name="helpFunction" 	value="Register" />
      <put name="helpSteps" 	value="TNC" />  
      <put name="screenId" 		value="" />           
  </definition>


  <!-- Payment BPay Bill Page: -->
  <definition name="ebp.EBPay.listAccounts.tile" extends="payment.tile">
    <put name="title" value="BPAY View" />
    <put name="body" value="/jsp/ebp/payEBPBill.jsp" />
    <put name="defaultForm" value="payBpayBillForm" />
<!--    <put name="menu" value="parent.menu" />-->
      <put name="helpMenu" 		value="EBP" />
      <put name="helpFunction" 	value="Payment" />
      <put name="helpSteps" 	value="SelectAcct" /> 
      <put name="screenId" 		value="" />            
  </definition>

  <!-- Payment BPay Bill Details Page: -->
  <definition name="ebp.EBPay.detail.tile" extends="payment.bpay.tile">
    <put name="title" value="BPAY View" />
    <put name="body" value="/jsp/ebp/payEBPBillDetails.jsp" />
      <put name="helpMenu" 		value="EBP" />
      <put name="helpFunction" 	value="Payment" />
      <put name="helpSteps" 	value="Details" />  
      <put name="screenId" 		value="ebpDetails" />           
  </definition>

  <!-- Payment BPay Bill Confirm Page: -->
  <definition name="ebp.EBPay.confirm.tile" extends="payment.bpay.tile">
    <put name="title" value="BPAY View" />
    <put name="body" value="/jsp/ebp/payEBPBillConfirm.jsp" />
      <put name="helpMenu" 		value="EBP" />
      <put name="helpFunction" 	value="Payment" />
      <put name="helpSteps" 	value="Confirm" /> 
      <put name="screenId" 		value="ebpConfirm" />            
  </definition>

<!-- Payment BPay Bill duplicate Confirm Page: -->
  <definition name="ebp.EBPay.duplicate.tile" extends="payment.bpay.tile">
    <put name="title" value="BPAY View" />
    <put name="body" value="/jsp/ebp/payEBPBillDuplicate.jsp" />
      <put name="helpMenu" 		value="EBP" />
      <put name="helpFunction" 	value="Payment" />
      <put name="helpSteps" 	value="Confirm" /> 
      <put name="screenId" 		value="ebpDuplicate" />            
  </definition>

  <!-- Payment BPay Bill Recipt Page: -->
  <definition name="ebp.EBPay.receipt.tile" extends="payment.bpay.tile">
    <put name="title" value="BPAY View" />
    <put name="body" value="/jsp/ebp/payEBPBillReceipt.jsp" />
    <put name="whatNext" value="/jsp/common/whatNext.jsp" />
      <put name="helpMenu" 		value="EBP" />
      <put name="helpFunction" 	value="Payment" />
      <put name="helpSteps" 	value="Receipt" />
      <put name="screenId" 		value="" />             
  </definition>


  <!-- Payment BPay Bill Schedule Page: -->
  <definition name="ebp.EBPay.schedule.tile" extends="payment.bpay.tile">
    <put name="title" value="BPAY View" />
    <put name="body" value="/jsp/ebp/payEBPBillSchedule.jsp" />
      <put name="helpMenu" 		value="EBP" />
      <put name="helpFunction" 	value="Payment" />
      <put name="helpSteps" 	value="Schedule" />  
      <put name="screenId" 		value="ebpSchedule" />           
  </definition>
  <!-- Payment BPay Bill Schedule Confirm Page: -->
  <definition name="ebp.EBPay.scheduleConfirm.tile" extends="payment.bpay.tile">
    <put name="title" value="BPAY View" />
    <put name="body" value="/jsp/ebp/payEBPBillScheduleConfirm.jsp" />
      <put name="helpMenu" 		value="EBP" />
      <put name="helpFunction" 	value="Payment" />
      <put name="helpSteps" 	value="BpayConfirm" /> 
      <put name="screenId" 		value="ebpBpayConfirm" />            
  </definition>
  <!-- Payment BPay Bill Schedule Receipt Page: -->
  <definition name="ebp.EBPay.scheduleReceipt.tile" extends="payment.bpay.tile">
    <put name="title" value="BPAY View" />
    <put name="body" value="/jsp/ebp/payEBPBillScheduleReceipt.jsp" />
    <put name="whatNext" value="/jsp/common/whatNext.jsp" />
      <put name="helpMenu" 		value="EBP" />
      <put name="helpFunction" 	value="Payment" />
      <put name="helpSteps" 	value="Receipt" /> 
      <put name="screenId" 		value="" />            
  </definition>
  <!-- Telstra page -->
  <definition name="ibank.registerBPayViewPopup" extends="ibank.vanillaLayout">
    <put name="title" value="Important information" />
    <put name="body" value="/jsp/ebp/registerBPayViewPopup.jsp" />
      <put name="helpMenu" 		value="EBP" />
      <put name="helpFunction" 	value="Register" />
      <put name="helpSteps" 	value="Notes" />   
      <put name="screenId" 		value="" />    
  </definition>

</tiles-definitions>