<!DOCTYPE tiles-definitions PUBLIC
       "-//Apache Software Foundation//DTD Tiles Configuration 1.3//EN"
       "http://struts.apache.org/dtds/tiles-config_1_3.dtd">

<!-- Definitions for IBank Tools access   -->

<tiles-definitions>

	<!-- SMS Alert --> 
	<definition name="sms.Layout" extends="ibank.mainLayout">
		<put name="title" value="SMS &amp; Email Alerts Registration" />
      	<put name="menuOption" 		value="5" /> 
	</definition>

	<definition name="ibank.smsApply" extends="sms.Layout">
		<put name="title" value="SMS &amp; Email Alerts Registration" />
		<put name="body" value="/jsp/sms/applySMSAlert.jsp" />
<!--		<put name="menu" value="smsalerts.menu" />-->
		<put name="defaultForm" value="smsAlertApplicationForm" />
      <put name="helpMenu" 		value="SMSAlert" />
      <put name="helpFunction" 	value="SMSApply" />
      <put name="helpSteps" 	value="" /> 
      <put name="screenId" 		value="" />   		
	</definition>
<definition name="ibank.smsMaintainApply" extends="sms.Layout">
		<put name="title" value="My Registration Details" />
		<put name="body" value="/jsp/sms/applySMSAlert.jsp" />
<!--		<put name="menu" value="smsalerts.menu" />-->
		<put name="defaultForm" value="smsAlertApplicationForm" />
      <put name="helpMenu" 		value="SMSAlert" />
      <put name="helpFunction" 	value="SMSApply" />
      <put name="helpSteps" 	value="" />   
      <put name="screenId" 		value="" />  		
	</definition>

	<definition name="ibank.smsUnavailable" extends="sms.Layout">
		<put name="title" value="SMS &amp; Email Alerts Registration" />
		<put name="body" value="/jsp/sms/applySMSAlert.jsp" />
<!--		<put name="menu" value="news.menu" />-->
		<put name="defaultForm" value="smsAlertApplicationForm" />
      <put name="helpMenu" 		value="SMSAlert" />
      <put name="helpFunction" 	value="SMSApply" />
      <put name="helpSteps" 	value="Error" />   
      <put name="screenId" 		value="" />  		
	</definition>
	
	<!-- defect-620 -->
  <definition name="ibank.smsTNCLayout" path="/jsp/common/extendedLayout.jsp">
	  <put name="title"  		value="Terms and Conditions" />
	  <put name="header" 		value="/jsp/common/header.jsp" />
<!--	  <put name="menu"   		value="/jsp/common/blankMenu.jsp" />-->
	  <put name="whatNext" 		value="/jsp/common/whatNextBlank.jsp" />
	  <put name="footer" 		value="/jsp/common/footer.jsp" />
	  <put name="body"   		value="/jsp/common/body.jsp" />
  	  <put name="toolsbar"      value="/jsp/common/blankToolsbar.jsp" />
  	  <put name="defaultForm" 	value="baseForm" />
  </definition>
  	
	<definition name="ibank.smsTNC" extends="ibank.smsTNCLayout" >
		<put name="title" value="Terms and Conditions" />
		<put name="body" value="/jsp/sms/smsTnC.jsp" />
		<put name="defaultForm" value="smsAlertApplicationForm" />
      <put name="helpMenu" 		value="SMSAlert" />
      <put name="helpFunction" 	value="SMSApply" />
      <put name="helpSteps" 	value="TNC" />
      <put name="screenId" 		value="" />     		
	</definition>
	
	<definition name="ibank.smsApplyConfirm" extends="sms.Layout">
		<put name="title" value="My Registration Details" />
		<put name="body" value="/jsp/sms/confirmApplySMSAlert.jsp" />
<!--		<put name="menu" value="smsalerts.menu" />-->
		<put name="defaultForm" value="smsAlertApplicationForm" />
      <put name="helpMenu" 		value="SMSAlert" />
      <put name="helpFunction" 	value="SMSApply" />
      <put name="helpSteps" 	value="ApplyConfirm" /> 
      <put name="screenId" 		value="smsApplyConfirm" />    		
	</definition>
<definition name="ibank.smsRegisterDetails" extends="sms.Layout">
		<put name="title" value="My Registration Details" />
		<put name="body" value="/jsp/sms/confirmApplySMSAlert.jsp" />
<!--		<put name="menu" value="smsalerts.menu" />-->
		<put name="defaultForm" value="smsAlertApplicationForm" />
      <put name="helpMenu" 		value="SMSAlert" />
      <put name="helpFunction" 	value="SMSApply" />
      <put name="helpSteps" 	value="RegDetails" />  
      <put name="screenId" 		value="" />   		
	</definition>
	  <!-- add this in order to get the menu subon -->
	<definition name="ibank.smsDeactivateConfirm" extends="sms.Layout">
		<put name="title" value="Deactivate My Alerts Access" />
		<put name="body" value="/jsp/sms/confirmApplySMSAlert.jsp" />
<!--		<put name="menu" value="smsalerts.menu" />-->
		<put name="defaultForm" value="smsAlertApplicationForm" />
      <put name="helpMenu" 		value="SMSAlert" />
      <put name="helpFunction" 	value="SMSApply" />
      <put name="helpSteps" 	value="DeactiveConfirm" /> 
      <put name="screenId" 		value="" />    		
	</definition>
    <!-- This jsp should have what do you want to do links -->
	<definition name="ibank.smsApplyReceipt" extends="sms.Layout">
		<put name="title" value="SMS &amp; Email Alerts" />
		<put name="body" value="/jsp/sms/receiptApplySMSAlert.jsp" />
<!--		<put name="whatNext" value="/jsp/common/whatNext.jsp" />-->
<!--		<put name="menu" value="smsalerts.menu" />-->
		<put name="defaultForm" value="smsAlertApplicationForm" />
      <put name="helpMenu" 		value="SMSAlert" />
      <put name="helpFunction" 	value="SMSApply" />
      <put name="helpSteps" 	value="Receipt" />    
      <put name="screenId" 		value="" /> 		
	</definition>
	<!-- add for submenu on -->
	<definition name="ibank.smsDeactivateReceipt" extends="sms.Layout">
		<put name="title" value="Deactivate My Alerts Access" />
		<put name="body" value="/jsp/sms/receiptApplySMSAlert.jsp" />
<!--		<put name="whatNext" value="/jsp/common/whatNext.jsp" />-->
<!--		<put name="menu" value="smsalerts.menu" />-->
		<put name="defaultForm" value="smsAlertApplicationForm" />
      <put name="helpMenu" 		value="SMSAlert" />
      <put name="helpFunction" 	value="SMSApply" />
      <put name="helpSteps" 	value="Receipt" />   
      <put name="screenId" 		value="" />  		
	</definition>
	<!-- add for submenu on -->
		<definition name="ibank.smsMaintainReceipt" extends="sms.Layout">
		<put name="title" value="My Registration Details" />
		<put name="body" value="/jsp/sms/receiptApplySMSAlert.jsp" />
<!--		<put name="whatNext" value="/jsp/common/whatNext.jsp" />-->
<!--		<put name="menu" value="smsalerts.menu" />-->
		<put name="defaultForm" value="smsAlertApplicationForm" />
      <put name="helpMenu" 		value="SMSAlert" />
      <put name="helpFunction" 	value="SMSApply" />
      <put name="helpSteps" 	value="Receipt" />
      <put name="screenId" 		value="" />     		
	</definition>
	<definition name="ibank.createAlert" extends="sms.Layout">
		<put name="title" value="Create an Alert" />
		<put name="body" value="/jsp/sms/createAlert.jsp" />
<!--		<put name="menu" value="smsalerts.menu" />-->
		<put name="defaultForm" value="maintainSMSAlertsForm" />
      <put name="helpMenu" 		value="SMSAlert" />
      <put name="helpFunction" 	value="Alert" />
      <put name="helpSteps" 	value="Create" />   
      <put name="screenId" 		value="" />  		
	</definition>

	<definition name="ibank.createBalAlert" extends="sms.Layout">
		<put name="title" value="Create an Alert" />
		<put name="body" value="/jsp/sms/createAlert.jsp" />
<!--		<put name="menu" value="smsalerts.menu" />-->
		<put name="defaultForm" value="maintainSMSAlertsForm" />
      <put name="helpMenu" 		value="SMSAlert" />
      <put name="helpFunction" 	value="Alert" />
      <put name="helpSteps" 	value="CreateBalAlert" /> 
      <put name="screenId" 		value="" />    		
	</definition>

	<definition name="ibank.createWithAlert" extends="sms.Layout">
		<put name="title" value="Create an Alert" />
		<put name="body" value="/jsp/sms/createAlert.jsp" />
<!--		<put name="menu" value="smsalerts.menu" />-->
		<put name="defaultForm" value="maintainSMSAlertsForm" />
      <put name="helpMenu" 		value="SMSAlert" />
      <put name="helpFunction" 	value="Alert" />
      <put name="helpSteps" 	value="CreateWithAlert" />  
      <put name="screenId" 		value="" />   		
	</definition>

	<definition name="ibank.createDepAlert" extends="sms.Layout">
		<put name="title" value="Create an Alert" />
		<put name="body" value="/jsp/sms/createAlert.jsp" />
<!--		<put name="menu" value="smsalerts.menu" />-->
		<put name="defaultForm" value="maintainSMSAlertsForm" />
      <put name="helpMenu" 		value="SMSAlert" />
      <put name="helpFunction" 	value="Alert" />
      <put name="helpSteps" 	value="CreateDepAlert" /> 
      <put name="screenId" 		value="" />    		
	</definition>

	<definition name="ibank.createLowBalAlert" extends="sms.Layout">
		<put name="title" value="Create an Alert" />
		<put name="body" value="/jsp/sms/createAlert.jsp" />
<!--		<put name="menu" value="smsalerts.menu" />-->
		<put name="defaultForm" value="maintainSMSAlertsForm" />
      <put name="helpMenu" 		value="SMSAlert" />
      <put name="helpFunction" 	value="Alert" />
      <put name="helpSteps" 	value="CreateLowBalAlert" />    
      <put name="screenId" 		value="" /> 		
	</definition>

	<definition name="ibank.createHighBalAlert" extends="sms.Layout">
		<put name="title" value="Create an Alert" />
		<put name="body" value="/jsp/sms/createAlert.jsp" />
<!--		<put name="menu" value="smsalerts.menu" />-->
		<put name="defaultForm" value="maintainSMSAlertsForm" />
      <put name="helpMenu" 		value="SMSAlert" />
      <put name="helpFunction" 	value="Alert" />
      <put name="helpSteps" 	value="CreateHighBalAlert" />  
      <put name="screenId" 		value="" />   		
	</definition>

	
	<definition name="ibank.confirmCreateAlert" extends="sms.Layout">
		<put name="title" value="Create an Alert" />
		<put name="body" value="/jsp/sms/confirmCreateSMSAlert.jsp" />
<!--		<put name="menu" value="smsalerts.menu" />-->
		<put name="defaultForm" value="maintainSMSAlertsForm" />
      <put name="helpMenu" 		value="SMSAlert" />
      <put name="helpFunction" 	value="Alert" />
      <put name="helpSteps" 	value="CreateConfirm" /> 
      <put name="screenId" 		value="smsCreateConfirm" />    		
	</definition>

	<definition name="ibank.confirmBalAlert" extends="sms.Layout">
		<put name="title" value="Create an Alert" />
		<put name="body" value="/jsp/sms/confirmCreateSMSAlert.jsp" />
<!--		<put name="menu" value="smsalerts.menu" />-->
		<put name="defaultForm" value="maintainSMSAlertsForm" />
      <put name="helpMenu" 		value="SMSAlert" />
      <put name="helpFunction" 	value="Alert" />
      <put name="helpSteps" 	value="CreateConfirmBalAlert" />  
      <put name="screenId" 		value="smsBalAlert" />   		
	</definition>

	<definition name="ibank.confirmWithAlert" extends="sms.Layout">
		<put name="title" value="Create an Alert" />
		<put name="body" value="/jsp/sms/confirmCreateSMSAlert.jsp" />
<!--		<put name="menu" value="smsalerts.menu" />-->
		<put name="defaultForm" value="maintainSMSAlertsForm" />
      <put name="helpMenu" 		value="SMSAlert" />
      <put name="helpFunction" 	value="Alert" />
      <put name="helpSteps" 	value="CreateConfirmWithAlert" /> 
      <put name="screenId" 		value="smsWithAlert" />    		
	</definition>

	<definition name="ibank.confirmDepAlert" extends="sms.Layout">
		<put name="title" value="Create an Alert" />
		<put name="body" value="/jsp/sms/confirmCreateSMSAlert.jsp" />
<!--		<put name="menu" value="smsalerts.menu" />-->
		<put name="defaultForm" value="maintainSMSAlertsForm" />
      <put name="helpMenu" 		value="SMSAlert" />
      <put name="helpFunction" 	value="Alert" />
      <put name="helpSteps" 	value="CreateConfirmDepAlert" />  
      <put name="screenId" 		value="smsDepAlert" />   		
	</definition>

	<definition name="ibank.confirmLowBalAlert" extends="sms.Layout">
		<put name="title" value="Create an Alert" />
		<put name="body" value="/jsp/sms/confirmCreateSMSAlert.jsp" />
<!--		<put name="menu" value="smsalerts.menu" />-->
		<put name="defaultForm" value="maintainSMSAlertsForm" />
      <put name="helpMenu" 		value="SMSAlert" />
      <put name="helpFunction" 	value="Alert" />
      <put name="helpSteps" 	value="CreateConfirmLowBalAlert" />   
      <put name="screenId" 		value="smsLowBalAlert" />  		
	</definition>

	<definition name="ibank.confirmHighBalALert" extends="sms.Layout">
		<put name="title" value="Create an Alert" />
		<put name="body" value="/jsp/sms/confirmCreateSMSAlert.jsp" />
<!--		<put name="menu" value="smsalerts.menu" />-->
		<put name="defaultForm" value="maintainSMSAlertsForm" />
      <put name="helpMenu" 		value="SMSAlert" />
      <put name="helpFunction" 	value="Alert" />
      <put name="helpSteps" 	value="CreateConfirmHighBalALert" />
      <put name="screenId" 		value="smsHighBalAlert" />     		
	</definition>

	
	<!-- This jsp should have what do you want to do links -->
	<!-- add for submenu on -->
	<definition name="ibank.maintainAlertReceipt" extends="sms.Layout">
		<put name="title" value="SMS &amp; Email Alerts" />
		<put name="body" value="/jsp/sms/maintainAlertReceipt.jsp" />
		<put name="whatNext" value="/jsp/common/whatNext.jsp" />
<!--		<put name="menu" value="smsalerts.menu" />-->
		<put name="defaultForm" value="maintainSMSAlertsForm" />
      <put name="helpMenu" 		value="SMSAlert" />
      <put name="helpFunction" 	value="Alert" />
      <put name="helpSteps" 	value="Receipt" />   
      <put name="screenId" 		value="" />  		
	</definition>

	<definition name="ibank.maintainBalAlertReceipt" extends="sms.Layout">
		<put name="title" value="SMS &amp; Email Alerts" />
		<put name="body" value="/jsp/sms/maintainAlertReceipt.jsp" />
		<put name="whatNext" value="/jsp/common/whatNext.jsp" />
<!--		<put name="menu" value="smsalerts.menu" />-->
		<put name="defaultForm" value="maintainSMSAlertsForm" />
      <put name="helpMenu" 		value="SMSAlert" />
      <put name="helpFunction" 	value="Alert" />
      <put name="helpSteps" 	value="BalReceipt" />  
      <put name="screenId" 		value="" />   		
	</definition>

	<definition name="ibank.maintainWithAlertReceipt" extends="sms.Layout">
		<put name="title" value="SMS &amp; Email Alerts" />
		<put name="body" value="/jsp/sms/maintainAlertReceipt.jsp" />
		<put name="whatNext" value="/jsp/common/whatNext.jsp" />
<!--		<put name="menu" value="smsalerts.menu" />-->
		<put name="defaultForm" value="maintainSMSAlertsForm" />
      <put name="helpMenu" 		value="SMSAlert" />
      <put name="helpFunction" 	value="Alert" />
      <put name="helpSteps" 	value="WithReceipt" />  
      <put name="screenId" 		value="" />         		
	</definition>

	<definition name="ibank.maintainDepAlertReceipt" extends="sms.Layout">
		<put name="title" value="SMS &amp; Email Alerts" />
		<put name="body" value="/jsp/sms/maintainAlertReceipt.jsp" />
		<put name="whatNext" value="/jsp/common/whatNext.jsp" />
<!--		<put name="menu" value="smsalerts.menu" />-->
		<put name="defaultForm" value="maintainSMSAlertsForm" />
      <put name="helpMenu" 		value="SMSAlert" />
      <put name="helpFunction" 	value="Alert" />
      <put name="helpSteps" 	value="DepReceipt" />   
      <put name="screenId" 		value="" />  		
	</definition>

	<definition name="ibank.maintainLowBalAlertReceipt" extends="sms.Layout">
		<put name="title" value="SMS &amp; Email Alerts" />
		<put name="body" value="/jsp/sms/maintainAlertReceipt.jsp" />
		<put name="whatNext" value="/jsp/common/whatNext.jsp" />
<!--		<put name="menu" value="smsalerts.menu" />-->
		<put name="defaultForm" value="maintainSMSAlertsForm" />
      <put name="helpMenu" 		value="SMSAlert" />
      <put name="helpFunction" 	value="Alert" />
      <put name="helpSteps" 	value="LowBalReceipt" /> 
      <put name="screenId" 		value="" />    		
	</definition>

	<definition name="ibank.maintainHighBalAlertReceipt" extends="sms.Layout">
		<put name="title" value="SMS &amp; Email Alerts" />
		<put name="body" value="/jsp/sms/maintainAlertReceipt.jsp" />
		<put name="whatNext" value="/jsp/common/whatNext.jsp" />
<!--		<put name="menu" value="smsalerts.menu" />-->
		<put name="defaultForm" value="maintainSMSAlertsForm" />
      <put name="helpMenu" 		value="SMSAlert" />
      <put name="helpFunction" 	value="Alert" />
      <put name="helpSteps" 	value="HighBalReceipt" />  
      <put name="screenId" 		value="" />   		
	</definition>
	
	<definition name="ibank.listSMSAlerts" extends="sms.Layout">
		<put name="title" value="SMS &amp; Email Alerts" />
		<put name="body" value="/jsp/sms/listSMSAlerts.jsp" />
<!--		<put name="menu" value="smsalerts.menu" />-->
		<put name="defaultForm" value="maintainSMSAlertsForm" />
      <put name="helpMenu" 		value="SMSAlert" />
      <put name="helpFunction" 	value="Alert" />
      <put name="helpSteps" 	value="List" />   
      <put name="screenId" 		value="" />  		
	</definition>
	
	<definition name="ibank.maintainAlert" extends="sms.Layout">
		<put name="title" value="SMS &amp; Email Alerts" />
		<put name="body" value="/jsp/sms/maintainAlert.jsp" />
<!--		<put name="menu" value="smsalerts.menu" />-->
		<put name="defaultForm" value="maintainSMSAlertsForm" />
      <put name="helpMenu" 		value="SMSAlert" />
      <put name="helpFunction" 	value="Alert" />
      <put name="helpSteps" 	value="Maintain" /> 
      <put name="screenId" 		value="" />    		
	</definition>
	
	<definition name="ibank.confirmMaintainAlert" extends="sms.Layout">
		<put name="title" value="SMS &amp; Email Alerts" />
		<put name="body" value="/jsp/sms/confirmMaintainAlert.jsp" />
<!--		<put name="menu" value="smsalerts.menu" />-->
		<put name="defaultForm" value="maintainSMSAlertsForm" />
      <put name="helpMenu" 		value="SMSAlert" />
      <put name="helpFunction" 	value="Alert" />
      <put name="helpSteps" 	value="MaintainConfirm" />  
      <put name="screenId" 		value="smsMaintainConfirm" />   		
	</definition>
	
	<definition name="ibank.smsAlertsHistory" extends="sms.Layout">
		<put name="title" value="My Alerts History" />
		<put name="body" value="/jsp/sms/smsAlertsHistory.jsp" />
<!--		<put name="menu" value="smsalerts.menu" />-->
		<put name="defaultForm" value="smsAlertsHistoryForm" />
		<put name="whatNext" value="/jsp/common/whatNext.jsp" />
      <put name="helpMenu" 		value="SMSAlert" />
      <put name="helpFunction" 	value="Alert" />
      <put name="helpSteps" 	value="History" />    	
      <put name="screenId" 		value="" /> 	
	</definition>
	
	<definition name="ibank.smsAlertsBillingInfo" extends="sms.Layout">
		<put name="title" value="My Billing Details" />
		<put name="body" value="/jsp/sms/smsAlertBillingList.jsp" />
		<put name="whatNext" value="/jsp/common/whatNext.jsp" />
<!--		<put name="menu" value="smsalerts.menu" />-->
		<put name="defaultForm" value="smsAlertsBillingForm" />
      <put name="helpMenu" 		value="SMSAlert" />
      <put name="helpFunction" 	value="Alert" />
      <put name="helpSteps" 	value="Billing" />    
      <put name="screenId" 		value="" /> 		
	</definition>
	

	<definition name="ibank2.smsTnC" extends="ibank.smsTNCLayout" >
	  <put name="title" value="Terms and Conditions" />
	  <put name="body" value="/jsp/ibank2/alerts/smsTnC.jsp" />
	  <put name="defaultForm" value="smsAlertApplicationForm" />
      <put name="helpMenu" 		value="SMSAlert" />
      <put name="helpFunction" 	value="SMSApply" />
      <put name="helpSteps" 	value="TNC" />
      <put name="screenId" 		value="" />     		
	</definition>
	
</tiles-definitions>