<!DOCTYPE tiles-definitions PUBLIC
       "-//Apache Software Foundation//DTD Tiles Configuration 1.3//EN"
       "http://struts.apache.org/dtds/tiles-config_1_3.dtd">

<!-- Definitions for IBank Payments access   -->

<tiles-definitions>

	<!-- Payment tile layout -->
	<definition name="payment.tile" extends="ibank.mainLayout">
		<!-- <put name="menu" value="payments.menu" /> -->
	  <put name="helpMenu" 		value="" />
	  <put name="helpFunction" 	value="" />
	  <put name="helpSteps" 	value="" />
      <put name="screenId" 		value="" />
      <put name="menuOption" 		value="1" /> 
	</definition> 

	<!-- Payment wide tile layout -->
	<definition name="paymentWide.tile" extends="ibank.mainLayout">
		<!-- <put name="menu" value="payments.menu" /> -->
	  <put name="helpMenu" 		value="" />
	  <put name="helpFunction" 	value="" />
	  <put name="helpSteps" 	value="" />
	  <put name="screenId" 		value="" />
      <put name="menuOption" 		value="1" /> 
	</definition>
	
	<!-- Account Transfer Page: -->
	<definition name="payment.account.transfer.tile" extends="payment.tile">
		<put name="title" value="Transfers &amp; Payments" />
		<put name="body" value="/jsp/payment/accountTransfer.jsp" />
		<put name="defaultForm" value="accountTransferForm" />
	  <put name="helpMenu" 		value="TransferandPayment" />
	  <put name="helpFunction" 	value="AcctToAcct" />
	  <put name="helpSteps" 	value="" />
	  <put name="screenId" 		value="" /> 
	</definition>
	
	<!-- Account Transfer second Page: -->
	<definition name="payment.accountII.transfer.tile" extends="payment.tile">
		<put name="title" value="Transfers &amp; Payments" />
		<put name="body" value="/jsp/payment/accountTransfer2.jsp" />
		<put name="defaultForm" value="accountTransferForm" />
	  <put name="helpMenu" 		value="TransferandPayment" />
	  <put name="helpFunction" 	value="AcctToAcct" />
	  <put name="helpSteps" 	value="Details" />
	  <put name="screenId" 		value="accountTransfer2" /> 
	</definition>
	
	<!-- Account Transfer second Page: -->
	<definition name="payment.accountII.dsTransfer.tile" extends="payment.tile">
		<put name="title" value="Transfers &amp; Payments" />
		<put name="body" value="/jsp/payment/nomaccountTransferCont.jsp" />
		<put name="defaultForm" value="accountTransferForm" />
	  <put name="helpMenu" 		value="TransferandPayment" />
	  <put name="helpFunction" 	value="AcctToAcct" />
	  <put name="helpSteps" 	value="dsDetails" />
	  <put name="screenId" 		value="dsTransferContinue" /> 
	</definition>	

	<!-- Account Transfer Page: -->
	<definition name="payment.transfer.duplicate.tile" extends="payment.account.transfer.tile">
		<put name="title" value="Duplicate Notification" />
		<put name="body" value="/jsp/payment/accountTransferDuplicate.jsp" />
		<put name="defaultForm" value="accountTransferForm" />
	  <put name="helpMenu" 		value="TransferandPayment" />
	  <put name="helpFunction" 	value="AcctToAcct" />
	  <put name="helpSteps" 	value="duplicate" />
	  <put name="screenId" 		value="duplicateAcctToAcct" /> 
	</definition>

	<!-- Payment Transfer Page : II-081a Payment Details (Transfer) -->
	 <definition name="payment.transfer.tile" extends="payment.account.transfer.tile">
		<put name="title" value="Transfers &amp; Payments" />
		<put name="body" value="/jsp/payment/accountTransfer.jsp" />
	  <put name="helpMenu" 		value="TransferandPayment" />
	  <put name="helpFunction" 	value="AcctToAcct" />
	  <put name="helpSteps" 	value="SelectAcct" />
	  <put name="screenId" 		value="accountTransfer" /> 
	</definition>

	<!-- Payment Transfer Page : Transfer to Group Page -->
	<definition name="payment.transfer.groupDefault.tile" extends="payment.account.transfer.tile">
		<put name="title" value="Transfers &amp; Payments" />
		<put name="body" value="/jsp/payment/accountTransfer.jsp" />
	  <put name="helpMenu" 		value="TransferandPayment" />
	  <put name="helpFunction" 	value="AcctToAcct" />
	  <put name="helpSteps" 	value="SelectGrpAcct" />
	  <put name="screenId" 		value="groupTransferDefault" /> 
	</definition>

	<!-- Payment Transfer Page : Transfer to ThirdParty Page -->
	<definition name="payment.transfer.tpDefault.tile" extends="payment.account.transfer.tile">
	  <put name="title" 		value="Transfers &amp; Payments" />
	  <put name="body" 			value="/jsp/payment/accountTransfer.jsp" />
	  <put name="helpMenu" 		value="TransferandPayment" />
	  <put name="helpFunction" 	value="tpttransfer" />
	  <put name="helpSteps" 	value="" />
	  <put name="screenId" 		value="" /> 
	</definition>
	<!-- Payment Transfer Page with 2FA : Transfer to ThirdParty Page -->
	<definition name="payment.transfer.tpDefaultSecure.tile" extends="payment.account.transfer.tile">
	  <put name="title" 		value="Transfers &amp; Payments" />
	  <put name="body" 			value="/jsp/payment/accountTransferTPSecure1.jsp" />
	  <put name="helpMenu" 		value="TransferandPayment" />
	  <put name="helpFunction" 	value="tpttransfer" />
	  <put name="helpSteps" 	value="" />
	  <put name="screenId" 		value="tpDefaultSecure" /> 
	</definition>
	<!-- Payment Transfer Page : Transfer to CC Page -->
	<definition name="payment.transfer.ccDefault.tile" extends="payment.account.transfer.tile">
	  <put name="title" 		value="Transfers &amp; Payments" />
	  <put name="body" 			value="/jsp/payment/accountTransfer.jsp" />
	  <put name="helpMenu" 		value="TransferandPayment" />
	  <put name="helpFunction" 	value="AcctToAcct" />
	  <put name="helpSteps" 	value="SelectCCAcct" />
	  <put name="screenId" 		value="accountCCTransfer" /> 
	</definition>

	<!-- Payment Transfer Page : Transfer to DS Page -->
	<definition name="payment.transfer.dsDefault.tile" extends="payment.account.transfer.tile">
	  <put name="title" 		value="Transfers &amp; Payments" />
	  <put name="body" 			value="/jsp/payment/nomAccountTransfer.jsp" />
	  <put name="helpMenu" 		value="TransferandPayment" />
	  <put name="helpFunction" 	value="AcctToAcct" />
	  <put name="helpSteps" 	value="SelectDSAcct" />
	  <put name="screenId" 		value="dsTransfer" /> 
	</definition>
		
	<!-- same for account transfer but different menu -->
	<definition name="payment.group.transfer.tile" extends="payment.transfer.tile">
	    <!-- <put name="menu" value="payments.menu" /> -->
	    <put name="title" value="Group Payments" />
	  <put name="helpMenu" 		value="TransferandPayment" />
	  <put name="helpFunction" 	value="" />
	  <put name="helpSteps" 	value="" />
	  <put name="screenId" 		value="" /> 
	</definition>

	<!-- Payment Transfer (Credit Card) Page : II-109 Transfer Details Panel (Credit Card) -->
	<definition name="payment.transfer.creditcard.tile" extends="payment.account.transfer.tile">
		<put name="title" value="Pay My Credit Card" />
		<put name="body" value="/jsp/payment/accountTransferCC.jsp" />
	  <put name="helpMenu" 		value="TransferandPayment" />
	  <put name="helpFunction" 	value="CreditCard" />
	  <put name="helpSteps" 	value="details" />
	  <put name="screenId" 		value="accountTransferCC" /> 
	</definition>
	
	<!-- Payment Transfer (Third party) Page with 2FA -->
	<definition name="payment.transfer.thirdpartySecure.tile" extends="payment.account.transfer.tile">
		<put name="title" value="Transfer to an Account in Australia" />
		<put name="body" value="/jsp/payment/accountTransferTPSecure2.jsp" />
	  <put name="helpMenu" 		value="TransferandPayment" />
	  <put name="helpFunction" 	value="AcctToAcct" />
	  <put name="helpSteps" 	value="tpAcctXfer" />
	  <put name="screenId" 		value="tpAcctXfer" /> 
	</definition>
	<!-- Payment Transfer (Third party) Page with 2FA -->
	<definition name="payment.transfer.prepopTPSecure.tile" extends="payment.account.transfer.tile">
		<put name="title" value="Transfer to an Account in Australia" />
		<put name="body" value="/jsp/payment/payPrePopulatedTPSecure.jsp" />
	  <put name="helpMenu" 		value="TransferandPayment" />
	  <put name="helpFunction" 	value="AcctToAcct" />
	  <put name="helpSteps" 	value="prepoptpAcctXfer" />
	  <put name="screenId" 		value="" /> 
	</definition>
	<!-- Payment Transfer (Schedule) Page : II-089 Schedule Details -->
	<definition name="payment.transfer.schedule.tile" extends="payment.account.transfer.tile">
		<put name="title" value="Scheduled Payments" />
		<put name="body" value="/jsp/payment/accountSchedule.jsp" />
	  <put name="helpMenu" 		value="TransferandPayment" />
	  <put name="helpFunction" 	value="Schedule" />
	  <put name="helpSteps" 	value="" />
	  <put name="screenId" 		value="" /> 
	</definition>

	<!-- same for payment transfer schedule but different menu -->
	<definition name="payment.group.transfer.schedule.tile" extends="payment.transfer.schedule.tile">
		<!--	<put name="menu"   		value="payments.menu" />
	    <put name="menu" value="payments.groups.menu" />-->
	  <put name="helpMenu" 		value="TransferandPayment" />
	  <put name="helpFunction" 	value="" />
	  <put name="helpSteps" 	value="" />
	  <put name="screenId" 		value="" /> 
	</definition>

	<!-- Payment Transfer Confirm Page : II-108 Transfer Details Confirmation -->
	<definition name="payment.transfer.confirm1.tile" extends="payment.account.transfer.tile">
		<put name="title" value="Transfers &amp; Payments" />
		<put name="body" value="/jsp/payment/accountTransferConfirm1.jsp" />
	  <put name="helpMenu" 		value="TransferandPayment" />
	  <put name="helpFunction" 	value="Payment" />
	  <put name="helpSteps" 	value="Confirm" />
	  <put name="screenId" 		value="accountTransferConfirm1" /> 
	</definition>

	<!-- Payment Transfer Confirm Page : II-108 Transfer Details Confirmation -->
	<definition name="payment.transfer.dsConfirm1.tile" extends="payment.account.transfer.tile">
		<put name="title" value="Transfers &amp; Payments" />
		<put name="body" value="/jsp/payment/accountTransferConfirm1.jsp" />
	  <put name="helpMenu" 		value="TransferandPayment" />
	  <put name="helpFunction" 	value="Payment" />
	  <put name="helpSteps" 	value="dsConfirm" />
	  <put name="screenId" 		value="" /> 
	</definition>

	<!-- Payment Transfer Confirm Page : II-108 Transfer Details Confirmation -->
	<definition name="payment.transfer.ccConfirm1.tile" extends="payment.account.transfer.tile">
		<put name="title" value="Transfers &amp; Payments" />
		<put name="body" value="/jsp/payment/accountTransferConfirm1.jsp" />
	  <put name="helpMenu" 		value="TransferandPayment" />
	  <put name="helpFunction" 	value="Payment" />
	  <put name="helpSteps" 	value="ccConfirm" />
	  <put name="screenId" 		value="ccConfirm" /> 
	</definition>

	<!-- Payment Transfer Confirm Page : II-108 Transfer Details Confirmation -->
	<definition name="payment.transfer.tpConfirm1.tile" extends="payment.account.transfer.tile">
		<put name="title" value="Transfer to an Account in Australia" />
		<put name="body" value="/jsp/payment/accountTransferConfirm1.jsp" />
	  <put name="helpMenu" 		value="TransferandPayment" />
	  <put name="helpFunction" 	value="Schedule" />
	  <put name="helpSteps" 	value="tpFrequency" />
	  <put name="screenId" 		value="tpFrequency" /> 
	</definition>
	<definition name="payment.transfer.tpSecure.tile" extends="payment.account.transfer.tile">
		<put name="title" value="Transfer to an Account in Australia" />
		<put name="body" value="/jsp/payment/accountTransferTPSecure3.jsp" />
		<put name="defaultForm" value="accountTransferForm" />
	  <put name="helpMenu" 		value="TransferandPayment" />
	  <put name="helpFunction" 	value="PaymentSecure" />
	  <put name="helpSteps" 	value="TPSecure" />
	  <put name="screenId" 		value="PaymentSecure" /> 
	</definition>
	<definition name="payment.transfer.confirm2.tile" extends="payment.account.transfer.tile">
		<put name="title" value="Scheduled Payments" />
		<put name="body" value="/jsp/payment/accountTransferConfirm2.jsp" />
	  <put name="helpMenu" 		value="TransferandPayment" />
	  <put name="helpFunction" 	value="Schedule" />
	  <put name="helpSteps" 	value="Confirm" />
	  <put name="screenId" 		value="" /> 
	</definition>

	<!-- Payment Transfer Receipt Page :II-115 Transfer Receipt -->
	<!-- This jsp should have what do you want to do links -->
	<definition name="payment.transfer.receipt1.tile" extends="payment.account.transfer.tile">
		<put name="title" value="Transfers &amp; Payments" />
		<!-- <put name="menu" value="payments.menu" /> -->
		<put name="body" value="/jsp/payment/accountTransferReceipt1.jsp" />
		<put name="defaultForm" value="accountTransferForm" />
	  <put name="helpMenu" 		value="TransferandPayment" />
	  <put name="helpFunction" 	value="Schedule" />
	  <put name="helpSteps" 	value="Receipt" />
	  <put name="screenId" 		value="" /> 
	</definition>

	<definition name="payment.transfer.ccReceipt1.tile" extends="payment.account.transfer.tile">
		<put name="title" value="Transfers &amp; Payments" />
		<!-- <put name="menu" value="payments.menu" /> -->
		<put name="body" value="/jsp/payment/accountTransferReceipt1.jsp" />
		<put name="defaultForm" value="accountTransferForm" />
	  <put name="helpMenu" 		value="TransferandPayment" />
	  <put name="helpFunction" 	value="Schedule" />
	  <put name="helpSteps" 	value="ccReceipt" />
	  <put name="screenId" 		value="" /> 
	</definition>

	<definition name="payment.transfer.tpReceipt1.tile" extends="payment.account.transfer.tile">
		<put name="title" value="Transfers &amp; Payments" />
		<!-- <put name="menu" value="payments.menu" /> -->
		<put name="body" value="/jsp/payment/accountTransferReceipt1.jsp" />
		<put name="defaultForm" value="accountTransferForm" />
	  <put name="helpMenu" 		value="TransferandPayment" />
	  <put name="helpFunction" 	value="Schedule" />
	  <put name="helpSteps" 	value="tpReceipt" />
	  <put name="screenId" 		value="" /> 
	</definition>
					  		
	<definition name="payment.transfer.dsReceipt1.tile" extends="payment.account.transfer.tile">
		<put name="title" value="Transfers &amp; Payments" />
		<!-- <put name="menu" value="payments.menu" /> -->
		<put name="body" value="/jsp/payment/accountTransferReceipt1.jsp" />
		<put name="defaultForm" value="accountTransferForm" />
	  <put name="helpMenu" 		value="TransferandPayment" />
	  <put name="helpFunction" 	value="Schedule" />
	  <put name="helpSteps" 	value="dsReceipt" />
	  <put name="screenId" 		value="" /> 
	</definition>

	<!-- Schedule Receipt -->
	<!-- This jsp should have what do you want to do links -->
	<definition name="payment.transfer.receipt2.tile" extends="payment.account.transfer.tile">
		<put name="title" value="Scheduled Payments" />
		<put name="body" value="/jsp/payment/accountTransferReceipt2.jsp" />
		<put name="whatNext" value="/jsp/common/whatNext.jsp" />
	  <put name="helpMenu" 		value="TransferandPayment" />
	  <put name="helpFunction" 	value="Schedule" />
	  <put name="helpSteps" 	value="Receipt" />
	  <put name="screenId" 		value="sReceipt" /> 
       <!-- infra 8665550 screenId added-->
	</definition>

	<definition name="payment.transfer.dsreceipt2.tile" extends="payment.account.transfer.tile">
		<put name="title" value="Scheduled Payments" />
		<put name="body" value="/jsp/payment/accountTransferReceipt2.jsp" />
		<put name="whatNext" value="/jsp/common/whatNext.jsp" />
	  <put name="helpMenu" 		value="TransferandPayment" />
	  <put name="helpFunction" 	value="Schedule" />
	  <put name="helpSteps" 	value="dsReceipt" />
	  <put name="screenId" 		value="dsReceipt" />
	  <!-- infra 8665550 screenId added--> 
	</definition>

	<definition name="payment.transfer.ccreceipt2.tile" extends="payment.account.transfer.tile">
		<put name="title" value="Scheduled Payments" />
		<put name="body" value="/jsp/payment/accountTransferReceipt2.jsp" />
		<put name="whatNext" value="/jsp/common/whatNext.jsp" />
	  <put name="helpMenu" 		value="TransferandPayment" />
	  <put name="helpFunction" 	value="Schedule" />
	  <put name="helpSteps" 	value="ccReceipt" />
	  <put name="screenId" 		value="ccReceipt" />
	  <!-- infra 8665550 screenId added--> 
	</definition>
	
	<definition name="payment.transfer.tpreceipt2.tile" extends="payment.account.transfer.tile">
		<put name="title" value="Scheduled Payments" />
		<put name="body" value="/jsp/payment/accountTransferReceipt2.jsp" />
		<put name="whatNext" value="/jsp/common/whatNext.jsp" />
	  <put name="helpMenu" 		value="TransferandPayment" />
	  <put name="helpFunction" 	value="Schedule" />
	  <put name="helpSteps" 	value="tpReceipt" />
	  <put name="screenId" 		value="tpReceipt" /> 
 	  <!-- infra 8665550 screenId added-->
	</definition>

	<definition name="payment.group.transfer.receipt2.tile" extends="payment.transfer.receipt2.tile">
	<!--	<put name="menu"   		value="payments.menu" />
	    <put name="menu" value="payments.groups.menu" />-->
	  <put name="helpMenu" 		value="TransferandPayment" />
	  <put name="helpFunction" 	value="Groups" />
	  <put name="helpSteps" 	value="TransferToGroup5" />
	  <put name="screenId" 		value="groupReceipt" /> 
	  <!-- infra 8665550 screenId added-->
	</definition>

	<!-- Group Payment Details II-047  -->
	<definition name="payment.transfer.group.tile" extends="payment.account.transfer.tile">
		<put name="title" value="Transfers &amp; Payments" />
		<put name="body" value="/jsp/payment/accountTransferGroupDetails.jsp" />
	  <put name="helpMenu" 		value="TransferandPayment" />
	  <put name="helpFunction" 	value="GroupPayment" />
	  <put name="helpSteps" 	value="Details" />
	  <put name="screenId" 		value="" /> 
	</definition>
 
	<definition name="payment.transfer.groupMenu.tile" extends="payment.transfer.group.tile">
	    <!-- <put name="menu" value="payments.menu" /> -->
	  <put name="helpMenu" 		value="TransferandPayment" />
	  <put name="helpFunction" 	value="Groups" />
	  <put name="helpSteps" 	value="TransferToGroup2" />
	  <put name="screenId" 		value="TransferToGroup2" /> 
	</definition>


	<!-- Group Payment Confirmation with 2FA From transfer payment-->
	<definition name="payment.transfer.confirm3.secure.tile" extends="payment.transfer.group.tile">
		<put name="title" value="Transfers &amp; Payments" />
		<put name="body" value="/jsp/payment/accountTransferGroupConfirmSecure.jsp" />
	  <put name="helpMenu" 		value="TransferandPayment" />
	  <put name="helpFunction" 	value="GroupPaymentSecure" />
	  <put name="helpSteps" 	value="ConfirmSecure" />
	  <put name="screenId" 		value="" /> 
	</definition>
	<!-- Group Payment Confirmation with 2FA From my group payment-->
	<definition name="payment.groupMenu.transfer.confirm3.secure.tile" extends="payment.transfer.confirm3.secure.tile">
	    <!-- <put name="menu" value="payments.menu" /> -->
	  <put name="helpMenu" 		value="TransferandPayment" />
	  <put name="helpFunction" 	value="GroupPaymentSecure" />
	  <put name="helpSteps" 	value="ConfirmSecure" />
	  <put name="screenId" 		value="ConfirmSecure" /> 
	</definition>
	<!-- Group Payment Secure -->
	<definition name="payment.transfer.group.secure.tile" extends="payment.transfer.group.tile">
		<put name="title" value="Transfers &amp; Payments" />
		<put name="body" value="/jsp/payment/accountTransferGroupSecure.jsp" />
		<put name="defaultForm" value="accountTransferForm" />
	  <put name="helpMenu" 		value="TransferandPayment" />
	  <put name="helpFunction" 	value="GroupPaymentSecure" />
	  <put name="helpSteps" 	value="RequestAuthentication" />
	  <put name="screenId" 		value="PaymentSecure" /> 
	</definition>

	<!-- Payment BPay Bill Page: -->
	<definition name="payment.bpay.tile" extends="payment.tile">
		<put name="title" value="Transfers &amp; Payments" />
		<put name="body" value="/jsp/payment/payBpayBill.jsp" />
		<put name="defaultForm" value="payBpayBillForm" />
	  <put name="helpMenu" 		value="TransferandPayment" />
	  <put name="helpFunction" 	value="Bpay" />
	  <put name="helpSteps" 	value="SelectAcct" />
	  <put name="screenId" 		value="" /> 
	</definition>
	<!-- Payment BPay Bill Default Page : WITH 2FA wording-->
	<definition name="payment.bpay.default.secure.tile" extends="payment.tile">
		<put name="title" value="Transfers &amp; Payments" />
		<put name="body" value="/jsp/payment/payBpayBillSecure1.jsp" />
		<put name="defaultForm" value="payBpayBillForm" />
	  <put name="helpMenu" 		value="TransferandPayment" />
	  <put name="helpFunction" 	value="Bpay" />
	  <put name="helpSteps" 	value="SelectAcct" />
	  <put name="screenId" 		value="bpaySecure" /> 
	</definition>
	<!-- Payment BPay Bill Details Page: -->
	<definition name="payment.bpay.detail.tile" extends="payment.bpay.tile">
		<put name="title" value="Transfers &amp; Payments" />
		<put name="body" value="/jsp/payment/payBpayBillDetails.jsp" />
	  <put name="helpMenu" 		value="TransferandPayment" />
	  <put name="helpFunction" 	value="Bpay" />
	  <put name="helpSteps" 	value="Details" />
	  <put name="screenId" 		value="bpayDetails" /> 
	</definition>

	<!-- Payment BPay Bill Confirm Page: -->
	<definition name="payment.bpay.confirm1.tile" extends="payment.bpay.tile">
		<put name="title" value="Transfers &amp; Payments" />
		<put name="body" value="/jsp/payment/payBpayBillConfirm1.jsp" />
	  <put name="helpMenu" 		value="TransferandPayment" />
	  <put name="helpFunction" 	value="Bpay" />
	  <put name="helpSteps" 	value="Confirm" />
	  <put name="screenId" 		value="bpayConfirm" /> 
	</definition>
	<!-- Payment BPay Bill with 2FA secure code entered and auth: -->
	<definition name="payment.bpay.secure.tile" extends="payment.bpay.tile">
		<put name="title" value="Transfers &amp; Payments" />
		<put name="body" value="/jsp/payment/payBpayBillSecure2.jsp" />
	  <put name="helpMenu" 		value="TransferandPayment" />
	  <put name="helpFunction" 	value="BpaySecure" />
	  <put name="helpSteps" 	value="RequestAuthenticate" />
	  <put name="screenId" 		value="PaymentSecure" /> 
	</definition>
	<definition name="payment.bpay.duplicate.tile" extends="payment.bpay.tile">
		<put name="title" value="Duplicate Notification" />
		<put name="body" value="/jsp/payment/payBpayDuplicate.jsp" />
	  <put name="helpMenu" 		value="TransferandPayment" />
	  <put name="helpFunction" 	value="Bpay" />
	  <put name="helpSteps" 	value="duplicate" />
	  <put name="screenId" 		value="bpayDuplicate" /> 
	</definition>

	<definition name="payment.bpay.frequency.tile" extends="payment.bpay.tile">
		<put name="title" value="Create a Scheduled Payment" />
		<put name="body" value="/jsp/payment/billPaymentCreateFrequency.jsp" />
	  <put name="helpMenu" 		value="TransferandPayment" />
	  <put name="helpFunction" 	value="Bpay" />
	  <put name="helpSteps" 	value="frequency" />
	  <put name="screenId" 		value="bpayFrequency" /> 
	</definition>

	<!-- Payment BPay Bill Receipt Page: -->
	<!-- This jsp should have what do you want to do links -->
	<definition name="payment.bpay.receipt1.tile" extends="payment.bpay.tile">
		<put name="title" value="Transfers &amp; Payments" />
		<put name="body" value="/jsp/payment/payBpayBillReceipt1.jsp" />
		<put name="whatNext" value="/jsp/common/whatNext.jsp" />
	  <put name="helpMenu" 		value="TransferandPayment" />
	  <put name="helpFunction" 	value="Bpay" />
	  <put name="helpSteps" 	value="Receipt" />
	  <put name="screenId" 		value="" /> 
	</definition>

	<!-- Payment BPay Bill Schedule Receipt Page: -->
	<!-- This jsp should have what do you want to do links -->
	<definition name="payment.bpay.receipt2.tile" extends="payment.bpay.tile">
		<put name="title" value="Create a Scheduled Payment" />
		<put name="body" value="/jsp/payment/payBpayBillReceipt2.jsp" />
		<put name="whatNext" value="/jsp/common/whatNext.jsp" />
	  <put name="helpMenu" 		value="TransferandPayment" />
	  <put name="helpFunction" 	value="Bpay" />
	  <put name="helpSteps" 	value="ScheduleReceipt" />
	  <put name="screenId" 		value="bpayReceipt" /> 
	  <!-- infra 8665550 screenId added-->
	</definition>
	
	<definition name="payment.bpay.payBPayBiller.tile" extends="payment.bpay.tile">
		<put name="title" value="BPay Billers" />
		<put name="body" value="/jsp/payment/payBPayBiller.jsp" />
	  <put name="helpMenu" 		value="TransferandPayment" />
	  <put name="helpFunction" 	value="Bpay" />
	  <put name="helpSteps" 	value="PrePopBpayDetails" />
	  <put name="screenId" 		value="" /> 
	</definition>	
	
	<definition name="payment.bpay.viewBpayPaymentHistory.tile" extends="payment.bpay.tile">
		<put name="title" value="Internet Payment Receipts" />
		<put name="body" value="/jsp/payment/viewBPayPaymentHistory.jsp" />
	  <put name="defaultForm" value="paymentHistoryForm" />
	  <put name="helpMenu" 		value="TransferandPayment" />
	  <put name="helpFunction" 	value="Bpay" />
	  <put name="helpSteps" 	value="BPayPaymentHistory" />
	  <put name="screenId" 		value="BPayPayHistory" /> 
	</definition>	


	<!-- View Scheduled Payments Page: II-091 -->
	<!-- This jsp should have what do you want to do links -->
	<definition name="payment.scheduledPayments.tile" extends="payment.tile">
		<put name="title" value="Scheduled Payments" />
		<put name="body" value="/jsp/payment/scheduledPaymentsView.jsp" />
		<put name="defaultForm" value="scheduledPaymentsForm" />
	  <put name="helpMenu" 		value="TransferandPayment" />
	  <put name="helpFunction" 	value="Schedule" />
	  <put name="helpSteps" 	value="" />
	  <put name="screenId" 		value="" /> 
	</definition>
	
	<definition name="payment.scheduledPayments.expired.details.tile" extends="payment.tile">
	  <put name="title" value="Scheduled Payments Expired" />
	  <put name="body" value="/jsp/payment/scheduledPaymentsExpiredView.jsp" />
	  <put name="whatNext" value="/jsp/common/whatNext.jsp" />
	  <put name="defaultForm" value="scheduledPaymentsForm" />
	  <put name="helpMenu" 		value="TransferandPayment" />
	  <put name="helpFunction" 	value="ExpiredSchedule" />
	  <put name="helpSteps" 	value="" />
	  <put name="screenId" 		value="expiredSchedulePayments" />	   
	</definition>

	<definition name="payment.scheduledPayment.expired.details.tile" extends="payment.scheduledPayments.tile">
	  <put name="title" value="Scheduled Payments Expired Details" />
	  <put name="body" value="/jsp/payment/scheduledPaymentExpiredEdit.jsp" />
	  <put name="whatNext" value="/jsp/common/whatNext.jsp" />
	  <put name="helpMenu" 		value="TransferandPayment" />
	  <put name="helpFunction" 	value="ExpiredScheduleRecreate" />
	  <put name="helpSteps" 	value="Details" />
	  <put name="screenId" 		value="editExpiredSchedulePayment" />	  
	</definition>
	
	<definition name="payment.account.scheduledPayments.tile" extends="payment.tile">
		<put name="title" value="Scheduled Payments" />
		<put name="body" value="/jsp/payment/scheduledPaymentsView.jsp" />
		<put name="defaultForm" value="scheduledPaymentsForm" />
	  <put name="helpMenu" 		value="TransferandPayment" />
	  <put name="helpFunction" 	value="Schedule" />
	  <put name="helpSteps" 	value="" />
	  <put name="screenId" 		value="" /> 
	  <put name="whatNext" value="/jsp/common/whatNext.jsp" />
	</definition>
	
	<!-- Suspended Scheduled Payments Page: -->
	<definition name="payment.scheduledPayments.suspended.tile" extends="payment.scheduledPayments.tile">
		<put name="title" value="Scheduled Payments" />
		<put name="body" value="/jsp/payment/scheduledPaymentSuspended.jsp" />
	  <put name="helpMenu" 		value="TransferandPayment" />
	  <put name="helpFunction" 	value="Schedule" />
	  <put name="helpSteps" 	value="Suspended" />
	  <put name="screenId" 		value="" /> 
	</definition>

	<!-- Create Scheduled Payments Frequency Page: -->
	<definition name="payment.transfer.schedulePaymentCreateFrequency.tile" extends="payment.account.transfer.tile">
		<put name="title" value="Scheduled Payments" />
		<put name="body" value="/jsp/payment/scheduledPaymentCreateFrequency.jsp" />
	  <put name="helpMenu" 		value="TransferandPayment" />
	  <put name="helpFunction" 	value="Schedule" />
	  <put name="helpSteps" 	value="frequency" />
	  <put name="screenId" 		value="schPaymentFreq" /> 
	</definition>

	<!-- Create Scheduled Payments Frequency Page: -->
	<definition name="payment.transfer.dsSchedulePaymentCreateFrequency.tile" extends="payment.account.transfer.tile">
		<put name="title" value="Scheduled Payments" />
		<put name="body" value="/jsp/payment/scheduledPaymentCreateFrequency.jsp" />
	  <put name="helpMenu" 		value="TransferandPayment" />
	  <put name="helpFunction" 	value="Payment" />
	  <put name="helpSteps" 	value="dsConfirm" />
	  <put name="screenId" 		value="dsSchPaymentFreq" /> 
	</definition>
	
	<!-- Create Scheduled Payments Frequency Page for Credit Card transfer: -->
	<definition name="payment.transfer.ccSchedulePaymentCreateFrequency.tile" extends="payment.account.transfer.tile">
		<put name="title" value="Scheduled Payments" />
		<put name="body" value="/jsp/payment/scheduledPaymentCreateFrequency.jsp" />
	  <put name="helpMenu" 		value="TransferandPayment" />
	  <put name="helpFunction" 	value="Schedule" />
	  <put name="helpSteps" 	value="ccFrequency" />
	  <put name="screenId" 		value="ccSchPaymentFreq" /> 
	</definition>
	
	<!-- Create Scheduled Payments Frequency Page for Third Party transfer: -->
	<definition name="payment.transfer.tpSchedulePaymentCreateFrequency.tile" extends="payment.account.transfer.tile">
		<put name="title" value="Scheduled Payments" />
		<put name="body" value="/jsp/payment/scheduledPaymentCreateFrequency.jsp" />
	  <put name="helpMenu" 		value="TransferandPayment" />
	  <put name="helpFunction" 	value="Schedule" />
	  <put name="helpSteps" 	value="tpFrequency" />
	  <put name="screenId" 		value="tpSchPaymentFreq" /> 
	</definition>	

	<!-- Create Scheduled Payments Create Confirm Page: -->
	<definition name="payment.transfer.schedulePaymentCreateConfirm.tile" extends="payment.account.transfer.tile">
		<put name="title" value="Scheduled Payments" />
		<put name="body" value="/jsp/payment/scheduledPaymentCreateConfirm.jsp" />
	  <put name="helpMenu" 		value="TransferandPayment" />
	  <put name="helpFunction" 	value="Schedule" />
	  <put name="helpSteps" 	value="CreateConfirm" />
	  <put name="screenId" 		value="schPaymentConfirm" /> 
	</definition>

	<!-- Create Scheduled Payments for DS Create Confirm Page: -->
	<definition name="payment.transfer.dsSchedulePaymentCreateConfirm.tile" extends="payment.account.transfer.tile">
		<put name="title" value="Scheduled Payments" />
		<put name="body" value="/jsp/payment/scheduledPaymentCreateConfirm.jsp" />
	  <put name="helpMenu" 		value="TransferandPayment" />
	  <put name="helpFunction" 	value="Payment" />
	  <put name="helpSteps" 	value="dsConfirm" />
	  <put name="screenId" 		value="dsSchPaymentConfirm" /> 
	</definition>

	<!-- Edit Scheduled Payments Page: II-081ab -->
	<definition name="payment.scheduledPayments.edit.tile" extends="payment.scheduledPayments.tile">
		<put name="title" value="Scheduled Payments" />
		<put name="body" value="/jsp/payment/scheduledPaymentEdit.jsp" />
	  <put name="helpMenu" 		value="TransferandPayment" />
	  <put name="helpFunction" 	value="Schedule" />
	  <put name="helpSteps" 	value="Details" />
	  <put name="screenId" 		value="editSchPay" /> 
	</definition>

	<!-- Edit Scheduled BPAY Page: II-081bbb -->
	<!-- definition name="payment.scheduledPayments.bpay.edit.tile" extends="payment.scheduledPayments.tile">
		<put name="title" value="Scheduled Payments" />
		<put name="body" value="/jsp/payment/scheduledBPayEdit.jsp" />
	  <put name="helpMenu" 		value="TransferandPayment" />
	  <put name="helpFunction" 	value="Schedule" />
	  <put name="helpSteps" 	value="BpayEdit" />
	  <put name="screenId" 		value="" /> 
	</definition-->

	<!-- Scheduled Details Page: II-089 -->
	<definition name="payment.scheduledPayments.details.tile" extends="payment.scheduledPayments.tile">
		<put name="title" value="Scheduled Payments" />
		<put name="body" value="/jsp/payment/scheduledPaymentEdit.jsp" />
	  <put name="helpMenu" 		value="TransferandPayment" />
	  <put name="helpFunction" 	value="Schedule" />
	  <put name="helpSteps" 	value="Details" />
	  <put name="screenId" 		value="" /> 
	</definition>

	<!-- Scheduled Details Confirm Page: II-108 -->
	<definition name="payment.scheduledPayments.confirm.tile" extends="payment.scheduledPayments.tile">
		<put name="title" value="Scheduled Payments" />
		<put name="body" value="/jsp/payment/scheduledPaymentConfirm.jsp" />
	  <put name="helpMenu" 		value="TransferandPayment" />
	  <put name="helpFunction" 	value="Schedule" />
	  <put name="helpSteps" 	value="EditConfirm" />
	  <put name="screenId" 		value="schPayConfirm" /> 
	</definition>

	<!-- Scheduled Details Confirm Page (BPAY): II-082 -->
	<definition name="payment.scheduledPayments.bpay.confirm.tile" extends="payment.scheduledPayments.tile">
		<put name="title" value="Scheduled Payments" />
		<put name="body" value="/jsp/payment/scheduledBPayConfirm.jsp" />
	  <put name="helpMenu" 		value="TransferandPayment" />
	  <put name="helpFunction" 	value="Schedule" />
	  <put name="helpSteps" 	value="BpayConfirm" />
	  <put name="screenId" 		value="schBpayConfirm" /> 
	</definition>
	
	
	<definition name="payment.scheduledPayments.bpaySecure.tile" extends="payment.scheduledPayments.tile">
		<put name="title" value="Scheduled Payments" />
		<put name="body" value="/jsp/payment/scheduledPaymentBPaySecure.jsp" />
	  <put name="helpMenu" 		value="TransferandPayment" />
	  <put name="helpFunction" 	value="PaymentSecure" />
	  <put name="helpSteps" 	value="" />
	  <put name="screenId" 		value="PaymentSecure" /> 
	</definition>

	<!-- Scheduled Receipt Page: II-090 -->
	<definition name="payment.scheduledPayments.receipt.tile" extends="payment.scheduledPayments.tile">
		<put name="title" value="Scheduled Payments" />
		<put name="body" value="/jsp/payment/scheduledReceipt.jsp" />
	  <put name="helpMenu" 		value="TransferandPayment" />
	  <put name="helpFunction" 	value="Schedule" />
	  <put name="helpSteps" 	value="Receipt" />
	  <put name="whatNext" value="/jsp/common/whatNext.jsp" />
	  <put name="screenId" 		value="" /> 
	</definition>

	<!-- Scheduled Payment Delete Confirm Page: II-037 -->
	<definition name="payment.scheduledPayments.delete.confirm.tile" extends="payment.scheduledPayments.tile">
		<put name="title" value="Scheduled Payments" />
		<put name="body" value="/jsp/payment/scheduledPaymentDeleteConfirm.jsp" />
	  <put name="helpMenu" 		value="TransferandPayment" />
	  <put name="helpFunction" 	value="Schedule" />
	  <put name="helpSteps" 	value="DeleteConfirm" />
	  <put name="screenId" 		value="schDelete" /> 
	</definition>
	<!-- Scheduled Payment ibank secure : INT 201-2  -->
	<definition name="payment.scheduledPayments.tpSecure.tile" extends="payment.scheduledPayments.tile">
		<put name="title" value="Scheduled Payments" />
		<put name="body" value="/jsp/payment/scheduledPaymentTPSecure.jsp" />
	  <put name="helpMenu" 		value="TransferandPayment" />
	  <put name="helpFunction" 	value="PaymentSecure" />
	  <put name="helpSteps" 	value="" />
	  <put name="screenId" 		value="PaymentSecure" /> 
	</definition>

	<!-- View Payment History Page: II-051 History of Payments -->
	<definition name="payment.account.viewPaymentHistory.tile" extends="payment.tile">		
		<put name="title" value="Internet Payment Receipts" />
		<put name="body" value="/jsp/payment/viewPaymentHistory.jsp" />
		<put name="defaultForm" value="paymentHistoryForm" />
	  <put name="helpMenu" 		value="TransferandPayment" />
	  <put name="helpFunction" 	value="PaymentHistory" />
	  <put name="helpSteps" 	value="" />
	  <put name="screenId" 		value="" /> 
	</definition>
	
		<!-- View Payment History Page: II-051 History of Payments -->
	<definition name="payment.payment.viewThirdPartyPaymentHistory.tile" extends="payment.tile">		
		<put name="title" value="Payee Accounts" />
		<put name="body" value="/jsp/payment/viewThirdPartyPaymentHistory.jsp" />
		<put name="defaultForm" value="paymentHistoryForm" />
	  <put name="helpMenu" 		value="TransferandPayment" />
	  <put name="helpFunction" 	value="ThirdPartyPaymentHistory" />
	  <put name="helpSteps" 	value="" />
	  <put name="screenId" 		value="" /> 
	</definition>

	<!-- View Payment History Page: II-051 History of Payments -->
	<!-- This jsp should have what do you want to do links -->
		<!-- definition name="payment.viewPaymentHistory.tile" extends="payment.account.viewPaymentHistory.tile" -->
		<definition name="payment.viewPaymentHistory.tile" extends="paymentWide.tile">
		<put name="title" value="Internet Payment Receipts" />
		<put name="body" value="/jsp/payment/viewPaymentHistory.jsp" />
		<put name="whatNext" value="/jsp/common/whatNext.jsp" />
		<put name="defaultForm" value="paymentHistoryForm" />
	  <put name="helpMenu" 		value="TransferandPayment" />
	  <put name="helpFunction" 	value="PaymentHistory" />
	  <put name="helpSteps" 	value="" />
	  <put name="screenId" 		value="intPaymentHistory" /> 
	</definition>

	<!-- View Payment Receipt Page: II-041 Payment Details -->
	<definition name="payment.viewPaymentHistoryDetails.tile" extends="payment.account.viewPaymentHistory.tile">
		<put name="title" value="Internet Payment Receipts" />
		<put name="body" value="/jsp/payment/viewPaymentHistoryDetails.jsp" />
	  <put name="helpMenu" 		value="TransferandPayment" />
	  <put name="helpFunction" 	value="PaymentHistory" />
	  <put name="helpSteps" 	value="" />
	  <put name="screenId" 		value="" /> 
	</definition>

	<!-- Periodical Payment List: II-084 Periodical Payment List -->
	<definition name="payment.account.periodicalPayment.tile" extends="ibank.mainLayout">
		<put name="title" value="Account Servicing" />
		<put name="body" value="/jsp/payment/periodicalPaymentList.jsp" />
		<!-- <put name="menu"   		value="parent.menu" /> -->
		<put name="defaultForm" value="periodicalPaymentForm" />
	  <put name="helpMenu" 		value="Maintenance" />
	  <put name="helpFunction" 	value="PeriodicalPayment" />
	  <put name="helpSteps" 	value="" />
	  <put name="screenId" 		value="" />
	  <put name="menuOption" 		value="1" /> 
	</definition>

	<!-- Periodical Payment List: II-084 Periodical Payment List -->
	<definition name="payment.periodicalPayment.tile" extends="ibank.mainLayout">
		<put name="title" value="Account Servicing" />
		<put name="body" value="/jsp/payment/periodicalPaymentList.jsp" />
		<!-- <put name="menu"   		value="parent.menu" /> -->
		<put name="defaultForm" value="periodicalPaymentForm" />		
	  <put name="helpMenu" 		value="Maintenance" />
	  <put name="helpFunction" 	value="PeriodicalPayment" />
	  <put name="helpSteps" 	value="List" />
	  <put name="screenId" 		value="" />
	  <put name="menuOption" 		value="1" />  
	</definition>

	<!-- Periodical Payment List: II-083 Maintain Periodical Payment -->
	<definition name="payment.periodicalPayment.edit.tile" extends="payment.account.periodicalPayment.tile">
		<put name="title" value="Account Servicing" />
		<put name="body" value="/jsp/payment/periodicalPaymentMaintain.jsp" />
	  <put name="helpMenu" 		value="Maintenance" />
	  <put name="helpFunction" 	value="PeriodicalPayment" />
	  <put name="helpSteps" 	value="Edit" />
	  <put name="screenId" 		value="editPP" />
	  <put name="menuOption" 		value="1" />  
	</definition>

	<!-- Periodical Payment List: II-119 Periodical Payment Changes - Confirm -->
	<!-- This jsp should have what do you want to do links -->
	<definition name="payment.periodicalPayment.changeConfirm.tile" extends="payment.account.periodicalPayment.tile">
		<put name="title" value="Account Servicing" />
		<put name="body" value="/jsp/payment/periodicalPaymentChangesConfirm.jsp" />
		<put name="whatNext" value="/jsp/common/whatNext.jsp" />
	  <put name="helpMenu" 		value="Maintenance" />
	  <put name="helpFunction" 	value="PeriodicalPayment" />
	  <put name="helpSteps" 	value="ChangeConfirm" />
	  <put name="screenId" 		value="confirmPP" />
	  <put name="menuOption" 		value="1" />  
	</definition>

	<!-- Periodical Payment List: II-114 Periodical Payment Delete Confirmation -->
	<!-- This jsp should have what do you want to do links -->
	<definition name="payment.periodicalPayment.deleteConfirm.tile" extends="payment.account.periodicalPayment.tile">
		<put name="title" value="Account Servicing" />
		<put name="body" value="/jsp/payment/periodicalPaymentDeleteConfirm.jsp" />
		<put name="whatNext" value="/jsp/common/whatNext.jsp" />
	  <put name="helpMenu" 		value="Maintenance" />
	  <put name="helpFunction" 	value="PeriodicalPayment" />
	  <put name="helpSteps" 	value="DeleteConfirm" />
	  <put name="screenId" 		value="deleteConfirmPP" />
	  <put name="menuOption" 		value="1" />  
	</definition>

	<!-- Telegraphic Transfer  START-->
	<definition name="payment.telegraphicTransfer.tile" extends="payment.tile">
		<put name="defaultForm" value="ttRequestForm" />
		<!-- <put name="menu"   		value="payments.menu" />-->
	  <put name="helpMenu" 		value="TransferandPayment" />
	  <put name="helpFunction" 	value="" />
	  <put name="helpSteps" 	value="" />
	  <put name="screenId" 		value="" /> 
	</definition>
	
	<definition name="ibank.ttTNCLayout" path="/jsp/common/extendedLayout.jsp">
	  <put name="header" 		value="/jsp/common/header.jsp" />
	  <put name="menu"   		value="/jsp/common/blankMenu.jsp" />
	  <put name="whatNext" 		value="/jsp/common/whatNextBlank.jsp" />
	  <put name="footer" 		value="/jsp/common/footer.jsp" />
	  <put name="body"   		value="/jsp/common/body.jsp" />
  	  <put name="toolsbar"      value="/jsp/common/blankToolsbar.jsp" />
	</definition>

	<definition name="payment.telegraphicTransfer.ttTNC.tile" extends="ibank.ttTNCLayout" >
		<put name="title" value="Terms and Conditions" />
		<put name="body" value="/jsp/payment/ttTermsAndConditions.jsp" />
		<put name="defaultForm" value="ttRequestForm" />
	    <put name="helpMenu" 		value="TransferandPayment" />
    	<put name="helpFunction" 	value="TT" />
      	<put name="helpSteps" 	value="TNC" />    		
      	<put name="screenId" 		value="" /> 
	</definition>
	
	<definition name="payment.newTelegraphicTransfer.ttTNC.tile" extends="ibank.ttTNCLayout" >
		<put name="title" value="Terms and Conditions" />
		<put name="body" value="/jsp/payment/ttRequestTermsAndConditions.jsp" />
		<put name="defaultForm" value="ttRequestForm" />
	    <put name="helpMenu" 		value="TransferandPayment" />
    	<put name="helpFunction" 	value="TT" />
      	<put name="helpSteps" 	value="TNC" />    		
      	<put name="screenId" 		value="" /> 
	</definition>
	
	<definition name="payment.newTelegraphicTransfer.link.ttTNC.tile" extends="ibank.ttTNCLayout" >
		<put name="title" value="Terms and Conditions" />
		<put name="body" value="/jsp/payment/ttRequestTermsAndConditionsLink.jsp" />
		<put name="defaultForm" value="ttRequestForm" />
	    <put name="helpMenu" 		value="TransferandPayment" />
    	<put name="helpFunction" 	value="TT" />
      	<put name="helpSteps" 	value="TNC" />    		
      	<put name="screenId" 		value="" /> 
	</definition>

 	
	<definition name="payment.telegraphicTransfer.financialDetails.tile" extends="payment.telegraphicTransfer.tile">
	  <put name="title" value="Transfers &amp; Payments" />
	  <put name="body" value="/jsp/payment/ttFinancialDetails.jsp" />
	  <put name="helpMenu" 		value="TransferandPayment" />
	  <put name="helpFunction" 	value="TT" />
	  <put name="helpSteps" 	value="Details" />
	  <put name="screenId" 		value="ttFinancialDetails" /> 
	</definition>


	<definition name="payment.telegraphicTransfer.swiftBicSearch.tile" extends="payment.telegraphicTransfer.tile">
	  <put name="title" value="Transfers &amp; Payments" />
	  <put name="body" value="/jsp/payment/ttSwiftBicSearch.jsp" />
	  <put name="helpMenu" 		value="TransferandPayment" />
	  <put name="helpFunction" 	value="TT" />
	  <put name="helpSteps" 	value="ttSwiftBicSearch" />
	  <put name="screenId" 		value="ttSwiftBicSearch" /> 
	</definition>
	
	<definition name="payment.telegraphicTransfer.bankAddrSearch.tile" extends="payment.telegraphicTransfer.tile">
	  <put name="title" value="Transfers &amp; Payments" />
	  <put name="body" value="/jsp/payment/ttBankAddrSearch.jsp" />
	  <put name="helpMenu" 		value="TransferandPayment" />
	  <put name="helpFunction" 	value="TT" />
	  <put name="helpSteps" 	value="ttBankAddressSearch" />
	  <put name="screenId" 		value="ttBankAddressSearch" /> 
	</definition>


	<definition name="payment.telegraphicTransfer.otherBank.tile" extends="payment.telegraphicTransfer.tile">
	  <put name="title" value="Transfers &amp; Payments" />
	  <put name="body" value="/jsp/payment/ttOtherBank.jsp" />
	  <put name="helpMenu" 		value="TransferandPayment" />
	  <put name="helpFunction" 	value="TT" />
	  <put name="helpSteps" 	value="ttOtherBank" />
	  <put name="screenId" 		value="ttOtherBank" /> 
	</definition>


	<definition name="payment.telegraphicTransfer.beneficiaryDetails.tile" extends="payment.telegraphicTransfer.tile">
	  <put name="title" value="Transfers &amp; Payments" />
	  <put name="body" value="/jsp/payment/ttBeneficiaryDetails.jsp" />
	  <put name="helpMenu" 		value="TransferandPayment" />
	  <put name="helpFunction" 	value="TT" />
	  <put name="helpSteps" 	value="BankSearch" />
	  <put name="screenId" 		value="beneficiaryDetails" /> 
	</definition>

	<definition name="payment.telegraphicTransfer.confirm.tile" extends="payment.telegraphicTransfer.tile">
	  <put name="title" value="Transfers &amp; Payments" />
	  <put name="body" value="/jsp/payment/ttConfirm.jsp" />
	  <put name="helpMenu" 		value="TransferandPayment" />
	  <put name="helpFunction" 	value="TT" />
	  <put name="helpSteps" 	value="Confirm" />
	  <put name="screenId" 		value="ttConfirm" /> 
	</definition>
	
	<definition name="payment.telegraphicTransfer.secure.tile" extends="payment.telegraphicTransfer.tile">
		<put name="title" value="Transfers &amp; Payments" />
		<put name="body" value="/jsp/payment/ttSecure.jsp" />
	  <put name="helpMenu" 		value="TransferandPayment" />
	  <put name="helpFunction" 	value="TT" />
	  <put name="helpSteps" 	value="Secure" />
	  <put name="screenId" 		value="PaymentSecure" /> 
	</definition>

   <definition name="payment.telegraphicTransfer.duplicateTT.tile" extends="payment.telegraphicTransfer.tile">
	  <put name="title" value="Transfers &amp; Payments" />
	  <put name="body" value="/jsp/payment/ttDuplicate.jsp" />
	  <put name="defaultForm" value="ttRequestForm" />
	  <put name="helpMenu" 		value="TransferandPayment" />
	  <put name="helpFunction" 	value="TT" />
	  <put name="helpSteps" 	value="duplicate" />
	  <put name="screenId" 		value="ttDuplicate" /> 
	</definition>
	
	<definition name="payment.telegraphicTransfer.receipt.tile" extends="payment.telegraphicTransfer.tile">
		<put name="title" value="Transfers &amp; Payments" />
		<put name="body" value="/jsp/payment/ttReceipt.jsp" />
		<put name="whatNext" value="/jsp/common/whatNext.jsp" />
	  <put name="helpMenu" 		value="TransferandPayment" />
	  <put name="helpFunction" 	value="TT" />
	  <put name="helpSteps" 	value="Receipt" />
	  <put name="screenId" 		value="" /> 
	</definition>

 
   <definition name="payment.telegraphicTransfer.register" extends="payment.telegraphicTransfer.tile">
	  <put name="title" value="Transfers &amp; Payments" />
	  <put name="body" value="/jsp/payment/ttRegister.jsp" />
	  <put name="helpMenu" 		value="TransferandPayment" />
	  <put name="helpFunction" 	value="TT" />
	  <put name="helpSteps" 	value="Details" />
	  <put name="screenId" 		value="ttRegister" /> 
  </definition>
 
  <definition name="payment.telegraphicTransfer.selectPayment.options" extends="payment.telegraphicTransfer.tile">
		<put name="title" value="Transfers &amp; Payments" />
		<put name="body" value="/jsp/payment/ttSelectPaymentOptions.jsp" />
	  <put name="helpMenu" 		value="TransferandPayment" />
	  <put name="helpFunction" 	value="TT" />
	  <put name="helpSteps" 	value="Secure" />
	  <put name="screenId" 		value="ttSelectPaymentOptions" /> 
  </definition>
  
  <definition name="payment.telegraphicTransfer.cancel.tile" extends="payment.tile">
		<put name="title" value="Transfers &amp; Payments" />
		<put name="body" value="/jsp/payment/ttTraceCancel.jsp" />
		<!-- <put name="menu" value="payments.menu" /> -->
		<put name="defaultForm" value="ttTraceCancelForm" />
	  <put name="helpMenu" 		value="TransferandPayment" />
	  <put name="helpFunction" 	value="TT" />
	  <put name="helpSteps" 	value="Cancel" />
	  <put name="screenId" 		value="" /> 
	</definition>


	<definition name="payment.telegraphicTransfer.cancelConfirm.tile" extends="payment.telegraphicTransfer.cancel.tile">
		<put name="title" value="Transfers &amp; Payments" />
		<put name="body" value="/jsp/payment/ttTraceCancelConfirm.jsp" />
	  <put name="helpMenu" 		value="TransferandPayment" />
	  <put name="helpFunction" 	value="TT" />
	  <put name="helpSteps" 	value="CancalConfirm" />
	  <put name="screenId" 		value="ttCancelConfirm" /> 
	</definition>
  <!-- Telegraphic Transfer END -->

	<!-- Bank eCheque Order:  Default Page-->
	<definition name="payment.bankcheque.order.tile" extends="payment.tile">
		<put name="title" value="Cheque Services" />
		<put name="body" value="/jsp/payment/orderBankCheque.jsp" />
		<put name="defaultForm" value="bankChequeOrderForm" />
		<!-- <put name="menu" value="parent.menu" /> -->
	  <put name="helpMenu" 		value="Cheque" />
	  <put name="helpFunction" 	value="OrderChq" />
	  <put name="helpSteps" 	value="BankChqInfo" />
	  <put name="screenId" 		value="orderBankCheque" />
	  <put name="menuOption" 		value="2" />  
	</definition>

	<!-- Bank eCheque Order:  Confirm Page-->
	<definition name="payment.bankcheque.order.confirm.tile" extends="payment.bankcheque.order.tile">
		<put name="title" value="Cheque Services" />
		<put name="body" value="/jsp/payment/orderBankChequeConfirm.jsp" />
	  <put name="helpMenu" 		value="Cheque" />
	  <put name="helpFunction" 	value="OrderChq" />
	  <put name="helpSteps" 	value="Confirm" />
	  <put name="screenId" 		value="orderBankChqConfirm" />
	  	  <put name="menuOption" 		value="2" /> 
	</definition>

	<!-- Bank eCheque Order:  Receipt Page-->
	<!-- This jsp should have what do you want to do links -->
	<definition name="payment.bankcheque.order.receipt.tile" extends="payment.bankcheque.order.tile">
		<put name="title" value="Cheque Services" />
		<put name="body" value="/jsp/payment/orderBankChequeReceipt.jsp" />
		<put name="whatNext" value="/jsp/common/whatNext.jsp" />
	  <put name="helpMenu" 		value="Cheque" />
	  <put name="helpFunction" 	value="OrderChq" />
	  <put name="helpSteps" 	value="Receipt" />
	  <put name="screenId" 		value="orderBankChequeReceipt" />
	  	  <put name="menuOption" 		value="2" /> 
	</definition>
	
	<!-- Bank eCheque Order:  Duplicate Page-->
	<definition name="payment.bankcheque.order.duplicate.tile" extends="payment.bankcheque.order.tile">
		<put name="title" value="Cheque Services" />
		<put name="body" value="/jsp/payment/orderBankChequeDuplicate.jsp" />
	  <put name="helpMenu" 		value="Cheque" />
	  <put name="helpFunction" 	value="OrderChq" />
	  <put name="helpSteps" 	value="duplicate" />
	  <put name="screenId" 		value="orderBankChequeDuplicate" />
	  	  <put name="menuOption" 		value="2" /> 
	</definition>
	
	<!-- Bank iCheque Order:  Default Page-->
	<definition name="payment.bankicheque.order.tile" extends="payment.tile">
		<put name="title" value="Cheque Services" />
		<put name="body" value="/jsp/payment/orderBankCheque.jsp" />
		<put name="defaultForm" value="bankChequeOrderForm" />
		<!-- <put name="menu" value="parent.menu" /> -->
	  <put name="helpMenu" 		value="" />
	  <put name="helpFunction" 	value="" />
	  <put name="helpSteps" 	value="" />
	  <put name="screenId" 		value="" />
	  	  <put name="menuOption" 		value="2" /> 
	</definition>

	<!-- Bank iCheque Order:  Confirm Page-->
	<definition name="payment.bankicheque.order.confirm.tile" extends="payment.bankicheque.order.tile">
		<put name="title" value="Cheque Services" />
		<put name="body" value="/jsp/payment/orderBankChequeConfirm.jsp" />
	  <put name="helpMenu" 		value="" />
	  <put name="helpFunction" 	value="" />
	  <put name="helpSteps" 	value="" />
	  <put name="screenId" 		value="" /> 
	  	  <put name="menuOption" 		value="2" />
	</definition>

	<!-- Bank iCheque Order:  Receipt Page-->
	<!-- This jsp should have what do you want to do links -->
	<definition name="payment.bankicheque.order.receipt.tile" extends="payment.bankicheque.order.tile">
		<put name="title" value="Cheque Services" />
		<put name="body" value="/jsp/payment/orderBankChequeReceipt.jsp" />
		<put name="whatNext" 		value="/jsp/common/whatNext.jsp" />
	  <put name="helpMenu" 		value="" />
	  <put name="helpFunction" 	value="" />
	  <put name="helpSteps" 	value="" />
	  <put name="screenId" 		value="" /> 
	  	  <put name="menuOption" 		value="2" />
	</definition>


	<!-- Bank Cheque Cancel:  Default Page-->
	<definition name="payment.bankcheque.cancel.tile" extends="payment.tile">
		<put name="title" value="Cheque Services" />
		<put name="body" value="/jsp/payment/cancelBankCheque.jsp" />
		<!-- <put name="menu" value="parent.menu" /> -->
		<put name="defaultForm" value="bankChequeCancelForm" />
	  <put name="helpMenu" 		value="Cheque" />
	  <put name="helpFunction" 	value="CancelChq" />
	  <put name="helpSteps" 	value="" />
	  <put name="screenId" 		value="" /> 
	  	  <put name="menuOption" 		value="2" />
	</definition>

	<!-- Bank Cheque Cancel Confirm:  Confirm Page-->
	<definition name="payment.bankcheque.cancel.confirm.tile" extends="payment.bankcheque.cancel.tile">
		<put name="title" value="Cheque Services" />
		<put name="body" value="/jsp/payment/cancelBankChequeConfirm.jsp" />
	  <put name="helpMenu" 		value="Cheque" />
	  <put name="helpFunction" 	value="CancelChq" />
	  <put name="helpSteps" 	value="Confirm" />
	  <put name="screenId" 		value="cancelBankChequeConfirm" />
	  	  <put name="menuOption" 		value="2" /> 
	</definition>

	<!-- Bank iCheque Cancel:  Default Page-->
	<definition name="payment.bankicheque.cancel.tile" extends="payment.tile">
		<put name="title" value="Cheque Services" />
		<put name="body" value="/jsp/payment/cancelBankCheque.jsp" />
		<!-- <put name="menu" value="parent.menu" /> -->
		<put name="defaultForm" value="bankChequeCancelForm" />
	  <put name="helpMenu" 		value="" />
	  <put name="helpFunction" 	value="" />
	  <put name="helpSteps" 	value="" />
	  <put name="screenId" 		value="" /> 
	  	  <put name="menuOption" 		value="2" />
	</definition>

	<!-- Bank iCheque Cancel Confirm:  Confirm Page-->
	<!-- This jsp should have what do you want to do links -->
	<definition name="payment.bankicheque.cancel.confirm.tile" extends="payment.bankicheque.cancel.tile">
		<put name="title" value="Cheque Services" />
		<put name="body" value="/jsp/payment/cancelBankChequeConfirm.jsp" />
		<put name="whatNext" value="/jsp/common/whatNext.jsp" />
	  <put name="helpMenu" 		value="" />
	  <put name="helpFunction" 	value="" />
	  <put name="helpSteps" 	value="" />
	  <put name="screenId" 		value="" /> 
	  	  <put name="menuOption" 		value="2" />
	</definition>
	
	
<!-- VIEW SESSION RECEIPTS -->
<!-- This jsp should have what do you want to do links -->
  <definition name="ibank.sessionReceipts" extends="ibank.mainLayout">
	  <put name="title"  		value="Session Receipts" />
	  <put name="body"   		value="/jsp/account/viewSessionReceipts.jsp" />
	  <put name="whatNext" value="/jsp/common/whatNext.jsp" />
	  <!-- <put name="menu"   		value="payments.menu" /> -->
  	<put name="defaultForm" 	value="sessionReceiptsForm" />
	  <put name="helpMenu" 		value="TransferandPayment" />
	  <put name="helpFunction" 	value="SessionReceipts" />
	  <put name="helpSteps" 	value="" />
	  <put name="screenId" 		value="" />
	  <put name="menuOption" 		value="1" /> 
  </definition>
<!-- VIEW SESSION RECEIPTS -->

<!-- Credit Card Balance Transfer -->
	<definition name="payment.ccBalanceTransfer.tile" extends="payment.tile">		
		<put name="title"		value="Transfers &amp; Payments" />
		<!-- <put name="menu"		value="payments.menu" /> -->
		<put name="body"		value="/jsp/payment/ccBalanceTransferRequest.jsp" />
		<put name="defaultForm" value="ccBalanceTransferForm" />
	  <put name="helpMenu" 		value="TransferandPayment" />
	  <put name="helpFunction" 	value="CCTransfer" />
	  <put name="helpSteps" 	value="" />
	  <put name="screenId" 		value="" /> 
	</definition>
	
	<definition name="payment.defaultCCBalanceTransfer.tile" extends="payment.ccBalanceTransfer.tile">
		<put name="title" value="Transfers &amp; Payments" />
		<put name="body" value="/jsp/payment/ccBalanceTransferRequest.jsp" />
	  <put name="helpMenu" 		value="TransferandPayment" />
	  <put name="helpFunction" 	value="CCTransfer" />
	  <put name="helpSteps" 	value="Request" />
	  <put name="screenId" 		value="" /> 
	</definition>
	
	<definition name="payment.submitCCBalanceTransfer.tile" extends="payment.ccBalanceTransfer.tile">		
		<put name="title" value="Transfers &amp; Payments" />
		<put name="body" value="/jsp/payment/ccBalanceTransferConfirm.jsp" />
	  <put name="helpMenu" 		value="TransferandPayment" />
	  <put name="helpFunction" 	value="CCTransfer" />
	  <put name="helpSteps" 	value="submit" />
	  <put name="screenId" 		value="submitCCXfer" /> 
	</definition>
	<definition name="payment.clearCCBalanceTransfer.tile" extends="payment.ccBalanceTransfer.tile">		
		<put name="title" value="Transfers &amp; Payments" />
		<put name="body" value="/jsp/payment/ccBalanceTransferRequest.jsp" />
	  <put name="helpMenu" 		value="TransferandPayment" />
	  <put name="helpFunction" 	value="CCTransfer" />
	  <put name="helpSteps" 	value="clear" />
	  <put name="screenId" 		value="" /> 
	</definition>
	<definition name="payment.previousCCBalanceTransfer.tile" extends="payment.ccBalanceTransfer.tile">		
		<put name="title" value="Transfers &amp; Payments" />
		<put name="body" value="/jsp/payment/ccBalanceTransferRequest.jsp" />
	  <put name="helpMenu" 		value="TransferandPayment" />
	  <put name="helpFunction" 	value="CCTransfer" />
	  <put name="helpSteps" 	value="" />
	  <put name="screenId" 		value="" /> 
	</definition>
	
	<!-- This jsp should have what do you want to do links -->
	<definition name="payment.confirmCCBalanceTransfer.tile" extends="payment.ccBalanceTransfer.tile">		
		<put name="title" value="Transfers &amp; Payments" />
		<put name="body" value="/jsp/payment/ccBalanceTransferReceipt.jsp" />
		<put name="whatNext" value="/jsp/common/whatNext.jsp" />
		<put name="defaultForm" value="ccBalanceTransferForm" />
	  <put name="helpMenu" 		value="TransferandPayment" />
	  <put name="helpFunction" 	value="CCTransfer" />
	  <put name="helpSteps" 	value="Confirm" />
	  <put name="screenId" 		value="" /> 
	</definition>
	
	<definition name="payment.confirmCCBalanceTransferCLIConsent.tile" extends="payment.ccBalanceTransfer.tile">		
		<put name="title" value="Transfers &amp; Payments" />
		<put name="body" value="/jsp/payment/ccBalanceTransferReceipt.jsp" />
		<put name="whatNext" value="/jsp/common/whatNext.jsp" />
		<put name="defaultForm" value="ccBalanceTransferForm" />
	  <put name="helpMenu" 		value="TransferandPayment" />
	  <put name="helpFunction" 	value="CCTransfer" />
	  <put name="helpSteps" 	value="Confirm" />
	  <put name="screenId" 		value="" /> 
	</definition>
	
	<definition name="ibank.ccTNCLayout" path="/jsp/common/extendedLayout.jsp">
	  <put name="header" 		value="/jsp/common/header.jsp" />
	  <put name="menu"   		value="/jsp/common/blankMenu.jsp" />
	  <put name="whatNext" 		value="/jsp/common/whatNextBlank.jsp" />
	  <put name="footer" 		value="/jsp/common/footer.jsp" />
	  <put name="body"   		value="/jsp/common/body.jsp" />
  	  <put name="toolsbar"      value="/jsp/common/blankToolsbar.jsp" />
  </definition>
  
	<definition name="payment.ccImportantNotes.tile" extends="ibank.ccTNCLayout">		
		<put name="title" value="Transfers &amp; Payments" />
		<put name="body" value="/jsp/payment/ccImportantNotes.jsp" />
		<put name="defaultForm" value="ccBalanceTransferForm" />
	  <put name="helpMenu" 		value="TransferandPayment" />
	  <put name="helpFunction" 	value="CCTransfer" />
	  <put name="helpSteps" 	value="Notes" />
	  <put name="screenId" 		value="" /> 
	</definition>


	<definition name="payment.transfer.btDefault.tile" extends="payment.tile">
		<put name="title" value="Transfers &amp; Payments" />
		<put name="body" value="/jsp/payment/btTransfer.jsp" />
		<put name="defaultForm" value="accountTransferForm" />
	  <put name="helpMenu" 		value="TransferandPayment" />
	  <put name="helpFunction" 	value="BTTransfer" />
	  <put name="helpSteps" 	value="initialPage" />
	  <put name="screenId" 		value="btFundTransferDefault" /> 
	</definition>

	<definition name="payment.transfer.btTrasferDetails.tile" extends="payment.tile">
		<put name="title" value="Transfers &amp; Payments" />
		<put name="body" value="/jsp/payment/btAccountTransferDeatils.jsp" />
		<put name="defaultForm" value="accountTransferForm" />
	  <put name="helpMenu" 		value="TransferandPayment" />
	  <put name="helpFunction" 	value="BTTransfer" />
	  <put name="helpSteps" 	value="details" />
	  <put name="screenId" 		value="btFundTransferContinue" /> 
	</definition>

	<definition name="payment.transfer.btTrasferConfirm.tile" extends="payment.tile">
		<put name="title" value="Transfers &amp; Payments" />
		<put name="body" value="/jsp/payment/btAccountTransferConfirm.jsp" />
		<put name="defaultForm" value="accountTransferForm" />
	  <put name="helpMenu" 		value="TransferandPayment" />
	  <put name="helpFunction" 	value="BTTransfer" />
	  <put name="helpSteps" 	value="confirm" />
	  <put name="screenId" 		value="btFundTransferConfirm" /> 
	</definition>

	<!-- Account Transfer Page: -->
	<definition name="payment.transfer.btduplicate.tile" extends="payment.account.transfer.tile">
		<put name="title" value="Duplicate Notification" />
		<put name="body" value="/jsp/payment/btAccountTransferDuplicate.jsp" />
		<put name="defaultForm" value="accountTransferForm" />
	  <put name="helpMenu" 		value="TransferandPayment" />
	  <put name="helpFunction" 	value="BTTransfer" />
	  <put name="helpSteps" 	value="duplicate" />
	  <put name="screenId" 		value="duplicateAcctToAcct" /> 
	</definition>

	<!-- This jsp should have what do you want to do links -->
	<definition name="payment.transfer.btReceipt.tile" extends="payment.account.transfer.tile">
		<put name="title" value="Transfers &amp; Payments" />
		<!-- <put name="menu" value="payments.menu" /> -->
		<put name="body" value="/jsp/payment/btAccountTransferReceipt.jsp" />
		<put name="whatNext" value="/jsp/common/whatNext.jsp" />
		<put name="defaultForm" value="accountTransferForm" />
	  	<put name="helpMenu" 		value="TransferandPayment" />
		<put name="helpFunction" 	value="BTTransfer" />
	  	<put name="helpSteps" 	value="receipt" />
	  	<put name="screenId" 		value="" /> 
	</definition>
<!-- Credit Card Balance Transfer -->

	<definition name="payment.transfer.bt.schedulePaymentCreateFrequency.tile" extends="payment.account.transfer.tile">
		<put name="title" value="Scheduled Payments" />
		<put name="body" value="/jsp/payment/btScheduledPaymentCreateFrequency.jsp" />
	  <put name="helpMenu" 		value="TransferandPayment" />
	  <put name="helpFunction" 	value="BTTransfer" />
	  <put name="helpSteps" 	value="schFreq" />
	  <put name="screenId" 		value="btFundTransferSchFreq" /> 
	</definition>

	<!-- BT Create Scheduled Payments Create Confirm Page: -->
	<definition name="payment.transfer.bt.schedulePaymentCreateConfirm.tile" extends="payment.account.transfer.tile">
		<put name="title" value="Scheduled Payments" />
		<put name="body" value="/jsp/payment/btScheduledPaymentCreateConfirm.jsp" />
	  <put name="helpMenu" 		value="TransferandPayment" />
	  <put name="helpFunction" 	value="BTTransfer" />
	  <put name="helpSteps" 	value="schConfirm" />
	  <put name="screenId" 		value="btFundTransferSchConfirm" /> 
	</definition>
  
  
</tiles-definitions>