 <beans xmlns="http://www.springframework.org/schema/beans"
	xmlns:xsi="http://www.w3.org/2001/XMLSchema-instance"
	xmlns:p="http://www.springframework.org/schema/p"
	xmlns:context="http://www.springframework.org/schema/context"
	xmlns:mvc="http://www.springframework.org/schema/mvc"
	xsi:schemaLocation="http://www.springframework.org/schema/beans
		http://www.springframework.org/schema/beans/spring-beans.xsd
		http://www.springframework.org/schema/context
		http://www.springframework.org/schema/context/spring-context.xsd
		http://www.springframework.org/schema/mvc
        http://www.springframework.org/schema/mvc/spring-mvc.xsd">

	<context:component-scan base-package="au.com.stgeorge.ibank3" />


<!-- 	<bean 
		class="org.springframework.web.servlet.view.UrlBasedViewResolver">
		<property name="viewClass">
			<value>
				org.springframework.web.servlet.view.tiles3.TilesView
			</value>
		</property>
		<property name="order" value="1" />
	</bean> -->
	
	<bean id="tilesViewResolver" class="org.springframework.web.servlet.view.tiles3.TilesViewResolver">
		<property name="order" value="1" />
    </bean>

	<bean id="viewResolver" class="org.springframework.web.servlet.view.InternalResourceViewResolver">
		<property name="prefix">
			<value>/jsp/ibank3/views/jsp/</value>
		</property>
		<property name="suffix">
			<value>.jsp</value>
		</property>
		<property name="order" value="2" />
	</bean>
	
	<!-- <bean id="tilesConfigurer" class="org.springframework.web.servlet.view.tiles3.TilesConfigurer">
		<property name="definitions">
			<list>
				<value>/WEB-INF/config/ibank2/tiles-ibank2-common.xml</value>
				<value>/WEB-INF/config/ibank2/tiles-ibank2-accounts.xml</value>
				<value>/WEB-INF/config/ibank2/tiles-ibank2-payments.xml</value>
				<value>/WEB-INF/config/ibank2/tiles-ibank2-customer.xml</value>
				<value>/WEB-INF/config/ibank2/tiles-ibank2-products.xml</value>
				<value>/WEB-INF/config/ibank2/tiles-ibank2-alerts.xml</value>
				<value>/WEB-INF/config/ibank2/tiles-ibank2-message.xml</value>
				<value>/WEB-INF/config/ibank3/tiles-ibank-springMVC.xml</value>
				<value>/WEB-INF/config/ibank3/tiles-ibank-springMVC-customer.xml</value>
				<value>/WEB-INF/config/ibank3/tiles-ibank-springMVC-account.xml</value>
			</list>
		</property>
	</bean> -->
	
	<bean id="messageSource" class="org.springframework.context.support.ResourceBundleMessageSource">
        <property name="basename" value="WEB-INF/spring-validation" />
    </bean>

	<mvc:annotation-driven />
	
</beans>