<?xml version="1.0" encoding="UTF-8"?>
<beans default-init-method="init"
	xmlns="http://www.springframework.org/schema/beans"
       xmlns:xsi="http://www.w3.org/2001/XMLSchema-instance"
       xmlns:aop="http://www.springframework.org/schema/aop"
       xmlns:tx="http://www.springframework.org/schema/tx"
       xmlns:flow="http://www.springframework.org/schema/webflow-config"
	   xmlns:jee="http://www.springframework.org/schema/jee"
	   xmlns:util="http://www.springframework.org/schema/util"
       xsi:schemaLocation="
           http://www.springframework.org/schema/beans
           http://www.springframework.org/schema/beans/spring-beans-2.0.xsd
		   http://www.springframework.org/schema/jee
           http://www.springframework.org/schema/jee/spring-jee-2.0.xsd
           http://www.springframework.org/schema/util
           http://www.springframework.org/schema/util/spring-util-2.0.xsd">

	<jee:jndi-lookup id="MQQueueConnectionFactory" resource-ref="true" jndi-name="jms/otpServiceQCF"/>
	<jee:jndi-lookup id="listenerQueue" resource-ref="true" jndi-name="jms/otpServiceListenerQueue"/>
	<jee:jndi-lookup id="requestQueue" resource-ref="true" jndi-name="jms/otpServiceRequestQueue"/>
	<jee:jndi-lookup id="replyQueue" resource-ref="true" jndi-name="jms/otpServiceReplyQueue"/>
	
	<bean id="requestTemplate" class="org.springframework.jms.core.JmsTemplate102">
		<property name="connectionFactory" ref="connectionFactory"/>
		<property name="defaultDestination" ref="requestQueue"/>			
	</bean>	

	<bean id="replyTemplate" class="org.springframework.jms.core.JmsTemplate102">
		<property name="connectionFactory" ref="connectionFactory"/>
		<property name="defaultDestination" ref="replyQueue"/>		
		<property name="receiveTimeout" value="15000"/>
		<property name="messageConverter" ref="WMQIMessageConverter"/>
	</bean>			
	

	<bean id="connectionFactory" class="org.springframework.jms.connection.UserCredentialsConnectionFactoryAdapter"> 
		<property name="username" value="S999044"/>
		<property name="password" value=""/>
		<property name="targetConnectionFactory" ref="MQQueueConnectionFactory"/>
	</bean>

	<bean id="WMQIMessageConverter" class="au.com.stgeorge.infrastructure.jms.spring.MessageConverter">
		<property name="messageNameToClassMap" ref="messageNameToClassMap"/>
		<property name="createWMQIResponse" value="true"/>
	</bean>

	<bean id="messageNameToClassMap" class="org.springframework.beans.factory.config.MapFactoryBean">
		<property name="sourceMap">
			<map>
				<entry>
					<key><value>Fault</value></key>
            		<value>au.com.stgeorge.wmqi.schema.common.Fault</value>
		        </entry>    
		        <entry>
					<key><value>OTPCreateSrv</value></key>
            		<value>au.com.stgeorge.wmqi.schema.customer.otpcreatesrv.OTPCreateSrv</value>
		        </entry>
		        <entry>
					<key><value>OTPVerifySrv</value></key>
            		<value>au.com.stgeorge.wmqi.schema.customer.otpverifysrv.OTPVerifySrv</value>
		        </entry>   
				<entry>
					<key><value>OTPInq</value></key>
            		<value>au.com.stgeorge.wmqi.schema.customer.otpinq.OTPInq</value>
		        </entry>     				    
				<entry>
					<key><value>SMSSrv</value></key>
            		<value>au.com.stgeorge.wmqi.schema.communication.smssrv.SMSSrv</value>
		        </entry>    		        
		        <entry>
					<key><value>IVRSrv</value></key>
            		<value>au.com.stgeorge.wmqi.schema.communication.ivrsrv.IVRSrv</value>
		        </entry>
		        <entry>
					<key><value>SMSSrvResp</value></key>
            		<value>au.com.stgeorge.wmqi.schema.communication.smssrv.SMSSrvResp</value>
		        </entry>
		        <entry>
					<key><value>IVRSrvResp</value></key>
            		<value>au.com.stgeorge.wmqi.schema.communication.ivrsrv.IVRSrvResp</value>
		        </entry>
			</map>
		</property>
	</bean>

	<bean id="messageListener" class="au.com.stgeorge.otp.service.MQMessageListenerAdapter">
    	<property name="delegate" ref="otpService"/>
    	<property name="defaultListenerMethod" value="receive"/>
	    <property name="messageConverter" ref="messageConverter"/>
	</bean>

	<bean id="otpService" class="au.com.stgeorge.otp.service.OTPServiceImpl">					
	</bean>



	<bean id="messageConverter" class="au.com.stgeorge.infrastructure.jms.spring.MessageConverter">
		<property name="messageNameToClassMap" ref="messageNameToClassMap"/>
		<property name="createWMQIResponse" value="false"/>
	</bean>

	<!-- 
	<bean id="taskExecutor" class="org.springframework.scheduling.commonj.WorkManagerTaskExecutor">
	    <property name="workManagerName" value="wm/default"/>
    	<property name="resourceRef" value="true"/>    	
	</bean>	
	
	<bean id="listenerContainer" class="org.springframework.jms.listener.DefaultMessageListenerContainer102">
  		<property name="taskExecutor" ref="taskExecutor"/>
	 	<property name="connectionFactory" ref="connectionFactory" />
  		<property name="destination" ref="listenerQueue" />
  		<property name="messageListener" ref="messageListener" />
  		<property name= "concurrentConsumers" value="10"/>
  		<property name= "maxConcurrentConsumers" value="50"/>
  		<property name="cacheLevel">
  			<util:constant static-field="org.springframework.jms.listener.DefaultMessageListenerContainer.CACHE_NONE"/>
  		</property>
	</bean>	
	-->
</beans>