{
  "entities": {
    "arrangements": [
      {
        "currentBalance": { "amount": "48019.39", "position": "DR", "currencyCode": "AUD" },
        "availableBalance": { "amount": "", "position": "CR", "currencyCode": "AUD" },
        "variableInterestRate": "5.690",
        "loanMaturityDate": "2022-04-29",
        "repaymentType": "IO",
        "interestOnlyMaturityDate": "2022-06-28",
        "monthlyRepayment": "11111.00",
        "redrawIndicatorSet": true,
        "loanLimit": "50000.00",
        "productName": "Rocket Investment Loan2",
        "remainingTermPIF": "23",
        "remainingTermIO": "25",
        "nextPaymentDueDate": "2020-05-28",
        "discounts": [
          {
            "type": "BridgingLoan",
            "amount": "0.48"
          },
          {
            "type": "BridgingLoan",
            "amount": "0.23"
          }
        ],
        "id": "NRen@gjFf"
      }
    ]
  },
  "result": { "arrangements": [null] }
}
