<Context>

	<!-- Default set of monitored resources. If one of these changes, the -->
	<!-- web application will be reloaded. -->
	<WatchedResource>WEB-INF/web.xml</WatchedResource>
	<!-- <WatchedResource>WEB-INF/tomcat-web.xml</WatchedResource> <WatchedResource>${catalina.base}/conf/web.xml</WatchedResource> -->
	<!-- Uncomment this to disable session persistence across Tomcat restarts -->
	<!-- <Manager pathname="" /> -->
  <CookieProcessor className="org.apache.tomcat.util.http.LegacyCookieProcessor"/>	
	<Resource auth="Container"
		driverClassName="com.microsoft.sqlserver.jdbc.SQLServerDriver"
		maxIdle="30" maxTotal="100" maxWaitMillis="10000"
		name="jdbc/messageCentre" password="devcompass"
		type="javax.sql.DataSource"
		url="jdbc:sqlserver://virntdbd047:1435;databaseName=MessageCentre"
		username="compassdev" />
<!--   <Resource auth="Container"
    driverClassName="com.ibm.db2.jcc.DB2Driver"
    maxIdle="30" maxTotal="100" maxWaitMillis="10000"
    name="jdbc/gcisDatasource" password="Ta@112019"
    type="javax.sql.DataSource"
    url="jdbc:db2://au2106ldd0003.wsdc.nsw.westpac.com.au:51100/ddcmp01"
    username="e64639" /> -->
  <Resource name="jdbc/gcisDatasource"
    factory="org.apache.tomcat.jdbc.pool.DataSourceFactory"
    auth="Container" type="javax.sql.DataSource" username="${db2_user}"
    password="${db2_password}" driverClassName="com.ibm.db2.jcc.DB2Driver"
    description="Compass DB2"
    url="jdbc:db2://lu0fqrb.sysplex.nsw.westpac.com.au:5212/QRBDB2:driverType=4;currentSchema=DBO;?requireSSL=true;useSSL=true;sslConnection=true;autoReconnect=true;allowNextOnExhaustedResultSet=1;"
    maxTotal="10" maxIdle="10" maxWaitMillis="10000"
    removeAbandonedTimeout="300" defaultAutoCommit="true"
    testOnBorrow="true"  testOnConnect="true"
    testOnReturn="true" testWhileIdle="true" validationQuery="Select 1 from sysibm.sysdummy1" />
  <Resource auth="Container"
    driverClassName="com.microsoft.sqlserver.jdbc.SQLServerDriver"
    maxIdle="30" maxTotal="100" maxWaitMillis="10000"
    name="jdbc/transactionHistory" password="TranHistLoadBatch"
    type="javax.sql.DataSource"
    url="jdbc:sqlserver://virntdbd047:1437;databaseName=TransactionHistory"
    username="TranHistLoadBatch" />
    
  <Resource auth="Container"
    driverClassName="com.microsoft.sqlserver.jdbc.SQLServerDriver"
    maxIdle="30" maxTotal="100" maxWaitMillis="10000"
    name="jdbc/sessionDB" password="devcompass"
    type="javax.sql.DataSource"
    url="jdbc:sqlserver://virntdbd047:1439;databaseName=SessionDB"
    username="compassdev" />
        
<!-- 	<Resource name="jms/ibankQCF" auth="Container"
		type="com.ibm.mq.jms.MQQueueConnectionFactory"
		factory="com.ibm.mq.jms.MQQueueConnectionFactoryFactory"
		description="IBank JMS Queue Connection Factory for sending messages"
		HOST="mqtest" PORT="1421" CHAN="CLIENTS_COMPASS.CH" TRAN="1"
		QMGR="MQCLNTD1" userName="S999001"/>
	<Resource name="jms/ibankRequestQueue" auth="Container"
		type="com.ibm.mq.jms.MQQueue" factory="com.ibm.mq.jms.MQQueueFactory"
		description="ibankRequestQueue JMS Queue for receiving messages from Dialog"
		QU="TST1.MQSI.IBNK.REQ" />
	<Resource name="jms/ibankReplyQueue" auth="Container"
		type="com.ibm.mq.jms.MQQueue" factory="com.ibm.mq.jms.MQQueueFactory"
		description="ibankRequestQueue JMS Queue for receiving messages from Dialog"
		QU="TST1.IBNK.MQSI.REPLY" /> -->

   <Resource name="jms/IbankESBListenerRequestQueue"
             auth="Container"
             type="com.ibm.mq.jms.MQQueue"
             factory="com.ibm.mq.jms.MQQueueFactory"
             QU="TST1.IBNK.WESB.REQ"/>
   <Resource name="jms/IbankFastFundListenerQueue"
             auth="Container"
             type="com.ibm.mq.jms.MQQueue"
             factory="com.ibm.mq.jms.MQQueueFactory"
             QU="TST1.IBNK.WESB.INPUT"/>
   <Resource name="jms/ebpReplyQueue"
             auth="Container"
             type="com.ibm.mq.jms.MQQueue"
             factory="com.ibm.mq.jms.MQQueueFactory"
             QU="TST1.IBNK.EBP.REPLY"/>
   <Resource name="jms/ebpRequestQueue"
             auth="Container"
             type="com.ibm.mq.jms.MQQueue"
             factory="com.ibm.mq.jms.MQQueueFactory"
             QU="TST1.EBP.INET.REQ"/>
   <Resource name="jms/esbReplyQueue"
             auth="Container"
             type="com.ibm.mq.jms.MQQueue"
             factory="com.ibm.mq.jms.MQQueueFactory"
             QU="CMP.QA.IBNK.ESB360.REPLY.SIT1"/>
   <Resource name="jms/esbRequestQueue"
             auth="Container"
             type="com.ibm.mq.jms.MQQueue"
             factory="com.ibm.mq.jms.MQQueueFactory"
             QU="CMP.QA.ESB360.IBNK.REQUEST.SIT1"/>
   <Resource name="jms/IbankListenerRequestQueue"
             auth="Container"
             type="com.ibm.mq.jms.MQQueue"
             factory="com.ibm.mq.jms.MQQueueFactory"
             QU="TST1.EVSRV.MQSI.INPUT"/>
   <Resource name="jms/ibankReplyQueue"
             auth="Container"
             type="com.ibm.mq.jms.MQQueue"
             factory="com.ibm.mq.jms.MQQueueFactory"
             QU="CMP.QA.IBNK.ESBS.REPLY.SIT1"/>
   <Resource name="jms/ibankRequestQueue"
             auth="Container"
             type="com.ibm.mq.jms.MQQueue"
             factory="com.ibm.mq.jms.MQQueueFactory"
             QU="GN.QA.ESBS.IBNK.REQUEST.SIT1"/>
   <Resource name="jms/IbankUtilityRequestQueue"
             auth="Container"
             type="com.ibm.mq.jms.MQQueue"
             factory="com.ibm.mq.jms.MQQueueFactory"
             QU="TST1.IBNK.MQSI.INPUT"/>
   <Resource name="jms/ibankInputQueue"
             auth="Container"
             type="com.ibm.mq.jms.MQQueue"
             factory="com.ibm.mq.jms.MQQueueFactory"
             QU="GN.QA.ESBS.IBNK.INPUT.SIT1"/>
   <Resource name="jms/IbankPdfStatementListnerRequestQueue"
             auth="Container"
             type="com.ibm.mq.jms.MQQueue"
             factory="com.ibm.mq.jms.MQQueueFactory"
             QU="TST1.IBNKSRV.IBNK.REQ"/>
   <Resource name="jms/IbankPdfStatementListnerReplyQueue"
             auth="Container"
             type="com.ibm.mq.jms.MQQueue"
             factory="com.ibm.mq.jms.MQQueueFactory"
             QU="TST1.IBNK.IBNKSRV.REPLY"/>
   <Resource name="jms/smsRequestQueue"
             auth="Container"
             type="com.ibm.mq.jms.MQQueue"
             factory="com.ibm.mq.jms.MQQueueFactory"
             QU="TST1.ALRT.MQSI.REQ"/>
   <Resource name="jms/smsReplyQueue"
             auth="Container"
             type="com.ibm.mq.jms.MQQueue"
             factory="com.ibm.mq.jms.MQQueueFactory"
             QU="TST1.ALRT.MQSI.REPLY"/>
   <Resource name="jms/CompassUtilityListenerQueue"
             auth="Container"
             type="com.ibm.mq.jms.MQQueue"
             factory="com.ibm.mq.jms.MQQueueFactory"
             QU="TST1.IBNKSRV2.IBNK.INPUT"/>
<!--    <Resource name="jms/IDMCompassRequest"
             auth="Container"
             type="com.ibm.mq.jms.MQQueue"
             factory="com.ibm.mq.jms.MQQueueFactory"
             QU="TST1.IDMAUTH.IBNK.REQ"/>
   <Resource name="jms/IDMCompassReply"
             auth="Container"
             type="com.ibm.mq.jms.MQQueue"
             factory="com.ibm.mq.jms.MQQueueFactory"
             QU="TST1.IBNK.IDMAUTH.REPLY"/>-->   
   <Resource name="jms/IDMCompassRequest"
             auth="Container"
             type="com.ibm.mq.jms.MQQueue"
             factory="com.ibm.mq.jms.MQQueueFactory"
             QU="CMP.QA.IDMAUTH.IBNK.REQUEST.SIT1"/>
   <Resource name="jms/IDMCompassReply"
             auth="Container"
             type="com.ibm.mq.jms.MQQueue"
             factory="com.ibm.mq.jms.MQQueueFactory"
             QU="CMP.QA.IBNK.IDMAUTH.REPLY.SIT1"/>   
<!--    <Resource name="jms/ibankQCF"
             auth="Container"
             type="com.ibm.mq.jms.MQQueueConnectionFactory"
             factory="com.ibm.mq.jms.MQQueueConnectionFactoryFactory"
             HOST="mqtest"
             PORT="1421"
             CHAN="CLIENTS_COMPASS.CH"
             TRAN="1"
             QMGR="MQCLNTD1"/> -->
             <!-- 10.50.9.53 cmq1-rcc.static-ha.sit1.clientqm.trusted.stg.com.au-->
   <Resource name="jms/ibankQCF"
             auth="Container"
             type="com.ibm.mq.jms.MQQueueConnectionFactory"
             factory="com.ibm.mq.jms.MQQueueConnectionFactoryFactory"
             HOST="10.50.9.53"
             PORT="1414"
             CHAN="IBNK.CLIENTS.TLS"
             TRAN="1"
             QMGR=""
             SCPHS="TLS_RSA_WITH_AES_256_CBC_SHA256" />
   <Resource name="jms/IbankUtilityQCF"
             auth="Container"
             type="com.ibm.mq.jms.MQQueueConnectionFactory"
             factory="com.ibm.mq.jms.MQQueueConnectionFactoryFactory"
             HOST="mqtest"
             PORT="1421"
             CHAN="CLIENTS_COMPASS.CH"
             TRAN="1"
             QMGR="MQCLNTD1"/>
   <Resource name="jms/IbankListenerQCF"
             auth="Container"
             type="com.ibm.mq.jms.MQQueueConnectionFactory"
             factory="com.ibm.mq.jms.MQQueueConnectionFactoryFactory"
             HOST="mqtest"
             PORT="1421"
             CHAN="CLIENTS_COMPASS.CH"
             TRAN="1"
             QMGR="MQCLNTD1"/>
   <Resource name="jms/IbankFastFundListnerQCF"
             auth="Container"
             type="com.ibm.mq.jms.MQQueueConnectionFactory"
             factory="com.ibm.mq.jms.MQQueueConnectionFactoryFactory"
             HOST="mqtest"
             PORT="1421"
             CHAN="CLIENTS_COMPASS.CH"
             TRAN="1"
             QMGR="MQCLNTD1"/>
   <Resource name="jms/IbankESBListenerQCF"
             auth="Container"
             type="com.ibm.mq.jms.MQQueueConnectionFactory"
             factory="com.ibm.mq.jms.MQQueueConnectionFactoryFactory"
             HOST="mqtest"
             PORT="1421"
             CHAN="CLIENTS_COMPASS.CH"
             TRAN="1"
             QMGR="MQCLNTD1"/>
<!--    <Resource name="jms/ESBQCF"
             auth="Container"
             type="com.ibm.mq.jms.MQQueueConnectionFactory"
             factory="com.ibm.mq.jms.MQQueueConnectionFactoryFactory"
             HOST="mqtest"
             PORT="1429"
             CHAN="CLIENTS_ESB.CH"
             TRAN="1"
             QMGR="MQCLNTD3"/> -->
   <Resource name="jms/ESBQCF"
             auth="Container"
             type="com.ibm.mq.jms.MQQueueConnectionFactory"
             factory="com.ibm.mq.jms.MQQueueConnectionFactoryFactory"
             HOST="10.50.9.53"
             PORT="1414"
             CHAN="IBNK.CLIENTS.TLS"
             TRAN="1"
             QMGR=""
             SCPHS="TLS_RSA_WITH_AES_256_CBC_SHA256" />
   <Resource name="jms/IbankPdfStatementListnerQCF"
             auth="Container"
             type="com.ibm.mq.jms.MQQueueConnectionFactory"
             factory="com.ibm.mq.jms.MQQueueConnectionFactoryFactory"
             HOST="mqtest"
             PORT="1421"
             CHAN="CLIENTS_COMPASS.CH"
             TRAN="1"
             QMGR="MQCLNTD1"/>
   <Resource name="jms/smsQCF"
             auth="Container"
             type="com.ibm.mq.jms.MQQueueConnectionFactory"
             factory="com.ibm.mq.jms.MQQueueConnectionFactoryFactory"
             HOST="mqtest"
             PORT="1421"
             CHAN="CLIENTS_COMPASS.CH"
             TRAN="1"
             QMGR="MQCLNTD1"/>
<!--    <Resource name="jms/IDMCompassAuthQCF"
             auth="Container"
             type="com.ibm.mq.jms.MQQueueConnectionFactory"
             factory="com.ibm.mq.jms.MQQueueConnectionFactoryFactory"
             HOST="mqtest"
             PORT="1429"
             CHAN="CLIENTS_IDMAUTH.CH"
             TRAN="1"
             QMGR="MQCLNTD3"/> -->
    <Resource name="jms/IDMCompassAuthQCF"
             auth="Container"
             type="com.ibm.mq.jms.MQQueueConnectionFactory"
             factory="com.ibm.mq.jms.MQQueueConnectionFactoryFactory"
             HOST="10.50.9.53"
             PORT="1416"
             CHAN="IDMAUTH.CLIENTS.TLS"
             TRAN="1"
             QMGR=""
             SCPHS="TLS_RSA_WITH_AES_256_CBC_SHA256" /> <!-- username="idathusr" -->             
   <Resource name="jms/ibankPDFReqRespQCF"
             auth="Container"
             type="com.ibm.mq.jms.MQQueueConnectionFactory"
             factory="com.ibm.mq.jms.MQQueueConnectionFactoryFactory"
             HOST="mqtest.stgeorge.com.au"
             PORT="1421"
             CHAN="CLIENTS_COMPASS.CH"
             TRAN="1"
             QMGR="MQCLNTD1"/>
   <Resource name="jms/ibankPDFQCF"
             auth="Container"
             type="com.ibm.mq.jms.MQQueueConnectionFactory"
             factory="com.ibm.mq.jms.MQQueueConnectionFactoryFactory"
             HOST="mqtest.stgeorge.com.au"
             PORT="1421"
             CHAN="CLIENTS_COMPASS.CH"
             TRAN="1"
             QMGR="MQCLNTD1"/>
   <Resource name="jms/CompassUtilityQCF"
             auth="Container"
             type="com.ibm.mq.jms.MQQueueConnectionFactory"
             factory="com.ibm.mq.jms.MQQueueConnectionFactoryFactory"
             HOST="mqtest.stgeorge.com.au"
             PORT="1421"
             CHAN="CLIENTS_COMPASS.CH"
             TRAN="1"
             QMGR="MQCLNTD1"/>
	<Resources>
        <!-- Please note only delta files needed for Tomcat are kept in mbanktomcat folder, rest it will pick up from mbank folder-->
        <PreResources
          base="${configFilesPath}/IBankGroup/config/mbanktomcat"
          className="org.apache.catalina.webresources.DirResourceSet"
          webAppMount="/WEB-INF/classes" />

		<PreResources
			base="${configFilesPath}/IBankGroup/config/mbanktomcat/environment/sit1/application"
			className="org.apache.catalina.webresources.DirResourceSet"
			webAppMount="/WEB-INF/classes" />
        <!--End of delta files for Tomcat env -->

        <!-- Begin of normal config of mbank -->
        <PreResources
                base="${configFilesPath}/IBankGroup/config/mbank"
                className="org.apache.catalina.webresources.DirResourceSet"
                webAppMount="/WEB-INF/classes" />
        <PreResources
                 base="${configFilesPath}/IBankGroup/config/base/application"
                 className="org.apache.catalina.webresources.DirResourceSet"
                 webAppMount="/WEB-INF/classes"/>
        <PreResources
                base="${configFilesPath}/IBankGroup/config/mbank/environment/sit1/application"
                className="org.apache.catalina.webresources.DirResourceSet"
                webAppMount="/WEB-INF/classes" />

        <!-- For Java Hotswap purposes on IntelliJ
         Maven builds all the classes into       MBankGroup/MBService/MBWeb/target/MBWeb-1.0/WEB-INF/classes whereas
         IntelliJ Build compiles a Java file to  MBankGroup/MBService/MBWeb/target/classes
         Ctrl+Shift+F9 to compile a selected Java class to hot swap the code when server is running
         -->
        <PreResources
                base="${configFilesPath}/IBankGroup/IBankCommon/target/classes"
                className="org.apache.catalina.webresources.DirResourceSet"
                webAppMount="/WEB-INF/classes" />
        <PreResources
                base="${configFilesPath}/MBankGroup/MBService/MBWeb/target/classes"
                className="org.apache.catalina.webresources.DirResourceSet"
                webAppMount="/WEB-INF/classes" />

	</Resources>
</Context>