<?xml version="1.0" encoding="UTF-8"?>
<project xmlns="http://maven.apache.org/POM/4.0.0" xmlns:xsi="http://www.w3.org/2001/XMLSchema-instance"
  xsi:schemaLocation="http://maven.apache.org/POM/4.0.0 http://maven.apache.org/maven-v4_0_0.xsd">
  <modelVersion>4.0.0</modelVersion>
  <parent>
    <groupId>stgeorge.mb</groupId>
    <artifactId>MBTom</artifactId>
    <version>1.0</version>
    <relativePath>../MBTom/pom.xml</relativePath>
  </parent>
  <artifactId>MBWeb</artifactId>
	<packaging>war</packaging>
  <name>MBWeb</name>
  <version>${buildVersion}</version>
 
  <dependencies>
		<dependency>
		  <groupId>stgeorge.ibank</groupId>
		  <artifactId>IBankCommon</artifactId>
		  <version>${project.version}</version>
		  <type>jar</type>
		  <exclusions>
		    <exclusion>
		        <groupId>ibm.mq</groupId>
			    <artifactId>mq</artifactId>
		    </exclusion>
		    <exclusion>
		        <groupId>ibm.mq</groupId>
			    <artifactId>mqjms</artifactId>
		    </exclusion>
		    <exclusion>
		      <groupId>xml-security</groupId>
			  <artifactId>xmlsec</artifactId>
		    </exclusion>
		  </exclusions>
		</dependency>
      <!-- DO NOT COMMIT - This is a change for running Tomcat on development ONLY; NOT for Sparrow/WebSphere -->
<!--      <dependency>
          <groupId>org.jhades</groupId>
          <artifactId>jhades</artifactId>
          <version>1.0.4</version>
          <scope>compile</scope>
      </dependency>-->
	  <dependency>
		  <groupId>javax.jms</groupId>
		  <artifactId>javax.jms-api</artifactId>
		  <version>2.0.1</version>
		  <scope>compile</scope>
	  </dependency>
	  <dependency>
		  <groupId>stgeorge.services</groupId>
		  <artifactId>SBGTranHistory</artifactId>
		  <version>2.43</version>
		  <scope>compile</scope>
	  </dependency>
	  <dependency>
		  <groupId>stgeorge.services</groupId>
		  <artifactId>WDPService</artifactId>
		  <version>1.112</version>
		  <scope>compile</scope>
	  </dependency>
	  <dependency>
		  <groupId>com.ibm.mq</groupId>
		  <artifactId>com.ibm.mq.allclient</artifactId>
		  <version>9.0.4.0</version>
		  <scope>compile</scope>
	  </dependency>
	  <dependency>
		  <groupId>javax.validation</groupId>
		  <artifactId>validation-api</artifactId>
		  <version>2.0.0.Final</version>
	  </dependency>
  </dependencies>
	<build>
		<resources>
			<resource>
				<directory>src</directory>
				<includes>
					<include>**/*.properties</include>
					<include>**/*.xml</include>
				</includes>
			</resource>
		</resources>
		<sourceDirectory>src</sourceDirectory>
		<plugins>

			<!-- <plugin> <artifactId>maven-war-plugin</artifactId> <version>2.3</version> 
				<configuration> <archive> <manifestSections> <manifestSection> <name>Vendor 
				Details</name> <manifestEntries> <Implementation-Vendor>St George Bank</Implementation-Vendor> 
				</manifestEntries> </manifestSection> </manifestSections> <manifest> <addClasspath>true</addClasspath> 
				<classpathPrefix></classpathPrefix> </manifest> </archive> <warSourceDirectory>WebContent</warSourceDirectory> 
				<warSourceIncludes>**</warSourceIncludes> <packagingExcludes>WEB-INF/lib/*.jar</packagingExcludes> 
				</configuration> </plugin> -->
			<plugin>
				<artifactId>maven-war-plugin</artifactId>
				<version>3.2.3</version>
				<configuration>
					<!-- <packagingIncludes>WEB-INF/lib/*.jar</packagingIncludes> -->
					<warSourceDirectory>WebContent</warSourceDirectory>
					<containerConfigXML>context.xml</containerConfigXML>
					<webXml>webTomcat.xml</webXml>
				</configuration>
			</plugin>
			<plugin>
				<artifactId>maven-compiler-plugin</artifactId>
				<version>3.7.0</version>
				<configuration>
					<compilerVersion>1.8</compilerVersion>
					<source>1.8</source>
					<target>1.8</target>
					<debug>true</debug>
					<showDeprecation>false</showDeprecation>
					<showWarnings>true</showWarnings>
					<optimize>false</optimize>
				</configuration>
			</plugin>
		</plugins>
	</build>  
</project>
