{
  "entities": {
    "redrawAccounts": [
      {
        "productLongName": "Westpac Student Reward Saver1",
        "id": "605124499880"
      },
      {
        "productLongName": "Westpac Student Reward Saver",
        "id": "405124599880"
      },
      {
        "productLongName": "Westpac Student Reward Saver3",
        "id": "205124699882"
      },
      {
        "productLongName": "Westpac Saver4",
        "id": "505124549889"
      }
    ]
  },
  "result": {
    "redrawAccounts": [["605124499880", "405124599880", "205124699882", "505124549889"]]
  }
}
