﻿<sparrowServer xmlns="urn:westpac:sparrow:server:1.0.2" xmlns:xsi="http://www.w3.org/2001/XMLSchema-instance" xsi:schemaLocation="urn:westpac:sparrow:server:1.0.2 sparrow-server.xsd">    


	<!-- systemProperty value="JKS" name="javax.net.ssl.trustStoreType"/ -->

	<j2cAuthentication alias="compassDB2Alias" description="The user ID connects to DB2 database" user="ddbcmpc" />
	<j2cAuthentication alias="compassMSSqlAlias" description="The user ID connects to DB2 database" user="compassdev" />
	<j2cAuthentication alias="compassIBankMqAlias" description="The user ID connects to DB2 database" user="s999001" />
	<j2cAuthentication alias="Compass_IDM-MQ" description="The user ID connects to IDM MQ" user="idathusr" />
	<j2cAuthentication alias="ESB2UserTokenAliasName" description="The user ID connects to esb2" user="UNTHE001V" /> 
	<j2cAuthentication alias="compassTranHistAlias" description="The user ID connects to TranHist database" user="TranHistService" />
	<j2cAuthentication alias="safiCallerOnlineRegAlias" description="The user ID connects to SAFI 1" user="STGcaller" />
	<j2cAuthentication alias="safiCallerAlias" description="The user ID connects to SAFI 2" user="STGcaller" />
        
        <jvm initialHeapSize="512" maximumHeapSize="1280" />
	<dynamicCache enable="true"/>
	<httpSession invalidationTimeout="10" maxInMemorySessionCount="12600" />
	<webContainer>
		<threadPool minimumSize="50" maximumSize="90" inactivityTimeout="5000"/>
	</webContainer>	
					   
                <dataSource name="CompassDB2Database" jndiName="jdbc/gcisDatasource" jdbcProviderName="DB2" databaseName="VDCMP01" portNumber="60028" serverName="SBDUXLH90" j2cAuthenticationAlias="compassDB2Alias" statementCacheSize="100">    
                                <customProperty name="fullyMaterializeLobData" value="true"/>
                                <customProperty name="resultSetHoldability" value="2"/>
                                <customProperty name="readOnly" value="false"/>
                                <customProperty name="deferPrepares" value="true"/>
                                <customProperty name="retrieveMessagesFromServerOnGetMessage" value="true"/>
                                <customProperty name="useTransactionRedirect" value="false"/>
                                <customProperty name="traceFileAppend" value="false"/>
                                <customProperty name="loginTimeout" value="0"/>
								 <customProperty name="webSphereDefaultQueryTimeout" value="15"/> 
        <connectionPool purgePolicy="FailingConnectionOnly" agedTimeout="1800" unusedTimeout="1200" reapTime="120" connectionTimeout="16" maxConnections="50" minConnections="10"/> 
                </dataSource>
                

	<dataSource name="MessageCentreSQLDatabase" jndiName="jdbc/messageCentre" jdbcProviderName="SQL Server" databaseName="MessageCentre" portNumber="61435" serverName="VIRLIDBS006.STAGE.STG.COM.AU" j2cAuthenticationAlias="compassMSSqlAlias">
		<customProperty name="sendStringParametersAsUnicode" value="false"/>
		<customProperty name="packetSize" value="8192"/>
		<customProperty name="multiSubnetFailover" value="true"/>
		<customProperty name="loginTimeout" value="180"/>
		<customProperty name="selectMethod" value="cursor"/>
		<customProperty name="webSphereDefaultQueryTimeout" value="15"/> 
		<connectionPool purgePolicy="FailingConnectionOnly" agedTimeout="0" unusedTimeout="1200" reapTime="120" connectionTimeout="16" maxConnections="50" minConnections="10"/> 
		<customProperty name="applicationName" value="IBank"/>
	</dataSource>
		  
	<dataSource name="CompassTranHistDatabase" jndiName="jdbc/transactionHistory" jdbcProviderName="SQL Server" databaseName="TransactionHistory" portNumber="61439" serverName="VIRLIDBS011.stage.stg.com.au" j2cAuthenticationAlias="compassTranHistAlias">
		<customProperty name="sendStringParametersAsUnicode" value="false"/>
		<customProperty name="packetSize" value="8192"/>
		<customProperty name="multiSubnetFailover" value="true"/>
		<customProperty name="loginTimeout" value="180"/>
		<customProperty name="selectMethod" value="cursor"/>
		<customProperty name="webSphereDefaultQueryTimeout" value="15"/> 
		<connectionPool purgePolicy="FailingConnectionOnly" agedTimeout="0" unusedTimeout="1200" reapTime="120" connectionTimeout="16" maxConnections="50" minConnections="10"/> 
		<customProperty name="applicationName" value="IBank"/>
		</dataSource>
	
	   <webSphereMQ>
		<queueManager name="MQCLNTS1" transport="Client" serverName="mqstage3.stgeorge.com.au" portNumber="1416" connectionChannel="CLIENTS_ESB.CH" useRFH2="false"/>
		<connectionFactory type="QCF" name="ESBQCF" jndiName="jms/ESBQCF" j2cAuthenticationAlias="compassIBankMqAlias" j2cComponentManagedAuthenticationAlias="compassIBankMqAlias">
			<connectionPool purgePolicy="FailingConnectionOnly" agedTimeout="0" unusedTimeout="1200" reapTime="120" connectionTimeout="16" maxConnections="50" minConnections="10"/> 
			<sessionPool purgePolicy="FailingConnectionOnly" agedTimeout="0" unusedTimeout="1200" reapTime="120" connectionTimeout="16" maxConnections="50" minConnections="10"/> 
		</connectionFactory>
		<queue name="ESBReplyQueue" jndiName="jms/esbReplyQueue" queueName="TST2.ESB.MQSI.REPLY" useRFH2="false"/>
		<queue name="ESBRequestQueue" jndiName="jms/esbRequestQueue" queueName="TST2.ESB.MQSI.REQ" useRFH2="false"/>
           </webSphereMQ>

	<webSphereMQ>
        <queueManager name="MQCLNTS1" transport="Client" serverName="mqstage3.stgeorge.com.au" portNumber="1416" connectionChannel="CLIENTS_IDMAUTH.CH" useRFH2="False"/>
		<connectionFactory type="QCF" name="IDMCompassAuthQCF" jndiName="jms/IDMCompassAuthQCF" j2cAuthenticationAlias="Compass_IDM-MQ" j2cComponentManagedAuthenticationAlias="Compass_IDM-MQ">
		    <connectionPool purgePolicy="FailingConnectionOnly" agedTimeout="0" unusedTimeout="1200" reapTime="120" connectionTimeout="16" maxConnections="50" minConnections="10"/> 
			<sessionPool purgePolicy="FailingConnectionOnly" agedTimeout="0" unusedTimeout="1200" reapTime="120" connectionTimeout="16" maxConnections="50" minConnections="10"/> 
		</connectionFactory>
		<queue name="IDMCompassRequestQueue" jndiName="jms/IDMCompassRequest" queueName="TST2.IDMAUTH.IBNK.REQ" useRFH2="false"/>
		<queue name="IDMCompassReplyQueue" jndiName="jms/IDMCompassReply" queueName="TST2.IBNK.IDMAUTH.REPLY" useRFH2="false"/>
	</webSphereMQ> 
	
    <webSphereMQ>
			<queueManager name="MQCLNTS1" transport="Client" serverName="mqstage3.stgeorge.com.au" portNumber="1416" connectionChannel="CLIENTS_COMPASS.CH" useRFH2="false"/>
			<connectionFactory type="QCF" name="ibankQCF" jndiName="jms/ibankQCF" j2cAuthenticationAlias="compassIBankMqAlias" j2cComponentManagedAuthenticationAlias="compassIBankMqAlias">
			<connectionPool purgePolicy="FailingConnectionOnly" agedTimeout="0" unusedTimeout="1200" reapTime="120" connectionTimeout="16" maxConnections="50" minConnections="10"/> 
			<sessionPool purgePolicy="FailingConnectionOnly" agedTimeout="0" unusedTimeout="1200" reapTime="120" connectionTimeout="16" maxConnections="50" minConnections="10"/> 
			</connectionFactory>
			<queue name="EBPReplyQueue" jndiName="jms/ebpReplyQueue" queueName="TST2.IBNK.EBP.REPLY" useRFH2="false"/>
			<queue name="EBPRequestQueue" jndiName="jms/ebpRequestQueue" queueName="TST2.EBP.INET.REQ" useRFH2="false"/>
			<queue name="IBankReplyQueue" jndiName="jms/ibankReplyQueue" queueName="TST2.IBNK.MQSI.REPLY" useRFH2="false"/>
			<queue name="IBankRequestQueue" jndiName="jms/ibankRequestQueue" queueName="TST2.MQSI.IBNK.REQ" useRFH2="false"/>
			<queue name="IBankInputQueue" jndiName="jms/ibankInputQueue" queueName="TST2.MQSI.IBNK.INPUT" useRFH2="false"/>
			<queue name="IbankPdfStatementListnerRequestQueue" jndiName="jms/IbankPdfStatementListnerRequestQueue" queueName="TST2.IBNKSRV.IBNK.REQ" useRFH2="false"/>
			<queue name="IbankPdfStatementListnerReplyQueue" jndiName="jms/IbankPdfStatementListnerReplyQueue" queueName="TST2.IBNK.IBNKSRV.REPLY" useRFH2="false"/>
			
                </webSphereMQ> 
                
                <webSphereMQ>
			<queueManager name="MQCLNTS1" transport="Client" serverName="mqstage3.stgeorge.com.au" portNumber="1416" connectionChannel="CLIENTS_COMPASS.CH" useRFH2="false"/>
			<connectionFactory type="QCF" name="IBankUtilityQCF" jndiName="jms/IbankUtilityQCF" j2cAuthenticationAlias="compassIBankMqAlias" j2cComponentManagedAuthenticationAlias="compassIBankMqAlias" >
			<connectionPool purgePolicy="FailingConnectionOnly" agedTimeout="0" unusedTimeout="1200" reapTime="120" connectionTimeout="16" maxConnections="50" minConnections="10"/> 
			<sessionPool purgePolicy="FailingConnectionOnly" agedTimeout="0" unusedTimeout="1200" reapTime="120" connectionTimeout="16" maxConnections="50" minConnections="10"/> 
			</connectionFactory>
			<queue name="IBankUtilityRequestQueue" jndiName="jms/IbankUtilityRequestQueue" queueName="TST2.IBNKSRV.IBNK.INPUT" useRFH2="false"/>
			<activationSpecification name="IBankUtilityMessageDrivenBean" jndiName="eis/IBankUtilityMessageDrivenBean" destinationJndiName="jms/IbankUtilityRequestQueue" j2cAuthenticationAlias="compassIBankMqAlias" stopEndpointIfDeliveryFails="false" maxPoolSize="50" />
                </webSphereMQ>
                
			<webSphereMQ>  
				<queueManager name="MQCLNTS1" transport="Client" serverName="mqstage3.stgeorge.com.au" portNumber="1416" connectionChannel="CLIENTS_COMPASS.CH" useRFH2="False"/>
				<connectionFactory type="QCF" name="CompassUtilityQCF" jndiName="jms/CompassUtilityQCF" j2cAuthenticationAlias="compassIBankMqAlias" j2cComponentManagedAuthenticationAlias="compassIBankMqAlias"/>
				
				<queue name="CompassUtilityListenerQueue" jndiName="jms/CompassUtilityListenerQueue" queueName="TST2.IBNKSRV2.IBNK.INPUT" useRFH2="False"/>
				<activationSpecification name="CompassUtilityMDBBean" jndiName="eis/CompassUtilityMDBBean" destinationJndiName="jms/CompassUtilityListenerQueue" j2cAuthenticationAlias="compassIBankMqAlias" stopEndpointIfDeliveryFails="false" maxPoolSize="50" />
            </webSphereMQ>

                <webSphereMQ>
			<queueManager name="MQCLNTS1" transport="Client" serverName="mqstage3.stgeorge.com.au" portNumber="1416" connectionChannel="CLIENTS_COMPASS.CH" useRFH2="false"/>
			<connectionFactory type="QCF" name="IBankESBListenerQCF" jndiName="jms/IbankESBListenerQCF" j2cAuthenticationAlias="compassIBankMqAlias" j2cComponentManagedAuthenticationAlias="compassIBankMqAlias">
			<connectionPool purgePolicy="FailingConnectionOnly" agedTimeout="0" unusedTimeout="1200" reapTime="120" connectionTimeout="16" maxConnections="50" minConnections="10"/> 
			<sessionPool purgePolicy="FailingConnectionOnly" agedTimeout="0" unusedTimeout="1200" reapTime="120" connectionTimeout="16" maxConnections="50" minConnections="10"/> 
			</connectionFactory>
			<queue name="IBankESBListenerRequestQueue" jndiName="jms/IbankESBListenerRequestQueue" queueName="TST2.IBNK.WESB.REQ" useRFH2="false"/>
		<activationSpecification name="IBankESBListenerMDBBean" jndiName="eis/IBankESBListenerMDBBean" destinationJndiName="jms/IbankESBListenerRequestQueue" j2cAuthenticationAlias="compassIBankMqAlias" stopEndpointIfDeliveryFails="false" maxPoolSize="50" />
                </webSphereMQ>

                <webSphereMQ>
			<queueManager name="MQCLNTS1" transport="Client" serverName="mqstage3.stgeorge.com.au" portNumber="1416" connectionChannel="CLIENTS_COMPASS.CH" useRFH2="false"/>
			<connectionFactory type="QCF" name="IBankListenerQCF" jndiName="jms/IbankListenerQCF" j2cAuthenticationAlias="compassIBankMqAlias" j2cComponentManagedAuthenticationAlias="compassIBankMqAlias">
			<connectionPool purgePolicy="FailingConnectionOnly" agedTimeout="0" unusedTimeout="1200" reapTime="120" connectionTimeout="16" maxConnections="50" minConnections="10"/> 
			<sessionPool purgePolicy="FailingConnectionOnly" agedTimeout="0" unusedTimeout="1200" reapTime="120" connectionTimeout="16" maxConnections="50" minConnections="10"/> 
			</connectionFactory>
			<queue name="IBankListenerRequestQueue" jndiName="jms/IbankListenerRequestQueue" queueName="TST2.EVSRV.MQSI.INPUT" useRFH2="true"/>
			<activationSpecification name="IBankListenerMDBBean" jndiName="eis/IBankListenerMDBBean" destinationJndiName="jms/IbankListenerRequestQueue" j2cAuthenticationAlias="compassIBankMqAlias" stopEndpointIfDeliveryFails="false" maxPoolSize="50" />
                </webSphereMQ>


	<!--<keyStore name="CompassToESBStage" description="KeyStore with the private key for inbound and outbound SSL connections to ESB2" filename="compasstoesbstage.jks" type="JKS" initAtStartup="true"/>

    <sslConfig name="esb2SSLConfig" serverKeyAlias="compasstoesbstage.stgeorge.com.au" clientKeyAlias="compasstoesbstage.stgeorge.com.au" keyStoreName="CompassToESBStage"/>  
    <dynamicSSLConfigSelection name="esb2DynamicSSLConfigSelection" description="SSL configuration for ESB2 services" dynamicSelectionInfo="HTTPS,dp-ma.svp1.esb.srv.westpac.com.au,443" sslConfigName="esb2SSLConfig" certificateAlias="compasstoesbstage.stgeorge.com.au"/>  
-->
    <csiOutbound/>
    <csiInbound/>

<systemProperty name="appdynamics.agent.tierName" value="desktop"/>
<systemProperty name="appdynamics.agent.nodeName" value="desktop_${NEST_DATA_IP}"/>
<systemProperty name="appdynamics.agent.applicationName" value="CompassSVP"/>
<systemProperty name="appdynamics.controller.hostName" value="appd-test-controller.thewestpacgroup.com.au"/>
<systemProperty name="appdynamics.controller.port" value="8181"/>
<systemProperty name="appdynamics.agent.accountAccessKey" value="bc8667ff-609b-4b70-a93e-4217298af6fc"/>
<systemProperty name="appdynamics.controller.ssl.enabled" value="true"/>
</sparrowServer>