<sparrowServer xmlns="urn:westpac:sparrow:server:1.0.2" xmlns:xsi="http://www.w3.org/2001/XMLSchema-instance" xsi:schemaLocation="urn:westpac:sparrow:server:1.0.2 sparrow-server.xsd">    

	<j2cAuthentication alias="compassDB2MFAlias" description="The user ID connects to DB2 database" user="ZHESOC01" />
	<j2cAuthentication alias="compassMSSqlAlias1" description="The user ID connects to DB2 database" user="compassdev" />
	<j2cAuthentication alias="compassIBankMqAlias" description="The user ID connects to DB2 database" user="s999001" />
	<j2cAuthentication alias="compassESBMqAlias" description="The user ID connects to DB2 database" user="s999026" />
	<j2cAuthentication alias="compassIDMMQAlias" description="The user ID connects to IDM queues" user="idathusr" />
	<j2cAuthentication alias="ESB2UserTokenAliasName" description="The user ID connects to esb2" user="UNTHE001T" />
	<j2cAuthentication alias="safiCallerOnlineRegAlias" description="The user ID connects to SAFI 1" user="STGcaller" />
	<j2cAuthentication alias="safiCallerAlias" description="The user ID connects to SAFI 2" user="STGcaller" /> 
	<j2cAuthentication alias="compassTranHistAlias1" description="The user ID connects to TranHist database" user="TranHistService" />
	<j2cAuthentication alias="compassSessionAlias" description="The user ID connects to Session database" user="compassdev" />
	
    <dataSource name="CompassDB2Database" jndiName="jdbc/gcisDatasource" jdbcProviderName="DB2" databaseName="IQTDB2" portNumber="5220" serverName="lu0fqrt.sysplex.nsw.westpac.com.au" j2cAuthenticationAlias="compassDB2MFAlias">
		<customProperty name="webSphereDefaultIsolationLevel" value="2"/>
		<customProperty name="clientApplcompat" value="V12R1M500"/>
		<customProperty name="currentPackageSet" value="NULLID_V12R1M500"/>
		<customProperty name="enableSysplexWLB" value="true"/>
		<customProperty name="sslConnection" value="true"/>
		<connectionPool purgePolicy="FailingConnectionOnly" agedTimeout="0" unusedTimeout="1200" reapTime="120" connectionTimeout="16" maxConnections="100" minConnections="20"/> 
    </dataSource>
	
	<dataSource name="MessageCentreSQLDatabase" jndiName="jdbc/messageCentre" jdbcProviderName="SQL Server" databaseName="MessageCentre" portNumber="1435" serverName="VIRNTDBD048.core.intra.stg.com.au" j2cAuthenticationAlias="compassMSSqlAlias1">
	<customProperty name="webSphereDefaultQueryTimeout" value="15"/>    
	<customProperty name="applicationName" value="MBank"/>
	</dataSource>

	<dataSource name="CompassTranHistDatabase" jndiName="jdbc/transactionHistory" jdbcProviderName="SQL Server" databaseName="TransactionHistory" portNumber="1437" serverName="VIRNTDBD048.core.intra.stg.com.au" j2cAuthenticationAlias="compassTranHistAlias1">
		<customProperty name="webSphereDefaultQueryTimeout" value="15"/>
		<customProperty name="applicationName" value="MBank"/>
	 </dataSource>
	 
	<dataSource name="SessionSqlDB" jndiName="jdbc/sessionDB" jdbcProviderName="SQL Server" databaseName="SessionDB" portNumber="1439" serverName="VIRNTDBD048.core.intra.stg.com.au" j2cAuthenticationAlias="compassSessionAlias">
		<customProperty name="webSphereDefaultQueryTimeout" value="15"/> 
        <customProperty name="applicationName" value="MBank"/>
	 </dataSource>
	

	<webSphereMQ>
        <queueManager name="" transport="Client" serverName="cmq1-rcc.static-ha.sit1.clientqm.trusted.stg.com.au" portNumber="1414" connectionChannel="IBNK.CLIENTS.TLS" useRFH2="False"
		sslType="SPECIFIC" sslConfiguration="mqSSLConfig" cipherSuite="SSL_RSA_WITH_AES_256_CBC_SHA256" />
		<connectionFactory type="QCF" name="ESBQCF" jndiName="jms/ESBQCF" j2cAuthenticationAlias="compassESBMqAlias" j2cComponentManagedAuthenticationAlias="compassESBMqAlias"/>
		<queue name="ESBReplyQueue" jndiName="jms/esbReplyQueue" queueName="CMP.QA.IBNK.ESB360.REPLY.SIT1" useRFH2="False"/>
		<queue name="ESBRequestQueue" jndiName="jms/esbRequestQueue" queueName="CMP.QA.ESB360.IBNK.REQUEST.SIT1" useRFH2="False"/>
	</webSphereMQ>
	
	<webSphereMQ>
        <queueManager name="" transport="Client" serverName="cmq3-rcc.static-ha.sit1.clientqm.trusted.stg.com.au" portNumber="1416" connectionChannel="IDMAUTH.CLIENTS.TLS" useRFH2="False"
		sslType="SPECIFIC" sslConfiguration="mqSSLConfig" cipherSuite="SSL_RSA_WITH_AES_256_CBC_SHA256" />
		<connectionFactory type="QCF" name="IDMCompassAuthQCF" jndiName="jms/IDMCompassAuthQCF" j2cAuthenticationAlias="compassIDMMQAlias" j2cComponentManagedAuthenticationAlias="compassIDMMQAlias"/>		
		<queue name="IDMCompassRequestQueue" jndiName="jms/IDMCompassRequest" queueName="CMP.QA.IDMAUTH.IBNK.REQUEST.SIT1" useRFH2="False"/>
		<queue name="IDMCompassReplyQueue" jndiName="jms/IDMCompassReply" queueName="CMP.QA.IBNK.IDMAUTH.REPLY.SIT1" useRFH2="False"/>
	</webSphereMQ>

	<keyStore name="mqtestcerts2" description="mqclientjksfile" filename="mqtestcerts.jks" type="JKS"  initAtStartup="true"/> 

	<sslConfig name="mqSSLConfig" keyStoreName="mqtestcerts2"/>
	
	<!-- IBank ConsumerMQ change -->
    <webSphereMQ>
        <queueManager name="" transport="Client" serverName="cmq1-rcc.static-ha.sit1.clientqm.trusted.stg.com.au" portNumber="1414" connectionChannel="IBNK.CLIENTS.TLS" useRFH2="False"
		sslType="SPECIFIC" sslConfiguration="mqSSLConfig" cipherSuite="SSL_RSA_WITH_AES_256_CBC_SHA256"/>
		<connectionFactory type="QCF" name="ibankQCF" jndiName="jms/ibankQCF" j2cAuthenticationAlias="compassIBankMqAlias" j2cComponentManagedAuthenticationAlias="compassIBankMqAlias"/>
		<queue name="IBankReplyQueue" jndiName="jms/ibankReplyQueue" queueName="CMP.QA.IBNK.ESBS.REPLY.SIT1" useRFH2="False"/>
		<queue name="IBankRequestQueue" jndiName="jms/ibankRequestQueue" queueName="GN.QA.ESBS.IBNK.REQUEST.SIT1" useRFH2="False"/>
		<queue name="IBankInputQueue" jndiName="jms/ibankInputQueue" queueName="GN.QA.ESBS.IBNK.INPUT.SIT1" useRFH2="False"/>
	</webSphereMQ> 
		
	<!-- BPAY queue configuration for upgraded MQ -->
	<webSphereMQ>
		<queueManager name="" transport="Client" serverName="cmq1-wsdc.static-ha.sit1.clientqm.trusted.stg.com.au" portNumber="1414" connectionChannel="IBNK.CLIENTS.TLS" useRFH2="False"
		sslType="SPECIFIC" sslConfiguration="mqSSLConfig" cipherSuite="SSL_RSA_WITH_AES_256_CBC_SHA256" />
		<connectionFactory type="QCF" name="IbankEBPQCF" jndiName="jms/ibankEBPQCF" j2cAuthenticationAlias="compassIBankMqAlias" j2cComponentManagedAuthenticationAlias="compassIBankMqAlias" />
		<queue name="EBPRequestQueue" jndiName="jms/ebpRequestQueue" queueName="EBP.QA.EBP.IBNK.REQUEST.SIT1" useRFH2="False"/>
		<queue name="EBPReplyQueue" jndiName="jms/ebpReplyQueue" queueName="CMP.QA.IBNK.EBP.REPLY.SIT1" useRFH2="False"/>
	</webSphereMQ> 
	
	<!-- IBNKSRV/PDF Activation Spec only -->
	<webSphereMQ>
		<queueManager name="E5TCE501" transport="Client" serverName="cmq1-rcc.static-ha.sit1.clientqm.trusted.stg.com.au" portNumber="1414" connectionChannel="IBNKSRV.CLIENTS.TLS" useRFH2="False"
		sslType="SPECIFIC" sslConfiguration="mqSSLConfig" cipherSuite="SSL_RSA_WITH_AES_256_CBC_SHA256" />
		<connectionFactory type="QCF" name="ibankPDFQCF" jndiName="jms/ibankPDFQCF" j2cAuthenticationAlias="compassIBankMqAlias" j2cComponentManagedAuthenticationAlias="compassIBankMqAlias" />
		<queue name="IbankPdfStatementListner" jndiName="jms/IbankPdfStatementListner" queueName="CMP.QA.IBNKSRV.IBNK.REQUEST.SIT1" useRFH2="False"/>
		<activationSpecification name="IBankPdfStatementListnerMDB" j2cAuthenticationAlias="compassIBankMqAlias" jndiName="eis/IBankPdfStatementListnerMDB" failureDeliveryCount="125" destinationJndiName="jms/IbankPdfStatementListner">
		<customProperty name="WAS_EndpointInitialState" value="INACTIVE" description="WAS_EndpointInitialState"/> 
		</activationSpecification>
	</webSphereMQ> 
	
	<!-- IBNKSRV/PDF  Req & Resp only -->
	<webSphereMQ>
		<queueManager name="E5TCE501" transport="Client" serverName="cmq1-rcc.static-ha.sit1.clientqm.trusted.stg.com.au" portNumber="1414" connectionChannel="IBNK.CLIENTS.TLS" useRFH2="False"
		sslType="SPECIFIC" sslConfiguration="mqSSLConfig" cipherSuite="SSL_RSA_WITH_AES_256_CBC_SHA256" />
		<connectionFactory type="QCF" name="ibankPDFReqRespQCF" jndiName="jms/ibankPDFReqRespQCF" j2cAuthenticationAlias="compassIBankMqAlias" j2cComponentManagedAuthenticationAlias="compassIBankMqAlias" />
		<queue name="IbankPdfStatementListnerRequestQueue" jndiName="jms/IbankPdfStatementListnerRequestQueue" queueName="CMP.QA.IBNKSRV.IBNK.REQUEST.SIT1" useRFH2="False"/>
		<queue name="IbankPdfStatementListnerReplyQueue" jndiName="jms/IbankPdfStatementListnerReplyQueue" queueName="CMP.QA.IBNK.IBNKSRV.REPLY.SIT1" useRFH2="False"/>
	</webSphereMQ>
	
	<webSphereMQ>
        <queueManager name="" transport="Client" serverName="cmq1-rcc.static-ha.sit1.clientqm.trusted.stg.com.au" portNumber="1414" connectionChannel="IBNK.CLIENTS.TLS" useRFH2="False" sslType="SPECIFIC" sslConfiguration="mqSSLConfig" cipherSuite="SSL_RSA_WITH_AES_256_CBC_SHA256" />
		<connectionFactory type="QCF" name="IBankUtilityQCF" jndiName="jms/IbankUtilityQCF" j2cAuthenticationAlias="compassIBankMqAlias" j2cComponentManagedAuthenticationAlias="compassIBankMqAlias" />
		<queue name="IBankUtilityRequestQueue" jndiName="jms/IbankUtilityRequestQueue" queueName="CMP.QA.IBNK.ESBS.INPUT.SIT1" useRFH2="False"/>
	</webSphereMQ>
	
	<webSphereMQ>
		<queueManager name="" transport="Client" serverName="cmq1-rcc.static-ha.sit1.clientqm.trusted.stg.com.au" portNumber="1414" connectionChannel="IBNK.CLIENTS.TLS" useRFH2="False"
		sslType="SPECIFIC" sslConfiguration="mqSSLConfig" cipherSuite="SSL_RSA_WITH_AES_256_CBC_SHA256" />
		<connectionFactory type="QCF" name="CompassUtilityQCF" jndiName="jms/CompassUtilityQCF" j2cAuthenticationAlias="compassIBankMqAlias" j2cComponentManagedAuthenticationAlias="compassIBankMqAlias" />
		<queue name="CompassUtilityListenerQueue" jndiName="jms/CompassUtilityListenerQueue" queueName="CMP.QA.IBNKSRV_2.IBNK.INPUT.SIT1" useRFH2="False"/>  
	</webSphereMQ>
  
	<webSphereMQ>
		<queueManager name="" transport="Client" serverName="cmq1-rcc.static-ha.sit1.clientqm.trusted.stg.com.au" portNumber="1414" connectionChannel="IBNK.CLIENTS.TLS" sslType="SPECIFIC" sslConfiguration="mqSSLConfig" cipherSuite="SSL_RSA_WITH_AES_256_CBC_SHA256" useRFH2="False"/>
		<connectionFactory type="QCF" name="smsQCF" jndiName="jms/smsQCF" j2cAuthenticationAlias="compassIBankMqAlias" j2cComponentManagedAuthenticationAlias="compassIBankMqAlias"/>
		<queue name="SmsReplyQueue" jndiName="jms/smsReplyQueue" queueName="CMP.QA.IBNK.ALRT.REPLY.SIT1" useRFH2="False"/>
		<queue name="SmsRequestQueue" jndiName="jms/smsRequestQueue" queueName="CMP.QA.ALRT.IBNK.REQUEST.SIT1" useRFH2="False"/>
	</webSphereMQ>

	<workManager name="ExecutorService" jndiName="wm/ExecutorService" description="ExecutorService" workTimeout="0" workReqQSize="0" workReqQFullAction="0" internationalization="false"
	appProfileService="false" security="false" workArea="false" numAlarmThreads="2" minThreads="0" maxThreads="2" threadPriority="5" isGrowable="true"/>

    <csiOutbound/>
    <csiInbound/>
	
	<!-- START Common AppDynamics Java Agent Settings for all environments-->
	<genericJvmArgument>-javaagent:/opt/appdynamics/appagent/java/javaagent.jar</genericJvmArgument>
	<systemProperty name="appdynamics.agent.logs.dir" value="${SPARROW_NEST}/log/application/do_not_monitor/appdynamics"/>
	<systemProperty name="appdynamics.agent.runtime.dir" value="${WAS_TEMP_DIR}/java.io.tmpdir"/>
	<systemProperty name="appdynamics.force.default.ssl.certificate.validation" value="true"/>
	<!-- END Common AppDynamics Java Agent Settings for all environments-->
	
	<!-- START Environment/Module-Specific AppDynamics Settings-->
	<systemProperty name="appdynamics.agent.tierName" value="mobile"/>
	<systemProperty name="appdynamics.agent.nodeName" value="mobile_${NEST_DATA_IP}"/>
	<systemProperty name="appdynamics.agent.applicationName" value="Compass-A00304-VP3"/>
	<!-- END Environment/Module-Specific AppDynamics Settings-->
	

</sparrowServer>