﻿<sparrowServer xmlns="urn:westpac:sparrow:server:1.0.2" xmlns:xsi="http://www.w3.org/2001/XMLSchema-instance" xsi:schemaLocation="urn:westpac:sparrow:server:1.0.2 sparrow-server.xsd">    


	<j2cAuthentication alias="compassDB2HAAlias" description="The user ID connects to DB2 database" user="ocmpo1w" />
	<j2cAuthentication alias="compassMSSqlAlias1" description="The user ID connects to DB2 database" user="MsgCtr_app_usr" />
	<j2cAuthentication alias="compassIBankMqAlias" description="The user ID connects to DB2 database" user="s999001" />
	<j2cAuthentication alias="compassIDMMqAlias" description="The user ID connects to IDM queues" user="idathusr" />
	<j2cAuthentication alias="ESB2UserTokenAliasName" description="The user ID connects to esb2" user="UNTHE001T" />
	<j2cAuthentication alias="compassTranHistAlias" description="The user ID connects to TranHist database" user="TranHistService" />
	<j2cAuthentication alias="safiCallerOnlineRegAlias" description="The user ID connects to SAFI 1" user="STGcaller" />
	<j2cAuthentication alias="safiCallerAlias" description="The user ID connects to SAFI 2" user="STGcaller" />
	<j2cAuthentication alias="compassSessionAlias" description="The user ID connects to Session database" user="compassdev" />
	
					   
	<dataSource name="CompassDB2Database" jndiName="jdbc/gcisDatasource" jdbcProviderName="DB2" databaseName="ODCMP01" portNumber="60032" serverName="au2106ldd0003.wsdc.nsw.westpac.com.au" j2cAuthenticationAlias="compassDB2HAAlias">
        <connectionPool purgePolicy="FailingConnectionOnly" agedTimeout="0" unusedTimeout="1200" reapTime="120" connectionTimeout="16" maxConnections="100" minConnections="20"/> 
		<customProperty name="webSphereDefaultQueryTimeout" value="15"/> 
	</dataSource>
	<dataSource name="MessageCentreSQLDatabase" jndiName="jdbc/messageCentre" jdbcProviderName="SQL Server" databaseName="MessageCentre" portNumber="1435" serverName="VIRNTDBS030.stage.stg.com.au" j2cAuthenticationAlias="compassMSSqlAlias1">
		<customProperty name="sendStringParametersAsUnicode" value="false"/>
        <customProperty name="webSphereDefaultIsolationLevel" value="2"/>
        <customProperty name="selectMethod" value="cursor"/>
        <customProperty name="multiSubnetFailover" value="true"/>
        <customProperty name="loginTimeout" value="120"/>
		<customProperty name="webSphereDefaultQueryTimeout" value="15"/> 
		<customProperty name="applicationName" value="IBank"/>
        <connectionPool purgePolicy="EntirePool" agedTimeout="0" unusedTimeout="1200" reapTime="120" connectionTimeout="16" maxConnections="50" minConnections="10"/>
	</dataSource>
 	<dataSource name="CompassTranHistDatabase" jndiName="jdbc/transactionHistory" jdbcProviderName="SQL Server" databaseName="TransactionHistory" portNumber="1437" serverName="VIRNTDBS030.stage.stg.com.au" j2cAuthenticationAlias="compassTranHistAlias">
		<customProperty name="sendStringParametersAsUnicode" value="false"/>
        <customProperty name="webSphereDefaultIsolationLevel" value="2"/>
        <customProperty name="selectMethod" value="cursor"/>
        <customProperty name="multiSubnetFailover" value="true"/>
        <customProperty name="loginTimeout" value="120"/>
		<customProperty name="webSphereDefaultQueryTimeout" value="15"/> 
		<customProperty name="applicationName" value="IBank"/>
        <connectionPool purgePolicy="EntirePool" agedTimeout="0" unusedTimeout="1200" reapTime="120" connectionTimeout="16" maxConnections="50" minConnections="10"/>
	 </dataSource>

	 <dataSource name="SessionSqlDB" jndiName="jdbc/sessionDB" jdbcProviderName="SQL Server" databaseName="SessionDB" portNumber="1439" serverName="VIRNTDBS030.stage.stg.com.au" j2cAuthenticationAlias="compassSessionAlias">
		<customProperty name="sendStringParametersAsUnicode" value="false"/>
        <customProperty name="webSphereDefaultIsolationLevel" value="2"/>
        <customProperty name="selectMethod" value="cursor"/>
        <customProperty name="multiSubnetFailover" value="true"/>
        <customProperty name="loginTimeout" value="120"/>
		<customProperty name="webSphereDefaultQueryTimeout" value="15"/> 
		<customProperty name="applicationName" value="IBank"/>
        <connectionPool purgePolicy="EntirePool" agedTimeout="0" unusedTimeout="1200" reapTime="120" connectionTimeout="16" maxConnections="50" minConnections="10"/>
	 </dataSource>
	 
	<webSphereMQ>
        <queueManager name="MQCLNTD3" transport="Client" serverName="mqtest.stgeorge.com.au" portNumber="1429" connectionChannel="CLIENTS_ESB.CH" useRFH2="False"/>
		<connectionFactory type="QCF" name="ESBQCF" jndiName="jms/ESBQCF" j2cAuthenticationAlias="compassIBankMqAlias" j2cComponentManagedAuthenticationAlias="compassIBankMqAlias"/>		
		<queue name="ESBReplyQueue" jndiName="jms/esbReplyQueue" queueName="DEV2.ESB.MQSI.REPLY" useRFH2="False"/>
		<queue name="ESBRequestQueue" jndiName="jms/esbRequestQueue" queueName="DEV2.ESB.MQSI.REQ" useRFH2="False"/>
	</webSphereMQ>
	<webSphereMQ>
        <queueManager name="MQCLNTD3" transport="Client" serverName="mqtest.stgeorge.com.au" portNumber="1429" connectionChannel="CLIENTS_IDMAUTH.CH" useRFH2="False"/>
		<connectionFactory type="QCF" name="IDMCompassAuthQCF" jndiName="jms/IDMCompassAuthQCF" j2cAuthenticationAlias="compassIDMMqAlias" j2cComponentManagedAuthenticationAlias="compassIDMMqAlias"/>		
		<queue name="IDMCompassReplyQueue" jndiName="jms/IDMCompassReply" queueName="DEV2.IBNK.IDMAUTH.REPLY" useRFH2="False"/>
		<queue name="IDMCompassRequestQueue" jndiName="jms/IDMCompassRequest" queueName="DEV2.IDMAUTH.IBNK.REQ" useRFH2="False"/>
	</webSphereMQ>

	<webSphereMQ>
        <queueManager name="MQCLNTD1" transport="Client" serverName="mqtest.stgeorge.com.au" portNumber="1421" connectionChannel="CLIENTS_COMPASS.CH" useRFH2="False"/>
		<connectionFactory type="QCF" name="ibankQCF" jndiName="jms/ibankQCF" j2cAuthenticationAlias="compassIBankMqAlias" j2cComponentManagedAuthenticationAlias="compassIBankMqAlias"/>
		<queue name="IBankReplyQueue" jndiName="jms/ibankReplyQueue" queueName="DEV2.IBNK.MQSI.REPLY" useRFH2="False"/>
		<queue name="IBankRequestQueue" jndiName="jms/ibankRequestQueue" queueName="DEV2.MQSI.IBNK.REQ" useRFH2="False"/>
		<queue name="IBankInputQueue" jndiName="jms/ibankInputQueue" queueName="DEV2.MQSI.IBNK.INPUT" useRFH2="False"/>
	</webSphereMQ> 
	
	<webSphereMQ>
        <queueManager name="MQCLNTD1" transport="Client" serverName="mqtest.stgeorge.com.au" portNumber="1421" connectionChannel="CLIENTS_COMPASS.CH" useRFH2="False"/>
		<connectionFactory type="QCF" name="IBankUtilityQCF" jndiName="jms/IbankUtilityQCF" j2cAuthenticationAlias=""/>
		<queue name="IBankUtilityRequestQueue" jndiName="jms/IbankUtilityRequestQueue" queueName="DEV2.IBNK.MQSI.INPUT" useRFH2="False"/>
		<activationSpecification name="IBankUtilityMessageDrivenBean" jndiName="eis/IBankUtilityMessageDrivenBean" destinationJndiName="jms/IbankUtilityRequestQueue" j2cAuthenticationAlias=""/>
	</webSphereMQ>

	<webSphereMQ reconnectionRetryCount="360" reconnectionRetryInterval="60000">  
		<queueManager name="" transport="Client" serverName="cmq1-rcc.static-ha.uat1.clientqm.trusted.stg.com.au" portNumber="1414" connectionChannel="IBNK.CLIENTS.TLS" useRFH2="False"
		sslType="SPECIFIC" sslConfiguration="mqSSLConfig" cipherSuite="SSL_RSA_WITH_AES_256_CBC_SHA256" />
		<connectionFactory type="QCF" name="CompassUtilityQCF" jndiName="jms/CompassUtilityQCF" j2cAuthenticationAlias="compassIBankMqAlias" j2cComponentManagedAuthenticationAlias="compassIBankMqAlias" />
		<queue name="CompassUtilityListenerQueue" jndiName="jms/CompassUtilityListenerQueue" queueName="CMP.QA.IBNKSRV_3.IBNK.INPUT.UAT1" useRFH2="False"/>
		<activationSpecification name="CompassUtilityMDBBean" jndiName="eis/CompassUtilityMDBBean" destinationJndiName="jms/CompassUtilityListenerQueue" j2cAuthenticationAlias="compassIBankMqAlias" />
	</webSphereMQ>

	<keyStore name="mqtestcerts2" description="mqclientjksfile" filename="mqtestcerts.jks" type="JKS"  initAtStartup="true"/> 

	<sslConfig name="mqSSLConfig" keyStoreName="mqtestcerts2"/>   

	<!-- ESB listener/activationspec & queue configuration for upgraded MQ -->
	<webSphereMQ>
	<!--cmq1.dynamic.uat1.clientqm.trusted.stg.com.au -->
		<queueManager name="" transport="Client" serverName="cmq1-wsdc.static-ha.uat1.clientqm.trusted.stg.com.au" portNumber="1414" connectionChannel="IBNK.CLIENTS.TLS" useRFH2="False"
		sslType="SPECIFIC" sslConfiguration="mqSSLConfig" cipherSuite="SSL_RSA_WITH_AES_256_CBC_SHA256" />
		<connectionFactory type="QCF" name="IBankESBListenerQCF" jndiName="jms/IbankESBListenerQCF" j2cAuthenticationAlias="compassIBankMqAlias" j2cComponentManagedAuthenticationAlias="compassIBankMqAlias" />
		<queue name="IBankESBListenerRequestQueue" jndiName="jms/IbankESBListenerRequestQueue" queueName="CMP.QA.IBNK.GESB.REQUEST.UAT1" useRFH2="False"/>
		<activationSpecification name="IBankESBListenerMDBBean" jndiName="eis/IBankESBListenerMDBBean" destinationJndiName="jms/IbankESBListenerRequestQueue" j2cAuthenticationAlias="compassIBankMqAlias">
		</activationSpecification>
	</webSphereMQ> 
	
	<!-- BPAY queue configuration for upgraded MQ -->
	<webSphereMQ>
		<queueManager name="" transport="Client" serverName="cmq1-wsdc.static-ha.uat1.clientqm.trusted.stg.com.au" portNumber="1414" connectionChannel="IBNK.CLIENTS.TLS" useRFH2="False"
		sslType="SPECIFIC" sslConfiguration="mqSSLConfig" cipherSuite="SSL_RSA_WITH_AES_256_CBC_SHA256" />
		<connectionFactory type="QCF" name="IbankEBPQCF" jndiName="jms/ibankEBPQCF" j2cAuthenticationAlias="compassIBankMqAlias" j2cComponentManagedAuthenticationAlias="compassIBankMqAlias" />
		<queue name="EBPRequestQueue" jndiName="jms/ebpRequestQueue" queueName="EBP.QA.EBP.IBNK.REQUEST.UAT1" useRFH2="False"/>
		<queue name="EBPReplyQueue" jndiName="jms/ebpReplyQueue" queueName="CMP.QA.IBNK.EBP.REPLY.UAT1" useRFH2="False"/>
	</webSphereMQ> 
	
		<!-- PDF MQInfra changes -->
	<webSphereMQ>
		<queueManager name="" transport="Client" serverName="cmq1-wsdc.static-ha.uat1.clientqm.trusted.stg.com.au" portNumber="1414" connectionChannel="IBNK.CLIENTS.TLS" useRFH2="False"
		sslType="SPECIFIC" sslConfiguration="mqSSLConfig" cipherSuite="SSL_RSA_WITH_AES_256_CBC_SHA256" />
		<connectionFactory type="QCF" name="ibankPDFReqRespQCF" jndiName="jms/ibankPDFReqRespQCF" j2cAuthenticationAlias="compassIBankMqAlias" j2cComponentManagedAuthenticationAlias="compassIBankMqAlias" />
		<queue name="IbankPdfStatementListnerRequestQueue" jndiName="jms/IbankPdfStatementListnerRequestQueue" queueName="CMP.QA.IBNKSRV.IBNK.REQUEST.UAT1" useRFH2="False"/>
		<queue name="IbankPdfStatementListnerReplyQueue" jndiName="jms/IbankPdfStatementListnerReplyQueue" queueName="CMP.QA.IBNK.IBNKSRV.REPLY.UAT1" useRFH2="False"/>
	</webSphereMQ>

	<webSphereMQ>
        <queueManager name="MQCLNTD1" transport="Client" serverName="mqtest.stgeorge.com.au" portNumber="1421" connectionChannel="CLIENTS_COMPASS.CH" useRFH2="False"/>
		<connectionFactory type="QCF" name="IBankListenerQCF" jndiName="jms/IbankListenerQCF" j2cAuthenticationAlias=""/>
		<queue name="IBankListenerRequestQueue" jndiName="jms/IbankListenerRequestQueue" queueName="DEV2.EVSRV.MQSI.INPUT" useRFH2="False"/>
		<activationSpecification name="IBankListenerMDBBean" jndiName="eis/IBankListenerMDBBean" destinationJndiName="jms/IbankListenerRequestQueue" j2cAuthenticationAlias=""/>
	</webSphereMQ>

    <csiOutbound/>
    <csiInbound/>
	
	<webContainer enableServletCaching="true"  enableHostHeaderPort="false">
		<threadPool minimumSize="20" maximumSize="90" inactivityTimeout="5000"/>
	</webContainer>

	<!--<systemProperty name="appdynamics.agent.tierName" value="desktop"/>
	<systemProperty name="appdynamics.agent.nodeName" value="desktop_${NEST_DATA_IP}"/>
	<systemProperty name="appdynamics.agent.applicationName" value="CompassUAT"/>
	<systemProperty name="appdynamics.controller.hostName" value="appd-test-controller.thewestpacgroup.com.au"/>
	<systemProperty name="appdynamics.controller.port" value="8181"/>
	<systemProperty name="appdynamics.agent.accountAccessKey" value="bc8667ff-609b-4b70-a93e-4217298af6fc"/>
	<systemProperty name="appdynamics.controller.ssl.enabled" value="true"/> -->
	<systemProperty name="appdynamics.agent.tierName" value="desktop"/>
	<systemProperty name="appdynamics.agent.nodeName" value="desktop_${NEST_DATA_IP}"/>
	<systemProperty name="appdynamics.agent.applicationName" value="Compass-A00304-UAT"/>
	<systemProperty name="appdynamics.controller.hostName" value="controller.test.appd-saas.srv.westpac.com.au"/>
	<systemProperty name="appdynamics.controller.port" value="443"/>
	<systemProperty name="appdynamics.agent.accountAccessKey" value="cda2f43d-7b06-44f7-8fef-b7af03e441c4"/>
	<systemProperty name="appdynamics.controller.ssl.enabled" value="true"/>
	<systemProperty name="appdynamics.agent.accountName" value="westpacbankingcorp-test"/>


</sparrowServer>